timestamp_ms,raw_rms,db_rms,onset_rate,db_spice
500,0.000005,-105.332995,0.000000,0.000000
1000,0.000005,-106.730016,0.000000,0.000000
1500,0.000005,-105.284282,0.000000,0.000000
2000,0.000006,-105.182588,0.000000,0.000000
2500,0.000004,-107.352291,0.000000,0.000000
3000,0.000005,-105.447919,0.000000,0.000000
3500,0.000006,-104.681115,0.000000,0.000000
4000,0.000005,-106.224822,0.000000,0.000000
4500,0.000004,-107.210352,0.000000,0.000000
5000,0.000004,-107.806628,0.000000,0.000000
5500,0.000004,-107.320135,0.000000,0.000000
6000,0.000011,-99.512985,2.000000,0.000000
6500,0.000021,-93.432246,0.000000,0.000000
7000,0.000007,-103.376307,0.000000,0.000000
7500,0.000062,-84.201971,0.000000,0.000000
8000,0.000021,-93.561636,0.000000,0.000000
8500,0.000006,-104.926406,0.000000,0.000000
9000,0.000006,-104.844083,0.000000,0.000000
9500,0.000005,-106.876465,0.000000,0.000000
10000,0.000005,-105.732825,0.000000,0.000000
10500,0.000006,-105.088521,0.000000,0.000000
11000,0.000005,-106.884378,0.000000,0.000000
11500,0.000004,-107.229916,0.000000,0.000000
12000,0.000004,-107.886300,0.000000,0.000000
12500,0.000005,-105.636521,0.000000,0.000000
13000,0.000004,-108.142627,0.000000,0.000000
13500,0.000004,-108.133360,0.000000,0.000000
14000,0.000004,-108.413949,0.000000,0.000000
14500,0.000007,-102.873118,0.000000,0.000000
15000,0.000007,-102.538636,0.000000,0.000000
15500,0.000006,-104.817065,0.000000,0.000000
16000,0.000005,-106.752357,0.000000,0.000000
16500,0.000004,-107.650691,0.000000,0.000000
17000,0.000004,-107.771682,0.000000,0.000000
17500,0.000004,-108.821080,0.000000,0.000000
18000,0.000004,-107.933277,0.000000,0.000000
18500,0.000004,-108.415617,0.000000,0.000000
19000,0.000005,-105.640383,0.000000,0.000000
19500,0.000008,-102.365485,0.000000,0.000000
20000,0.000008,-101.979413,0.000000,0.000000
20500,0.000012,-98.170235,0.000000,0.000000
21000,0.000029,-90.783108,0.000000,0.000000
21500,0.000013,-97.964781,0.000000,0.000000
22000,0.000005,-106.574386,0.000000,0.000000
22500,0.000005,-106.726717,0.000000,0.000000
23000,0.000004,-108.015997,0.000000,0.000000
23500,0.000004,-108.105365,0.000000,0.000000
24000,0.000005,-106.291578,0.000000,0.000000
24500,0.000004,-107.393977,0.000000,0.000000
25000,0.000004,-108.097364,0.000000,0.000000
25500,0.000006,-104.988011,0.000000,0.000000
26000,0.000005,-105.322267,0.000000,0.000000
26500,0.000005,-105.870688,0.000000,0.000000
27000,0.000027,-91.437651,0.000000,0.000000
27500,0.000030,-90.544027,0.000000,0.000000
28000,0.000020,-94.178133,0.000000,0.000000
28500,0.000025,-92.010629,0.000000,0.000000
29000,0.000028,-91.004768,0.000000,0.000000
29500,0.000045,-86.971828,0.000000,0.000000
30000,0.000024,-92.270981,0.000000,0.000000
30500,0.000074,-82.610633,0.000000,0.000000
31000,0.000021,-93.461116,0.000000,0.000000
31500,0.000043,-87.243733,0.000000,0.000000
32000,0.000024,-92.440123,0.000000,0.000000
32500,0.000013,-97.964865,0.000000,0.000000
33000,0.000008,-101.917801,0.000000,0.000000
33500,0.000005,-106.703364,0.000000,0.000000
34000,0.000004,-108.393079,0.000000,0.000000
34500,0.000004,-108.970155,0.000000,0.000000
35000,0.000006,-105.136560,0.000000,0.000000
35500,0.000005,-105.846442,0.000000,0.000000
36000,0.000011,-98.957849,0.000000,0.000000
36500,0.000013,-97.470335,0.000000,0.000000
37000,0.000047,-86.646793,0.000000,0.000000
37500,0.000016,-95.818092,0.000000,0.000000
38000,0.000005,-106.527195,0.000000,0.000000
38500,0.000006,-104.620797,0.000000,0.000000
39000,0.000004,-107.513979,0.000000,0.000000
39500,0.000004,-107.849909,0.000000,0.000000
40000,0.000004,-107.535653,0.000000,0.000000
40500,0.000004,-108.336945,0.000000,0.000000
41000,0.000004,-108.380713,0.000000,0.000000
41500,0.000004,-107.270830,0.000000,0.000000
42000,0.000004,-107.967226,0.000000,0.000000
42500,0.000004,-107.667245,0.000000,0.000000
43000,0.000005,-106.477964,0.000000,0.000000
43500,0.000004,-107.552196,0.000000,0.000000
44000,0.000004,-107.543114,0.000000,0.000000
44500,0.000004,-108.475753,0.000000,0.000000
45000,0.000004,-108.741173,0.000000,0.000000
45500,0.000004,-108.750805,0.000000,0.000000
46000,0.000004,-107.124446,0.000000,0.000000
46500,0.000005,-105.500744,0.000000,0.000000
47000,0.000005,-106.119080,0.000000,0.000000
47500,0.000004,-107.136762,0.000000,0.000000
48000,0.000005,-106.065084,0.000000,0.000000
48500,0.000004,-107.713074,0.000000,0.000000
49000,0.000004,-108.185460,0.000000,0.000000
49500,0.000004,-107.958771,0.000000,0.000000
50000,0.000004,-108.337224,0.000000,0.000000
50500,0.000004,-108.350582,0.000000,0.000000
51000,0.000004,-108.410316,0.000000,0.000000
51500,0.000004,-107.478461,0.000000,0.000000
52000,0.000005,-106.377007,0.000000,0.000000
52500,0.000006,-104.400265,0.000000,0.000000
53000,0.000010,-100.352000,0.000000,0.000000
53500,0.000007,-103.231315,0.000000,0.000000
54000,0.000004,-107.587756,0.000000,0.000000
54500,0.000004,-108.204171,0.000000,0.000000
55000,0.000004,-108.305433,0.000000,0.000000
55500,0.000004,-108.328477,0.000000,0.000000
56000,0.000004,-108.346805,0.000000,0.000000
56500,0.000005,-105.589699,0.000000,0.000000
57000,0.000004,-108.142022,0.000000,0.000000
57500,0.000004,-108.786258,0.000000,0.000000
58000,0.000004,-108.483688,0.000000,0.000000
58500,0.000004,-107.812864,0.000000,0.000000
59000,0.000005,-105.649760,0.000000,0.000000
59500,0.000004,-108.451478,0.000000,0.000000
60000,0.000005,-106.177124,0.000000,0.000000
60500,0.000004,-106.945025,0.000000,0.000000
61000,0.000004,-107.895030,0.000000,0.000000
61500,0.000004,-108.287138,0.000000,0.000000
62000,0.000004,-108.002874,0.000000,0.000000
62500,0.000004,-108.507282,0.000000,0.000000
63000,0.000004,-107.997166,0.000000,0.000000
63500,0.000004,-108.668900,0.000000,0.000000
64000,0.000005,-105.980202,0.000000,0.000000
64500,0.000004,-107.776218,0.000000,0.000000
65000,0.000004,-108.539271,0.000000,0.000000
65500,0.000004,-108.683288,0.000000,0.000000
66000,0.000004,-108.182718,0.000000,0.000000
66500,0.000004,-107.220150,0.000000,0.000000
67000,0.000005,-106.386753,0.000000,0.000000
67500,0.000004,-108.441580,0.000000,0.000000
68000,0.000004,-108.386424,0.000000,0.000000
68500,0.000004,-108.653978,0.000000,0.000000
69000,0.000004,-108.142819,0.000000,0.000000
69500,0.000004,-108.445312,0.000000,0.000000
70000,0.000004,-108.255076,0.000000,0.000000
70500,0.000004,-108.323281,0.000000,0.000000
71000,0.000004,-107.289761,0.000000,0.000000
71500,0.000004,-107.420422,0.000000,0.000000
72000,0.000004,-107.831229,0.000000,0.000000
72500,0.000004,-107.582452,0.000000,0.000000
73000,0.000004,-108.144750,0.000000,0.000000
73500,0.000005,-106.068550,0.000000,0.000000
74000,0.000004,-108.428028,0.000000,0.000000
74500,0.000004,-108.804871,0.000000,0.000000
75000,0.000004,-109.004182,0.000000,0.000000
75500,0.000004,-108.439881,0.000000,0.000000
76000,0.000004,-108.001310,0.000000,0.000000
76500,0.000004,-108.315885,0.000000,0.000000
77000,0.000004,-108.060273,0.000000,0.000000
77500,0.000004,-108.487781,0.000000,0.000000
78000,0.000004,-108.071737,0.000000,0.000000
78500,0.000004,-108.220522,0.000000,0.000000
79000,0.000004,-108.475435,0.000000,0.000000
79500,0.000004,-108.110489,0.000000,0.000000
80000,0.000004,-107.841637,0.000000,0.000000
80500,0.000004,-107.905147,0.000000,0.000000
81000,0.000004,-107.785642,0.000000,0.000000
81500,0.000004,-107.387785,0.000000,0.000000
82000,0.000004,-108.246147,0.000000,0.000000
82500,0.000004,-107.085777,0.000000,0.000000
83000,0.000006,-104.857341,0.000000,0.000000
83500,0.000004,-106.944281,0.000000,0.000000
84000,0.000005,-106.241549,0.000000,0.000000
84500,0.000004,-108.161343,0.000000,0.000000
85000,0.000004,-107.418707,0.000000,0.000000
85500,0.000005,-106.775068,0.000000,0.000000
86000,0.000004,-107.395791,0.000000,0.000000
86500,0.000005,-106.819307,0.000000,0.000000
87000,0.000006,-103.914104,0.000000,0.000000
87500,0.000004,-108.868551,0.000000,0.000000
88000,0.000004,-108.244502,0.000000,0.000000
88500,0.000004,-108.447967,0.000000,0.000000
89000,0.000006,-105.167113,0.000000,0.000000
89500,0.000010,-99.968389,0.000000,0.000000
90000,0.000020,-93.817767,0.000000,0.000000
90500,0.000011,-99.071979,0.000000,0.000000
91000,0.000004,-107.953377,0.000000,0.000000
91500,0.000004,-108.475842,0.000000,0.000000
92000,0.000004,-108.250689,0.000000,0.000000
92500,0.000004,-108.693731,0.000000,0.000000
93000,0.000004,-108.550354,0.000000,0.000000
93500,0.000004,-108.989860,0.000000,0.000000
94000,0.000004,-108.180757,0.000000,0.000000
94500,0.000004,-108.870286,0.000000,0.000000
95000,0.000004,-107.690049,0.000000,0.000000
95500,0.000004,-108.066885,0.000000,0.000000
96000,0.000004,-108.148619,0.000000,0.000000
96500,0.000004,-108.195678,0.000000,0.000000
97000,0.000004,-107.457777,0.000000,0.000000
97500,0.000004,-108.435705,0.000000,0.000000
98000,0.000004,-108.845633,0.000000,0.000000
98500,0.000004,-107.710711,0.000000,0.000000
99000,0.000005,-106.687119,0.000000,0.000000
99500,0.000005,-106.592042,0.000000,0.000000
100000,0.000004,-107.580181,0.000000,0.000000
100500,0.000004,-107.379893,0.000000,0.000000
101000,0.000009,-101.290917,0.000000,0.000000
101500,0.000008,-101.557877,0.000000,0.000000
102000,0.000007,-102.629382,0.000000,0.000000
102500,0.000004,-107.964608,0.000000,0.000000
103000,0.000004,-107.612401,0.000000,0.000000
103500,0.000004,-107.018283,0.000000,0.000000
104000,0.000004,-107.094074,0.000000,0.000000
104500,0.000126,-78.016284,2.000000,0.000000
105000,0.000007,-103.482505,0.000000,0.000000
105500,0.000103,-79.756954,2.000000,0.000000
106000,0.000137,-77.242174,4.000000,0.000000
106500,0.000110,-79.133298,2.000000,0.000000
107000,0.000007,-102.966402,0.000000,0.000000
107500,0.000005,-105.341497,0.000000,0.000000
108000,0.000005,-106.615641,0.000000,0.000000
108500,0.000004,-107.294914,0.000000,0.000000
109000,0.000016,-95.840999,2.000000,0.000000
109500,0.000059,-84.635855,2.000000,0.000000
110000,0.000085,-81.372298,4.000000,0.000000
110500,0.000058,-84.789792,4.000000,0.000000
111000,0.000095,-80.451167,8.000000,0.000000
111500,0.000031,-90.113036,0.000000,0.000000
112000,0.000011,-98.928830,0.000000,0.000000
112500,0.000005,-105.260094,0.000000,0.000000
113000,0.000005,-106.401482,0.000000,0.000000
113500,0.000004,-108.235443,0.000000,0.000000
114000,0.000004,-108.294745,0.000000,0.000000
114500,0.000004,-108.387437,0.000000,0.000000
115000,0.000004,-107.650070,0.000000,0.000000
115500,0.000004,-106.952007,0.000000,0.000000
116000,0.000005,-106.882058,0.000000,0.000000
116500,0.000005,-106.865723,0.000000,0.000000
117000,0.000205,-73.752631,4.000000,0.049895
117500,0.000204,-73.826756,8.000000,0.046930
118000,0.000143,-76.922839,4.000000,0.000000
118500,0.000231,-72.718958,6.000000,0.091242
119000,0.000212,-73.456906,6.000000,0.061724
119500,0.000128,-77.879013,6.000000,0.000000
120000,0.000184,-74.707505,4.000000,0.011700
120500,0.000206,-73.723626,6.000000,0.051055
121000,0.000193,-74.305271,4.000000,0.027789
121500,0.000027,-91.400943,2.000000,0.000000
122000,0.000005,-106.631157,0.000000,0.000000
122500,0.000015,-96.734090,0.000000,0.000000
123000,0.000012,-98.510269,0.000000,0.000000
123500,0.000008,-101.577042,0.000000,0.000000
124000,0.000006,-105.154932,0.000000,0.000000
124500,0.000005,-105.217319,0.000000,0.000000
125000,0.000005,-106.035730,0.000000,0.000000
125500,0.000011,-99.416468,0.000000,0.000000
126000,0.000007,-102.598917,0.000000,0.000000
126500,0.000006,-104.208036,0.000000,0.000000
127000,0.000005,-105.755107,0.000000,0.000000
127500,0.000004,-106.987968,0.000000,0.000000
128000,0.000004,-107.512917,0.000000,0.000000
128500,0.000005,-105.574676,0.000000,0.000000
129000,0.000005,-106.688919,0.000000,0.000000
129500,0.000005,-106.309741,0.000000,0.000000
130000,0.000004,-107.493008,0.000000,0.000000
130500,0.000004,-108.109384,0.000000,0.000000
131000,0.000005,-105.600204,0.000000,0.000000
131500,0.000005,-106.035934,0.000000,0.000000
132000,0.000005,-105.940366,0.000000,0.000000
132500,0.000005,-106.545509,0.000000,0.000000
133000,0.000006,-104.635032,0.000000,0.000000
133500,0.000005,-106.053451,0.000000,0.000000
134000,0.000005,-106.899956,0.000000,0.000000
134500,0.000006,-104.601713,0.000000,0.000000
135000,0.000005,-105.265365,0.000000,0.000000
135500,0.000005,-106.223402,0.000000,0.000000
136000,0.000005,-106.499698,0.000000,0.000000
136500,0.000005,-106.743942,0.000000,0.000000
137000,0.000004,-107.618683,0.000000,0.000000
137500,0.000004,-108.025307,0.000000,0.000000
138000,0.000004,-108.366728,0.000000,0.000000
138500,0.000004,-107.765188,0.000000,0.000000
139000,0.000004,-107.498317,0.000000,0.000000
139500,0.000004,-108.198838,0.000000,0.000000
140000,0.000004,-108.285659,0.000000,0.000000
140500,0.000005,-106.367724,0.000000,0.000000
141000,0.000005,-106.641857,0.000000,0.000000
141500,0.000005,-106.076469,0.000000,0.000000
142000,0.000005,-106.304601,0.000000,0.000000
142500,0.000008,-101.448810,0.000000,0.000000
143000,0.000009,-101.180598,0.000000,0.000000
143500,0.000059,-84.652113,6.000000,0.000000
144000,0.000220,-73.142166,2.000000,0.074313
144500,0.000136,-77.338536,4.000000,0.000000
145000,0.000138,-77.232673,8.000000,0.000000
145500,0.000223,-73.038686,4.000000,0.078453
146000,0.000561,-65.023076,8.000000,0.399077
146500,0.000272,-71.310128,4.000000,0.147595
147000,0.000130,-77.721473,4.000000,0.000000
147500,0.000167,-75.526026,6.000000,0.000000
148000,0.000128,-77.841654,6.000000,0.000000
148500,0.000099,-80.116625,4.000000,0.000000
149000,0.000159,-75.971221,6.000000,0.000000
149500,0.000203,-73.840185,6.000000,0.046393
150000,0.000170,-75.383547,6.000000,0.000000
150500,0.000773,-62.231287,8.000000,0.510749
151000,0.001175,-58.596889,6.000000,0.656124
151500,0.000464,-66.669563,6.000000,0.333217
152000,0.000367,-68.703186,8.000000,0.251873
152500,0.000685,-63.282814,8.000000,0.468687
153000,0.000965,-60.310714,8.000000,0.587571
153500,0.000178,-74.979677,2.000000,0.000813
154000,0.000181,-74.862006,4.000000,0.005520
154500,0.000183,-74.756964,4.000000,0.009721
155000,0.000168,-75.507494,4.000000,0.000000
155500,0.000134,-77.425555,4.000000,0.000000
156000,0.000129,-77.813104,4.000000,0.000000
156500,0.000070,-83.074499,2.000000,0.000000
157000,0.000108,-79.296257,2.000000,0.000000
157500,0.000036,-88.905934,0.000000,0.000000
158000,0.000064,-83.851409,2.000000,0.000000
158500,0.000032,-89.982452,0.000000,0.000000
159000,0.000042,-87.482828,0.000000,0.000000
159500,0.000017,-95.475890,0.000000,0.000000
160000,0.000049,-86.250679,2.000000,0.000000
160500,0.000117,-78.600063,2.000000,0.000000
161000,0.000027,-91.523018,2.000000,0.000000
161500,0.000012,-98.086601,0.000000,0.000000
162000,0.000378,-68.458284,6.000000,0.261669
162500,0.000225,-72.965320,4.000000,0.081387
163000,0.000221,-73.130421,8.000000,0.074783
163500,0.000259,-71.748568,6.000000,0.130057
164000,0.000101,-79.882540,4.000000,0.000000
164500,0.000009,-100.805452,0.000000,0.000000
165000,0.000079,-82.086347,2.000000,0.000000
165500,0.000344,-69.267241,6.000000,0.229310
166000,0.000143,-76.872067,4.000000,0.000000
166500,0.000238,-72.456399,4.000000,0.101744
167000,0.000251,-71.999635,4.000000,0.120015
167500,0.000240,-72.406911,4.000000,0.103724
168000,0.000572,-64.855647,8.000000,0.405774
168500,0.000033,-89.600695,0.000000,0.000000
169000,0.000253,-71.940964,2.000000,0.122361
169500,0.000581,-64.711174,8.000000,0.411553
170000,0.000322,-69.853973,6.000000,0.205841
170500,0.000437,-67.182601,8.000000,0.312696
171000,0.000070,-83.119065,0.000000,0.000000
171500,0.000277,-71.164539,6.000000,0.153418
172000,0.000046,-86.835692,0.000000,0.000000
172500,0.000043,-87.280209,0.000000,0.000000
173000,0.000043,-87.321915,0.000000,0.000000
173500,0.000035,-89.045087,0.000000,0.000000
174000,0.000075,-82.548947,0.000000,0.000000
174500,0.000042,-87.545275,0.000000,0.000000
175000,0.000066,-83.611274,0.000000,0.000000
175500,0.000016,-96.095361,0.000000,0.000000
176000,0.000008,-101.828319,0.000000,0.000000
176500,0.000119,-78.522083,4.000000,0.000000
177000,0.000297,-70.541792,8.000000,0.178328
177500,0.000200,-73.989535,8.000000,0.040419
178000,0.000137,-77.292836,6.000000,0.000000
178500,0.000046,-86.671259,0.000000,0.000000
179000,0.000006,-105.180792,0.000000,0.000000
179500,0.000006,-103.843172,0.000000,0.000000
180000,0.000269,-71.417011,8.000000,0.143320
180500,0.000290,-70.747504,8.000000,0.170100
181000,0.000251,-71.990779,8.000000,0.120369
181500,0.000209,-73.577344,4.000000,0.056906
182000,0.000051,-85.897663,0.000000,0.000000
182500,0.000057,-84.816286,0.000000,0.000000
183000,0.000040,-88.049640,0.000000,0.000000
183500,0.000277,-71.153788,6.000000,0.153848
184000,0.000335,-69.490021,8.000000,0.220399
184500,0.000173,-75.251070,2.000000,0.000000
185000,0.000348,-69.172581,6.000000,0.233097
185500,0.000293,-70.655658,6.000000,0.173774
186000,0.000346,-69.223695,4.000000,0.231052
186500,0.000396,-68.036009,6.000000,0.278560
187000,0.000258,-71.768437,4.000000,0.129263
187500,0.000378,-68.444219,8.000000,0.262231
188000,0.000227,-72.882728,6.000000,0.084691
188500,0.000049,-86.281444,0.000000,0.000000
189000,0.000453,-66.883151,8.000000,0.324674
189500,0.000377,-68.475876,8.000000,0.260965
190000,0.000273,-71.266699,4.000000,0.149332
190500,0.000271,-71.329003,6.000000,0.146840
191000,0.000268,-71.452930,4.000000,0.141883
191500,0.000309,-70.208774,8.000000,0.191649
192000,0.000227,-72.877322,4.000000,0.084907
192500,0.000282,-70.987986,8.000000,0.160481
193000,0.000041,-87.825962,0.000000,0.000000
193500,0.000400,-67.964822,6.000000,0.281407
194000,0.000226,-72.925544,6.000000,0.082978
194500,0.000329,-69.652905,6.000000,0.213884
195000,0.000222,-73.083106,6.000000,0.076676
195500,0.000252,-71.971038,6.000000,0.121158
196000,0.000251,-72.013815,4.000000,0.119447
196500,0.000031,-90.101341,0.000000,0.000000
197000,0.000170,-75.395335,4.000000,0.000000
197500,0.000331,-69.598086,6.000000,0.216077
198000,0.000126,-77.965307,2.000000,0.000000
198500,0.000050,-85.935985,0.000000,0.000000
199000,0.000060,-84.365105,0.000000,0.000000
199500,0.000030,-90.367454,0.000000,0.000000
200000,0.000018,-95.068286,0.000000,0.000000
200500,0.000025,-92.064119,0.000000,0.000000
201000,0.000007,-103.471374,0.000000,0.000000
201500,0.000029,-90.899077,0.000000,0.000000
202000,0.000037,-88.644015,0.000000,0.000000
202500,0.000017,-95.545811,0.000000,0.000000
203000,0.000009,-101.022414,0.000000,0.000000
203500,0.000230,-72.754411,4.000000,0.089824
204000,0.000269,-71.408066,6.000000,0.143677
204500,0.000282,-71.006032,6.000000,0.159759
205000,0.000171,-75.320507,6.000000,0.000000
205500,0.000250,-72.055019,6.000000,0.117799
206000,0.000137,-77.264553,6.000000,0.000000
206500,0.000189,-74.486230,2.000000,0.020551
207000,0.000029,-90.604428,0.000000,0.000000
207500,0.000028,-90.985023,0.000000,0.000000
208000,0.000104,-79.628357,2.000000,0.000000
208500,0.000242,-72.308460,2.000000,0.107662
209000,0.000338,-69.414566,8.000000,0.223417
209500,0.000171,-75.337069,4.000000,0.000000
210000,0.000039,-88.232931,0.000000,0.000000
210500,0.000035,-89.108625,0.000000,0.000000
211000,0.000076,-82.395146,2.000000,0.000000
211500,0.000079,-82.079544,0.000000,0.000000
212000,0.000030,-90.451097,0.000000,0.000000
212500,0.000007,-102.932035,0.000000,0.000000
213000,0.000006,-105.155161,0.000000,0.000000
213500,0.000004,-107.527188,0.000000,0.000000
214000,0.000004,-106.994011,0.000000,0.000000
214500,0.000004,-108.417454,0.000000,0.000000
215000,0.000004,-108.473178,0.000000,0.000000
215500,0.000004,-109.110391,0.000000,0.000000
216000,0.000004,-108.625136,0.000000,0.000000
216500,0.000004,-107.894341,0.000000,0.000000
217000,0.000004,-108.463008,0.000000,0.000000
217500,0.000004,-108.636573,0.000000,0.000000
218000,0.000004,-108.756293,0.000000,0.000000
218500,0.000003,-109.152783,0.000000,0.000000
219000,0.000003,-109.404387,0.000000,0.000000
219500,0.000004,-108.656258,0.000000,0.000000
220000,0.000003,-109.141915,0.000000,0.000000
220500,0.000004,-108.787634,0.000000,0.000000
221000,0.000004,-108.444005,0.000000,0.000000
221500,0.000003,-109.213588,0.000000,0.000000
222000,0.000004,-108.671211,0.000000,0.000000
222500,0.000003,-109.351736,0.000000,0.000000
223000,0.000004,-108.574442,0.000000,0.000000
223500,0.000004,-107.860723,0.000000,0.000000
224000,0.000004,-108.382757,0.000000,0.000000
224500,0.000004,-109.078325,0.000000,0.000000
225000,0.000004,-108.867485,0.000000,0.000000
225500,0.000004,-108.772367,0.000000,0.000000
226000,0.000003,-109.144059,0.000000,0.000000
226500,0.000003,-109.255790,0.000000,0.000000
227000,0.000004,-108.939434,0.000000,0.000000
227500,0.000004,-108.202795,0.000000,0.000000
228000,0.000004,-107.848341,0.000000,0.000000
228500,0.000003,-109.228255,0.000000,0.000000
229000,0.000004,-108.891790,0.000000,0.000000
229500,0.000004,-108.401621,0.000000,0.000000
230000,0.000004,-108.843000,0.000000,0.000000
230500,0.000004,-107.510023,0.000000,0.000000
231000,0.000004,-108.597419,0.000000,0.000000
231500,0.000005,-105.989222,0.000000,0.000000
232000,0.000005,-106.827918,0.000000,0.000000
232500,0.000006,-105.109357,0.000000,0.000000
233000,0.000005,-105.454224,0.000000,0.000000
233500,0.000005,-105.961077,0.000000,0.000000
234000,0.000005,-106.345017,0.000000,0.000000
234500,0.000004,-107.000059,0.000000,0.000000
235000,0.000005,-106.476685,0.000000,0.000000
235500,0.000005,-106.893590,0.000000,0.000000
236000,0.000004,-107.608180,0.000000,0.000000
236500,0.000004,-107.294672,0.000000,0.000000
237000,0.000003,-109.435899,0.000000,0.000000
237500,0.000004,-107.892642,0.000000,0.000000
238000,0.000005,-106.817391,0.000000,0.000000
238500,0.000004,-108.943533,0.000000,0.000000
239000,0.000005,-106.062533,0.000000,0.000000
239500,0.000004,-107.321229,0.000000,0.000000
240000,0.000004,-107.301046,0.000000,0.000000
240500,0.000005,-105.675431,0.000000,0.000000
241000,0.000005,-105.440309,0.000000,0.000000
241500,0.000004,-107.118981,0.000000,0.000000
242000,0.000004,-107.782379,0.000000,0.000000
242500,0.000005,-106.138174,0.000000,0.000000
243000,0.000012,-98.367231,0.000000,0.000000
243500,0.000024,-92.326825,0.000000,0.000000
244000,0.000005,-106.325874,0.000000,0.000000
244500,0.000004,-107.679202,0.000000,0.000000
245000,0.000004,-107.780894,0.000000,0.000000
245500,0.000004,-107.548178,0.000000,0.000000
246000,0.000005,-105.810760,0.000000,0.000000
246500,0.000005,-106.080788,0.000000,0.000000
247000,0.000005,-105.642673,0.000000,0.000000
247500,0.000005,-106.746948,0.000000,0.000000
248000,0.000004,-107.507466,0.000000,0.000000
248500,0.000004,-107.257987,0.000000,0.000000
249000,0.000006,-104.562669,0.000000,0.000000
249500,0.000004,-107.017827,0.000000,0.000000
250000,0.000004,-107.747309,0.000000,0.000000
250500,0.000004,-107.002037,0.000000,0.000000
251000,0.000004,-107.469560,0.000000,0.000000
251500,0.000004,-107.868146,0.000000,0.000000
252000,0.000004,-107.301989,0.000000,0.000000
252500,0.000005,-106.857489,0.000000,0.000000
253000,0.000004,-107.546954,0.000000,0.000000
253500,0.000006,-105.006605,0.000000,0.000000
254000,0.000006,-104.389419,0.000000,0.000000
254500,0.000004,-107.167854,0.000000,0.000000
255000,0.000005,-106.222041,0.000000,0.000000
255500,0.000006,-103.856778,0.000000,0.000000
256000,0.000007,-103.077312,0.000000,0.000000
256500,0.000007,-103.670880,0.000000,0.000000
257000,0.000007,-103.075500,0.000000,0.000000
257500,0.000011,-99.246288,0.000000,0.000000
258000,0.000006,-103.948535,0.000000,0.000000
258500,0.000005,-105.685441,0.000000,0.000000
259000,0.000005,-105.996854,0.000000,0.000000
259500,0.000005,-106.512833,0.000000,0.000000
260000,0.000010,-99.885589,0.000000,0.000000
260500,0.000006,-103.870254,0.000000,0.000000
261000,0.000006,-104.265248,0.000000,0.000000
261500,0.000006,-105.019967,0.000000,0.000000
262000,0.000005,-105.918657,0.000000,0.000000
262500,0.000004,-109.002752,0.000000,0.000000
263000,0.000005,-106.630598,0.000000,0.000000
263500,0.000005,-106.405565,0.000000,0.000000
264000,0.000004,-106.995988,0.000000,0.000000
264500,0.000003,-109.136756,0.000000,0.000000
265000,0.000004,-107.634472,0.000000,0.000000
265500,0.000005,-106.633308,0.000000,0.000000
266000,0.000013,-97.588798,0.000000,0.000000
266500,0.000010,-100.443684,0.000000,0.000000
267000,0.000005,-106.519566,0.000000,0.000000
267500,0.000005,-106.034050,0.000000,0.000000
268000,0.000004,-107.370821,0.000000,0.000000
268500,0.000004,-108.099708,0.000000,0.000000
269000,0.000004,-108.986627,0.000000,0.000000
269500,0.000004,-108.491908,0.000000,0.000000
270000,0.000004,-107.351759,0.000000,0.000000
270500,0.000006,-105.066925,0.000000,0.000000
271000,0.000006,-104.383756,0.000000,0.000000
271500,0.000005,-106.366107,0.000000,0.000000
272000,0.000004,-107.174711,0.000000,0.000000
272500,0.000008,-102.008547,0.000000,0.000000
273000,0.000008,-102.097521,0.000000,0.000000
273500,0.000005,-106.014260,0.000000,0.000000
274000,0.000009,-100.727465,0.000000,0.000000
274500,0.000008,-102.014679,0.000000,0.000000
275000,0.000004,-107.122749,0.000000,0.000000
275500,0.000012,-98.164494,0.000000,0.000000
276000,0.000010,-100.365548,0.000000,0.000000
276500,0.000014,-97.284916,0.000000,0.000000
277000,0.000010,-100.416144,0.000000,0.000000
277500,0.000012,-98.636570,0.000000,0.000000
278000,0.000007,-103.138977,0.000000,0.000000
278500,0.000006,-104.638217,0.000000,0.000000
279000,0.000004,-108.325514,0.000000,0.000000
279500,0.000004,-108.751207,0.000000,0.000000
280000,0.000004,-109.059777,0.000000,0.000000
280500,0.000015,-96.566979,0.000000,0.000000
281000,0.000010,-100.345216,0.000000,0.000000
281500,0.000004,-108.421236,0.000000,0.000000
282000,0.000004,-108.858954,0.000000,0.000000
282500,0.000004,-107.304319,0.000000,0.000000
283000,0.000007,-103.476677,0.000000,0.000000
283500,0.000004,-107.544282,0.000000,0.000000
284000,0.000006,-104.219330,0.000000,0.000000
284500,0.000006,-104.202406,0.000000,0.000000
285000,0.000005,-105.464088,0.000000,0.000000
285500,0.000004,-107.693601,0.000000,0.000000
286000,0.000004,-108.452345,0.000000,0.000000
286500,0.000005,-106.743674,0.000000,0.000000
287000,0.000005,-106.858859,0.000000,0.000000
287500,0.000004,-108.162673,0.000000,0.000000
288000,0.000004,-109.034805,0.000000,0.000000
288500,0.000004,-107.572643,0.000000,0.000000
289000,0.000004,-107.060711,0.000000,0.000000
289500,0.000004,-107.110528,0.000000,0.000000
290000,0.000004,-107.308020,0.000000,0.000000
290500,0.000004,-107.225979,0.000000,0.000000
291000,0.000004,-108.301480,0.000000,0.000000
291500,0.000004,-107.449028,0.000000,0.000000
292000,0.000005,-105.687002,0.000000,0.000000
292500,0.000004,-107.514370,0.000000,0.000000
293000,0.000004,-107.949897,0.000000,0.000000
293500,0.000004,-108.456781,0.000000,0.000000
294000,0.000005,-106.040013,0.000000,0.000000
294500,0.000007,-103.508450,0.000000,0.000000
295000,0.000005,-105.700230,0.000000,0.000000
295500,0.000003,-109.213991,0.000000,0.000000
296000,0.000004,-107.576082,0.000000,0.000000
296500,0.000006,-105.092798,0.000000,0.000000
297000,0.000005,-105.435480,0.000000,0.000000
297500,0.000005,-105.875870,0.000000,0.000000
298000,0.000004,-106.945604,0.000000,0.000000
298500,0.000005,-106.238407,0.000000,0.000000
299000,0.000005,-105.332572,0.000000,0.000000
299500,0.000006,-104.724450,0.000000,0.000000
300000,0.000005,-105.919047,0.000000,0.000000
300500,0.000004,-107.899012,0.000000,0.000000
301000,0.000004,-107.097053,0.000000,0.000000
301500,0.000004,-108.471090,0.000000,0.000000
302000,0.000004,-108.263033,0.000000,0.000000
302500,0.000004,-108.728883,0.000000,0.000000
303000,0.000005,-106.779481,0.000000,0.000000
303500,0.000005,-106.690366,0.000000,0.000000
304000,0.000004,-107.316178,0.000000,0.000000
304500,0.000005,-106.459491,0.000000,0.000000
305000,0.000008,-101.717036,0.000000,0.000000
305500,0.000011,-99.572053,0.000000,0.000000
306000,0.000005,-106.190941,0.000000,0.000000
306500,0.000004,-107.598728,0.000000,0.000000
307000,0.000004,-107.472089,0.000000,0.000000
307500,0.000004,-107.161472,0.000000,0.000000
308000,0.000004,-108.155849,0.000000,0.000000
308500,0.000005,-106.587776,0.000000,0.000000
309000,0.000004,-107.722553,0.000000,0.000000
309500,0.000004,-107.758949,0.000000,0.000000
310000,0.000005,-106.584392,0.000000,0.000000
310500,0.000005,-105.398467,0.000000,0.000000
311000,0.000006,-104.386026,0.000000,0.000000
311500,0.000006,-104.711444,0.000000,0.000000
312000,0.000006,-103.969492,0.000000,0.000000
312500,0.000004,-106.962366,0.000000,0.000000
313000,0.000005,-106.151848,0.000000,0.000000
313500,0.000006,-104.002210,0.000000,0.000000
314000,0.000006,-104.061987,0.000000,0.000000
314500,0.000005,-105.872525,0.000000,0.000000
315000,0.000005,-106.603665,0.000000,0.000000
315500,0.000004,-107.435988,0.000000,0.000000
316000,0.000004,-107.209244,0.000000,0.000000
316500,0.000005,-106.745972,0.000000,0.000000
317000,0.000004,-107.236669,0.000000,0.000000
317500,0.000016,-95.982392,0.000000,0.000000
318000,0.000018,-94.705316,0.000000,0.000000
318500,0.000023,-92.721053,0.000000,0.000000
319000,0.000022,-93.304390,0.000000,0.000000
319500,0.000027,-91.366150,0.000000,0.000000
320000,0.000046,-86.696135,0.000000,0.000000
320500,0.000012,-98.636304,0.000000,0.000000
321000,0.000007,-103.613170,0.000000,0.000000
321500,0.000018,-95.127247,0.000000,0.000000
322000,0.000013,-97.579621,0.000000,0.000000
322500,0.000008,-101.593104,0.000000,0.000000
323000,0.000008,-101.676205,0.000000,0.000000
323500,0.000007,-103.313598,0.000000,0.000000
324000,0.000010,-100.322699,0.000000,0.000000
324500,0.000009,-100.456073,0.000000,0.000000
325000,0.000008,-101.978434,0.000000,0.000000
325500,0.000006,-104.019182,0.000000,0.000000
326000,0.000008,-101.584004,0.000000,0.000000
326500,0.000006,-103.827258,0.000000,0.000000
327000,0.000016,-95.735825,0.000000,0.000000
327500,0.000012,-98.728379,0.000000,0.000000
328000,0.000006,-103.866336,0.000000,0.000000
328500,0.000006,-104.840751,0.000000,0.000000
329000,0.000005,-105.598569,0.000000,0.000000
329500,0.000009,-100.979091,0.000000,0.000000
330000,0.000006,-104.749354,0.000000,0.000000
330500,0.000014,-97.140633,0.000000,0.000000
331000,0.000010,-99.817608,0.000000,0.000000
331500,0.000008,-101.612298,0.000000,0.000000
332000,0.000011,-99.238525,0.000000,0.000000
332500,0.000007,-102.974552,0.000000,0.000000
333000,0.000007,-103.533946,0.000000,0.000000
333500,0.000006,-104.819366,0.000000,0.000000
334000,0.000006,-104.867060,0.000000,0.000000
334500,0.000006,-104.629280,0.000000,0.000000
335000,0.000010,-100.217637,0.000000,0.000000
335500,0.000005,-105.879134,0.000000,0.000000
336000,0.000012,-98.371684,0.000000,0.000000
336500,0.000006,-104.549588,0.000000,0.000000
337000,0.000009,-100.522942,0.000000,0.000000
337500,0.000011,-98.983405,0.000000,0.000000
338000,0.000006,-104.830209,0.000000,0.000000
338500,0.000007,-103.007500,0.000000,0.000000
339000,0.000006,-104.144656,0.000000,0.000000
339500,0.000015,-96.593672,0.000000,0.000000
340000,0.000015,-96.623818,0.000000,0.000000
340500,0.000013,-97.636178,0.000000,0.000000
341000,0.000012,-98.303129,0.000000,0.000000
341500,0.000009,-100.942905,0.000000,0.000000
342000,0.000005,-106.046023,0.000000,0.000000
342500,0.000006,-105.098907,0.000000,0.000000
343000,0.000006,-103.969756,0.000000,0.000000
343500,0.000008,-102.463200,0.000000,0.000000
344000,0.000010,-100.212371,0.000000,0.000000
344500,0.000006,-104.343234,0.000000,0.000000
345000,0.000005,-106.625440,0.000000,0.000000
345500,0.000006,-104.728291,0.000000,0.000000
346000,0.000005,-106.503571,0.000000,0.000000
346500,0.000005,-105.531766,0.000000,0.000000
347000,0.000005,-105.282246,0.000000,0.000000
347500,0.000004,-108.308665,0.000000,0.000000
348000,0.000004,-108.783448,0.000000,0.000000
348500,0.000005,-106.887822,0.000000,0.000000
349000,0.000004,-107.071782,0.000000,0.000000
349500,0.000004,-108.687321,0.000000,0.000000
350000,0.000004,-108.394742,0.000000,0.000000
350500,0.000004,-107.719455,0.000000,0.000000
351000,0.000010,-100.231562,0.000000,0.000000
351500,0.000004,-106.990017,0.000000,0.000000
352000,0.000004,-108.601834,0.000000,0.000000
352500,0.000004,-108.901318,0.000000,0.000000
353000,0.000004,-108.291984,0.000000,0.000000
353500,0.000004,-107.653391,0.000000,0.000000
354000,0.000004,-107.911451,0.000000,0.000000
354500,0.000004,-108.072905,0.000000,0.000000
355000,0.000004,-107.914701,0.000000,0.000000
355500,0.000004,-107.529207,0.000000,0.000000
356000,0.000004,-108.216094,0.000000,0.000000
356500,0.000005,-106.653166,0.000000,0.000000
357000,0.000004,-108.089430,0.000000,0.000000
357500,0.000004,-107.632952,0.000000,0.000000
358000,0.000004,-107.445104,0.000000,0.000000
358500,0.000005,-105.500262,0.000000,0.000000
359000,0.000015,-96.436851,0.000000,0.000000
359500,0.000005,-106.673883,0.000000,0.000000
360000,0.000005,-105.759617,0.000000,0.000000
360500,0.000006,-104.800008,0.000000,0.000000
361000,0.000005,-106.331766,0.000000,0.000000
361500,0.000008,-101.877012,0.000000,0.000000
362000,0.000006,-104.864218,0.000000,0.000000
362500,0.000006,-104.390175,0.000000,0.000000
363000,0.000010,-100.393541,0.000000,0.000000
363500,0.000012,-98.729037,0.000000,0.000000
364000,0.000008,-101.650220,0.000000,0.000000
364500,0.000006,-105.118189,0.000000,0.000000
365000,0.000013,-97.675426,0.000000,0.000000
365500,0.000008,-101.685897,0.000000,0.000000
366000,0.000022,-93.194193,0.000000,0.000000
366500,0.000015,-96.498343,0.000000,0.000000
367000,0.000015,-96.765403,0.000000,0.000000
367500,0.000048,-86.299601,0.000000,0.000000
368000,0.000107,-79.414102,4.000000,0.000000
368500,0.000065,-83.759672,0.000000,0.000000
369000,0.000007,-102.988805,0.000000,0.000000
369500,0.000016,-95.768178,0.000000,0.000000
370000,0.000012,-98.170746,0.000000,0.000000
370500,0.000060,-84.479311,0.000000,0.000000
371000,0.000054,-85.279876,2.000000,0.000000
371500,0.000176,-75.083861,2.000000,0.000000
372000,0.000066,-83.558624,0.000000,0.000000
372500,0.000005,-106.450186,0.000000,0.000000
373000,0.000010,-100.183691,0.000000,0.000000
373500,0.000055,-85.151617,2.000000,0.000000
374000,0.000247,-72.162019,6.000000,0.113519
374500,0.000148,-76.569407,2.000000,0.000000
375000,0.000153,-76.308293,4.000000,0.000000
375500,0.000030,-90.416772,0.000000,0.000000
376000,0.000067,-83.480650,2.000000,0.000000
376500,0.000281,-71.020393,6.000000,0.159184
377000,0.000509,-65.860820,8.000000,0.365567
377500,0.000230,-72.781217,2.000000,0.088751
378000,0.000115,-78.765312,6.000000,0.000000
378500,0.000096,-80.365525,2.000000,0.000000
379000,0.000136,-77.344158,2.000000,0.000000
379500,0.000142,-76.927052,4.000000,0.000000
380000,0.000070,-83.159851,0.000000,0.000000
380500,0.000043,-87.239626,2.000000,0.000000
381000,0.000241,-72.347609,4.000000,0.106096
381500,0.000476,-66.456191,8.000000,0.341752
382000,0.000604,-64.376265,4.000000,0.424949
382500,0.000973,-60.238900,6.000000,0.590444
383000,0.001504,-56.455962,10.000000,0.741762
383500,0.001091,-59.241356,8.000000,0.630346
384000,0.000829,-61.632899,6.000000,0.534684
384500,0.000049,-86.197436,0.000000,0.000000
385000,0.001199,-58.424401,8.000000,0.663024
385500,0.001461,-56.704319,8.000000,0.731827
386000,0.001155,-58.751328,8.000000,0.649947
386500,0.000424,-67.459212,6.000000,0.301632
387000,0.000511,-65.830821,6.000000,0.366767
387500,0.000559,-65.058776,4.000000,0.397649
388000,0.000667,-63.513688,4.000000,0.459452
388500,0.000377,-68.462319,6.000000,0.261507
389000,0.000134,-77.441402,4.000000,0.000000
389500,0.000700,-63.095187,6.000000,0.476193
390000,0.000345,-69.254359,4.000000,0.229826
390500,0.000377,-68.471480,4.000000,0.261141
391000,0.000293,-70.650839,6.000000,0.173966
391500,0.000427,-67.397758,6.000000,0.304090
392000,0.000326,-69.738230,4.000000,0.210471
392500,0.000294,-70.628470,6.000000,0.174861
393000,0.000106,-79.488105,2.000000,0.000000
393500,0.000063,-83.962267,0.000000,0.000000
394000,0.000137,-77.234523,2.000000,0.000000
394500,0.000073,-82.690470,2.000000,0.000000
395000,0.000134,-77.451590,6.000000,0.000000
395500,0.000091,-80.777371,2.000000,0.000000
396000,0.000093,-80.636763,4.000000,0.000000
396500,0.000059,-84.526642,0.000000,0.000000
397000,0.000017,-95.527351,0.000000,0.000000
397500,0.000039,-88.253464,0.000000,0.000000
398000,0.000007,-102.633462,0.000000,0.000000
398500,0.000024,-92.375627,0.000000,0.000000
399000,0.000026,-91.586679,0.000000,0.000000
399500,0.000011,-99.009676,0.000000,0.000000
400000,0.000018,-94.902548,0.000000,0.000000
400500,0.000039,-88.268756,0.000000,0.000000
401000,0.000057,-84.837124,0.000000,0.000000
401500,0.000015,-96.699568,0.000000,0.000000
402000,0.000006,-104.827249,0.000000,0.000000
402500,0.000005,-106.752683,0.000000,0.000000
403000,0.000005,-106.176423,0.000000,0.000000
403500,0.000026,-91.616054,0.000000,0.000000
404000,0.000024,-92.556069,0.000000,0.000000
404500,0.000010,-99.789056,0.000000,0.000000
405000,0.000007,-103.424951,0.000000,0.000000
405500,0.000005,-106.145937,0.000000,0.000000
406000,0.000006,-104.446515,0.000000,0.000000
406500,0.000005,-105.590486,0.000000,0.000000
407000,0.000008,-101.811341,0.000000,0.000000
407500,0.000006,-103.900063,0.000000,0.000000
408000,0.000006,-105.174323,0.000000,0.000000
408500,0.000005,-106.587380,0.000000,0.000000
409000,0.000005,-106.544226,0.000000,0.000000
409500,0.000005,-105.515363,0.000000,0.000000
410000,0.000005,-105.308925,0.000000,0.000000
410500,0.000004,-107.619578,0.000000,0.000000
411000,0.000005,-106.046854,0.000000,0.000000
411500,0.000005,-106.292519,0.000000,0.000000
412000,0.000005,-105.940612,0.000000,0.000000
412500,0.000005,-105.602812,0.000000,0.000000
413000,0.000004,-107.313940,0.000000,0.000000
413500,0.000004,-108.252005,0.000000,0.000000
414000,0.000005,-106.411476,0.000000,0.000000
414500,0.000005,-106.720013,0.000000,0.000000
415000,0.000005,-106.397745,0.000000,0.000000
415500,0.000004,-108.284117,0.000000,0.000000
416000,0.000006,-104.121619,0.000000,0.000000
416500,0.000006,-104.336306,0.000000,0.000000
417000,0.000005,-105.211190,0.000000,0.000000
417500,0.000005,-105.355156,0.000000,0.000000
418000,0.000006,-104.723056,0.000000,0.000000
418500,0.000006,-104.586635,0.000000,0.000000
419000,0.000006,-104.347152,0.000000,0.000000
419500,0.000005,-106.322070,0.000000,0.000000
420000,0.000005,-106.169629,0.000000,0.000000
420500,0.000004,-107.654925,0.000000,0.000000
421000,0.000005,-106.317585,0.000000,0.000000
421500,0.000004,-107.711491,0.000000,0.000000
422000,0.000004,-108.832399,0.000000,0.000000
422500,0.000004,-107.878283,0.000000,0.000000
423000,0.000004,-108.254846,0.000000,0.000000
423500,0.000005,-105.353969,0.000000,0.000000
424000,0.000005,-106.162925,0.000000,0.000000
424500,0.000006,-103.886372,0.000000,0.000000
425000,0.000005,-105.686471,0.000000,0.000000
425500,0.000009,-100.995633,0.000000,0.000000
426000,0.000010,-100.250402,0.000000,0.000000
426500,0.000008,-101.926657,0.000000,0.000000
427000,0.000007,-103.482872,0.000000,0.000000
427500,0.000007,-103.634709,0.000000,0.000000
428000,0.000005,-106.178827,0.000000,0.000000
428500,0.000006,-104.545589,0.000000,0.000000
429000,0.000005,-105.458839,0.000000,0.000000
429500,0.000008,-102.073641,0.000000,0.000000
430000,0.000024,-92.375141,0.000000,0.000000
430500,0.000016,-95.960050,0.000000,0.000000
431000,0.000010,-100.106440,0.000000,0.000000
431500,0.000012,-98.319836,0.000000,0.000000
432000,0.000017,-95.440322,0.000000,0.000000
432500,0.000015,-96.622934,0.000000,0.000000
433000,0.000012,-98.477301,0.000000,0.000000
433500,0.000014,-96.996826,0.000000,0.000000
434000,0.000013,-97.520430,0.000000,0.000000
434500,0.000015,-96.733654,0.000000,0.000000
435000,0.000006,-103.977406,0.000000,0.000000
435500,0.000010,-100.332632,0.000000,0.000000
436000,0.000009,-101.340779,0.000000,0.000000
436500,0.000006,-104.867808,0.000000,0.000000
437000,0.000005,-106.652319,0.000000,0.000000
437500,0.000013,-97.702426,0.000000,0.000000
438000,0.000013,-97.409032,0.000000,0.000000
438500,0.000005,-105.933810,0.000000,0.000000
439000,0.000004,-108.071754,0.000000,0.000000
439500,0.000004,-108.620395,0.000000,0.000000
440000,0.000004,-108.280232,0.000000,0.000000
440500,0.000005,-106.637083,0.000000,0.000000
441000,0.000005,-106.497965,0.000000,0.000000
441500,0.000004,-106.986891,0.000000,0.000000
442000,0.000005,-105.662303,0.000000,0.000000
442500,0.000005,-106.458044,0.000000,0.000000
443000,0.000008,-102.021797,0.000000,0.000000
443500,0.000006,-104.422098,0.000000,0.000000
444000,0.000006,-104.403834,0.000000,0.000000
444500,0.000005,-105.805362,0.000000,0.000000
445000,0.000007,-102.675732,0.000000,0.000000
445500,0.000005,-106.809824,0.000000,0.000000
446000,0.000005,-105.289232,0.000000,0.000000
446500,0.000004,-107.084853,0.000000,0.000000
447000,0.000006,-104.939939,0.000000,0.000000
447500,0.000004,-107.929496,0.000000,0.000000
448000,0.000006,-103.814760,0.000000,0.000000
448500,0.000004,-107.157564,0.000000,0.000000
449000,0.000011,-99.343503,0.000000,0.000000
449500,0.000009,-101.230193,0.000000,0.000000
450000,0.000006,-104.337047,0.000000,0.000000
450500,0.000004,-108.805667,0.000000,0.000000
451000,0.000006,-104.797840,0.000000,0.000000
451500,0.000010,-100.297884,0.000000,0.000000
452000,0.000006,-105.105571,0.000000,0.000000
452500,0.000005,-105.589896,0.000000,0.000000
453000,0.000006,-104.712514,0.000000,0.000000
453500,0.000005,-106.614027,0.000000,0.000000
454000,0.000004,-106.979466,0.000000,0.000000
454500,0.000004,-107.142270,0.000000,0.000000
455000,0.000006,-105.074727,0.000000,0.000000
455500,0.000004,-107.049570,0.000000,0.000000
456000,0.000004,-107.997322,0.000000,0.000000
456500,0.000004,-107.380810,0.000000,0.000000
457000,0.000005,-105.633357,0.000000,0.000000
457500,0.000005,-106.818208,0.000000,0.000000
458000,0.000005,-105.913167,0.000000,0.000000
458500,0.000006,-104.871502,0.000000,0.000000
459000,0.000004,-107.074496,0.000000,0.000000
459500,0.000004,-108.959902,0.000000,0.000000
460000,0.000004,-108.730264,0.000000,0.000000
460500,0.000004,-108.864290,0.000000,0.000000
461000,0.000004,-108.377626,0.000000,0.000000
461500,0.000004,-108.285282,0.000000,0.000000
462000,0.000004,-108.219922,0.000000,0.000000
462500,0.000004,-108.603824,0.000000,0.000000
463000,0.000004,-108.019844,0.000000,0.000000
463500,0.000004,-108.579347,0.000000,0.000000
464000,0.000004,-108.064348,0.000000,0.000000
464500,0.000004,-108.335213,0.000000,0.000000
465000,0.000004,-107.435165,0.000000,0.000000
465500,0.000004,-107.654792,0.000000,0.000000
466000,0.000005,-105.396066,0.000000,0.000000
466500,0.000005,-105.345586,0.000000,0.000000
467000,0.000004,-108.607571,0.000000,0.000000
467500,0.000005,-105.261761,0.000000,0.000000
468000,0.000005,-105.301224,0.000000,0.000000
468500,0.000004,-107.009214,0.000000,0.000000
469000,0.000005,-105.576943,0.000000,0.000000
469500,0.000005,-105.857730,0.000000,0.000000
470000,0.000004,-107.782962,0.000000,0.000000
470500,0.000004,-108.813873,0.000000,0.000000
471000,0.000004,-108.599148,0.000000,0.000000
471500,0.000005,-105.815789,0.000000,0.000000
472000,0.000004,-108.511399,0.000000,0.000000
472500,0.000004,-108.234740,0.000000,0.000000
473000,0.000004,-108.935898,0.000000,0.000000
473500,0.000005,-105.913109,0.000000,0.000000
474000,0.000005,-106.777746,0.000000,0.000000
474500,0.000005,-106.459692,0.000000,0.000000
475000,0.000004,-107.498559,0.000000,0.000000
475500,0.000008,-101.825674,0.000000,0.000000
476000,0.000005,-105.880734,0.000000,0.000000
476500,0.000007,-103.612108,0.000000,0.000000
477000,0.000006,-105.089841,0.000000,0.000000
477500,0.000006,-104.924962,0.000000,0.000000
478000,0.000007,-102.884662,0.000000,0.000000
478500,0.000006,-104.332637,0.000000,0.000000
479000,0.000004,-108.886790,0.000000,0.000000
479500,0.000005,-105.781553,0.000000,0.000000
480000,0.000007,-103.103118,0.000000,0.000000
480500,0.000006,-104.999732,0.000000,0.000000
481000,0.000005,-105.931517,0.000000,0.000000
481500,0.000005,-105.762825,0.000000,0.000000
482000,0.000005,-106.638622,0.000000,0.000000
482500,0.000004,-107.274580,0.000000,0.000000
483000,0.000008,-102.373516,0.000000,0.000000
483500,0.000008,-102.244220,0.000000,0.000000
484000,0.000009,-101.082548,0.000000,0.000000
484500,0.000007,-103.533117,0.000000,0.000000
485000,0.000007,-102.633366,0.000000,0.000000
485500,0.000006,-104.506963,0.000000,0.000000
486000,0.000005,-105.768278,0.000000,0.000000
486500,0.000004,-107.278702,0.000000,0.000000
487000,0.000011,-98.942815,0.000000,0.000000
487500,0.000018,-94.710851,0.000000,0.000000
488000,0.000009,-100.605282,0.000000,0.000000
488500,0.000007,-103.508050,0.000000,0.000000
489000,0.000005,-105.943011,0.000000,0.000000
489500,0.000004,-107.417258,0.000000,0.000000
490000,0.000005,-105.631637,0.000000,0.000000
490500,0.000004,-107.367581,0.000000,0.000000
491000,0.000005,-106.432797,0.000000,0.000000
491500,0.000004,-107.710864,0.000000,0.000000
492000,0.000004,-107.720312,0.000000,0.000000
492500,0.000004,-107.508836,0.000000,0.000000
493000,0.000014,-97.374296,0.000000,0.000000
493500,0.000013,-97.827999,0.000000,0.000000
494000,0.000006,-103.786489,0.000000,0.000000
494500,0.000005,-105.230006,0.000000,0.000000
495000,0.000005,-106.630243,0.000000,0.000000
495500,0.000004,-107.907708,0.000000,0.000000
496000,0.000004,-109.082727,0.000000,0.000000
496500,0.000004,-107.045808,0.000000,0.000000
497000,0.000004,-107.108043,0.000000,0.000000
497500,0.000005,-106.798845,0.000000,0.000000
498000,0.000004,-107.663926,0.000000,0.000000
498500,0.000004,-107.490180,0.000000,0.000000
499000,0.000004,-108.330331,0.000000,0.000000
499500,0.000004,-108.913459,0.000000,0.000000
500000,0.000004,-108.212017,0.000000,0.000000
500500,0.000004,-108.375816,0.000000,0.000000
501000,0.000007,-102.851096,0.000000,0.000000
501500,0.000012,-98.666627,0.000000,0.000000
502000,0.000004,-108.807462,0.000000,0.000000
502500,0.000004,-109.012925,0.000000,0.000000
503000,0.000003,-109.187287,0.000000,0.000000
503500,0.000005,-106.745356,0.000000,0.000000
504000,0.000004,-108.688969,0.000000,0.000000
504500,0.000004,-108.452794,0.000000,0.000000
505000,0.000004,-108.931449,0.000000,0.000000
505500,0.000004,-109.041789,0.000000,0.000000
506000,0.000004,-108.614231,0.000000,0.000000
506500,0.000003,-109.544868,0.000000,0.000000
507000,0.000004,-107.655875,0.000000,0.000000
507500,0.000004,-107.515398,0.000000,0.000000
508000,0.000005,-105.944894,0.000000,0.000000
508500,0.000005,-106.850366,0.000000,0.000000
509000,0.000005,-106.372258,0.000000,0.000000
509500,0.000004,-107.170870,0.000000,0.000000
510000,0.000004,-108.274151,0.000000,0.000000
510500,0.000004,-107.892281,0.000000,0.000000
511000,0.000004,-108.556303,0.000000,0.000000
511500,0.000005,-106.288158,0.000000,0.000000
512000,0.000004,-107.681017,0.000000,0.000000
512500,0.000004,-108.465116,0.000000,0.000000
513000,0.000004,-108.441776,0.000000,0.000000
513500,0.000004,-108.793954,0.000000,0.000000
514000,0.000005,-106.738340,0.000000,0.000000
514500,0.000005,-106.405488,0.000000,0.000000
515000,0.000004,-108.830911,0.000000,0.000000
515500,0.000004,-107.201974,0.000000,0.000000
516000,0.000004,-109.048784,0.000000,0.000000
516500,0.000003,-109.183291,0.000000,0.000000
517000,0.000004,-107.795388,0.000000,0.000000
517500,0.000004,-107.362482,0.000000,0.000000
518000,0.000004,-108.150100,0.000000,0.000000
518500,0.000003,-109.308754,0.000000,0.000000
519000,0.000004,-106.941931,0.000000,0.000000
519500,0.000008,-101.854744,0.000000,0.000000
520000,0.000005,-106.930064,0.000000,0.000000
520500,0.000006,-104.930804,0.000000,0.000000
521000,0.000005,-105.948760,0.000000,0.000000
521500,0.000004,-109.025214,0.000000,0.000000
522000,0.000004,-107.249474,0.000000,0.000000
522500,0.000004,-107.228267,0.000000,0.000000
523000,0.000004,-107.076246,0.000000,0.000000
523500,0.000005,-105.493465,0.000000,0.000000
524000,0.000004,-107.309443,0.000000,0.000000
524500,0.000005,-105.571257,0.000000,0.000000
525000,0.000005,-105.501152,0.000000,0.000000
525500,0.000005,-106.539098,0.000000,0.000000
526000,0.000009,-100.835072,0.000000,0.000000
526500,0.000021,-93.509482,0.000000,0.000000
527000,0.000008,-102.188796,0.000000,0.000000
527500,0.000007,-103.100298,0.000000,0.000000
528000,0.000006,-104.711011,0.000000,0.000000
528500,0.000008,-101.858700,0.000000,0.000000
529000,0.000006,-105.141301,0.000000,0.000000
529500,0.000018,-94.861979,0.000000,0.000000
530000,0.000024,-92.577292,0.000000,0.000000
530500,0.000008,-102.161868,0.000000,0.000000
531000,0.000015,-96.225503,0.000000,0.000000
531500,0.000018,-94.839616,0.000000,0.000000
532000,0.000011,-98.810441,0.000000,0.000000
532500,0.000011,-99.156555,0.000000,0.000000
533000,0.000010,-100.021848,0.000000,0.000000
533500,0.000009,-101.113863,0.000000,0.000000
534000,0.000013,-97.497340,0.000000,0.000000
534500,0.000006,-103.954030,0.000000,0.000000
535000,0.000008,-101.588553,0.000000,0.000000
535500,0.000009,-100.643065,0.000000,0.000000
536000,0.000006,-105.082053,0.000000,0.000000
536500,0.000004,-107.227268,0.000000,0.000000
537000,0.000015,-96.337638,0.000000,0.000000
537500,0.000017,-95.374977,0.000000,0.000000
538000,0.000016,-95.788393,0.000000,0.000000
538500,0.000015,-96.700863,0.000000,0.000000
539000,0.000011,-99.215273,0.000000,0.000000
539500,0.000005,-106.304958,0.000000,0.000000
540000,0.000015,-96.726213,0.000000,0.000000
540500,0.000011,-98.913063,0.000000,0.000000
541000,0.000008,-102.384984,0.000000,0.000000
541500,0.000007,-102.787689,0.000000,0.000000
542000,0.000008,-101.662231,0.000000,0.000000
542500,0.000007,-103.508298,0.000000,0.000000
543000,0.000007,-103.138767,0.000000,0.000000
543500,0.000010,-100.157255,0.000000,0.000000
544000,0.000010,-99.766522,0.000000,0.000000
544500,0.000011,-99.559631,0.000000,0.000000
545000,0.000016,-95.682975,0.000000,0.000000
545500,0.000012,-98.528193,0.000000,0.000000
546000,0.000013,-97.966762,0.000000,0.000000
546500,0.000016,-95.883125,0.000000,0.000000
547000,0.000016,-95.837762,0.000000,0.000000
547500,0.000017,-95.583742,0.000000,0.000000
548000,0.000017,-95.447044,0.000000,0.000000
548500,0.000014,-96.907090,0.000000,0.000000
549000,0.000013,-98.025729,0.000000,0.000000
549500,0.000018,-94.883021,0.000000,0.000000
550000,0.000014,-97.385564,0.000000,0.000000
550500,0.000015,-96.219985,0.000000,0.000000
551000,0.000015,-96.600902,0.000000,0.000000
551500,0.000012,-98.372358,0.000000,0.000000
552000,0.000019,-94.571985,0.000000,0.000000
552500,0.000013,-97.650308,0.000000,0.000000
553000,0.000013,-97.710371,0.000000,0.000000
553500,0.000010,-99.887357,0.000000,0.000000
554000,0.000011,-99.485922,0.000000,0.000000
554500,0.000007,-102.672156,0.000000,0.000000
555000,0.000006,-103.806001,0.000000,0.000000
555500,0.000016,-95.961160,0.000000,0.000000
556000,0.000012,-98.088269,0.000000,0.000000
556500,0.000015,-96.467158,0.000000,0.000000
557000,0.000014,-97.208724,0.000000,0.000000
557500,0.000014,-97.112821,0.000000,0.000000
558000,0.000015,-96.625781,0.000000,0.000000
558500,0.000016,-95.828232,0.000000,0.000000
559000,0.000016,-95.719151,0.000000,0.000000
559500,0.000018,-95.062663,0.000000,0.000000
560000,0.000017,-95.499860,0.000000,0.000000
560500,0.000015,-96.535900,0.000000,0.000000
561000,0.000010,-100.396730,0.000000,0.000000
561500,0.000017,-95.394449,0.000000,0.000000
562000,0.000013,-97.477571,0.000000,0.000000
562500,0.000012,-98.329255,0.000000,0.000000
563000,0.000011,-99.104665,0.000000,0.000000
563500,0.000014,-97.391161,0.000000,0.000000
564000,0.000014,-97.311961,0.000000,0.000000
564500,0.000013,-97.458461,0.000000,0.000000
565000,0.000014,-96.999106,0.000000,0.000000
565500,0.000013,-97.888150,0.000000,0.000000
566000,0.000013,-97.971419,0.000000,0.000000
566500,0.000008,-101.785142,0.000000,0.000000
567000,0.000009,-101.168699,0.000000,0.000000
567500,0.000012,-98.144400,0.000000,0.000000
568000,0.000010,-99.736873,0.000000,0.000000
568500,0.000009,-100.626884,0.000000,0.000000
569000,0.000008,-102.241726,0.000000,0.000000
569500,0.000006,-104.166910,0.000000,0.000000
570000,0.000010,-99.759140,0.000000,0.000000
570500,0.000011,-99.308101,0.000000,0.000000
571000,0.000012,-98.344147,0.000000,0.000000
571500,0.000009,-100.655064,0.000000,0.000000
572000,0.000014,-97.300309,0.000000,0.000000
572500,0.000009,-100.488753,0.000000,0.000000
573000,0.000008,-102.127529,0.000000,0.000000
573500,0.000008,-102.496462,0.000000,0.000000
574000,0.000006,-104.648080,0.000000,0.000000
574500,0.000008,-102.433311,0.000000,0.000000
575000,0.000005,-105.210599,0.000000,0.000000
575500,0.000004,-107.530979,0.000000,0.000000
576000,0.000004,-108.736902,0.000000,0.000000
576500,0.000006,-104.303547,0.000000,0.000000
577000,0.000008,-102.288622,0.000000,0.000000
577500,0.000012,-98.353519,0.000000,0.000000
578000,0.000004,-108.481469,0.000000,0.000000
578500,0.000004,-108.181621,0.000000,0.000000
579000,0.000009,-101.054892,0.000000,0.000000
579500,0.000019,-94.455338,0.000000,0.000000
580000,0.000013,-97.609708,0.000000,0.000000
580500,0.000013,-97.688688,0.000000,0.000000
581000,0.000004,-108.183432,0.000000,0.000000
581500,0.000005,-106.275467,0.000000,0.000000
582000,0.000006,-103.988723,0.000000,0.000000
582500,0.000004,-107.339543,0.000000,0.000000
583000,0.000006,-104.546834,0.000000,0.000000
583500,0.000006,-104.756657,0.000000,0.000000
584000,0.000005,-105.873542,0.000000,0.000000
584500,0.000005,-105.810216,0.000000,0.000000
585000,0.000006,-103.838061,0.000000,0.000000
585500,0.000008,-101.499362,0.000000,0.000000
586000,0.000007,-103.658670,0.000000,0.000000
586500,0.000004,-108.063924,0.000000,0.000000
587000,0.000004,-108.515643,0.000000,0.000000
587500,0.000004,-108.472512,0.000000,0.000000
588000,0.000004,-109.012759,0.000000,0.000000
588500,0.000004,-109.038041,0.000000,0.000000
589000,0.000004,-109.085664,0.000000,0.000000
589500,0.000004,-109.080150,0.000000,0.000000
590000,0.000004,-109.062823,0.000000,0.000000
590500,0.000004,-107.497566,0.000000,0.000000
591000,0.000004,-108.847761,0.000000,0.000000
591500,0.000004,-107.589364,0.000000,0.000000
592000,0.000004,-108.236244,0.000000,0.000000
592500,0.000004,-108.232295,0.000000,0.000000
593000,0.000004,-108.024157,0.000000,0.000000
593500,0.000006,-104.657739,0.000000,0.000000
594000,0.000003,-109.477798,0.000000,0.000000
594500,0.000005,-105.776648,0.000000,0.000000
595000,0.000004,-109.010719,0.000000,0.000000
595500,0.000004,-108.578593,0.000000,0.000000
596000,0.000003,-109.261306,0.000000,0.000000
596500,0.000004,-108.844169,0.000000,0.000000
597000,0.000004,-108.677593,0.000000,0.000000
597500,0.000003,-109.295608,0.000000,0.000000
598000,0.000004,-108.112220,0.000000,0.000000
598500,0.000005,-106.158502,0.000000,0.000000
599000,0.000004,-108.259023,0.000000,0.000000
599500,0.000006,-104.708828,0.000000,0.000000
600000,0.000004,-108.900159,0.000000,0.000000
600500,0.000004,-108.989905,0.000000,0.000000
601000,0.000004,-109.025322,0.000000,0.000000
601500,0.000007,-103.338630,0.000000,0.000000
602000,0.000013,-97.837321,0.000000,0.000000
602500,0.000014,-96.832438,0.000000,0.000000
603000,0.000032,-90.029615,0.000000,0.000000
603500,0.000077,-82.325739,0.000000,0.000000
604000,0.000190,-74.442102,0.000000,0.022316
604500,0.000198,-74.046006,0.000000,0.038160
605000,0.000027,-91.448497,0.000000,0.000000
605500,0.000005,-106.177908,0.000000,0.000000
606000,0.000004,-109.081965,0.000000,0.000000
606500,0.000004,-108.369438,0.000000,0.000000
607000,0.000004,-107.940700,0.000000,0.000000
607500,0.000004,-107.858901,0.000000,0.000000
608000,0.000004,-107.630664,0.000000,0.000000
608500,0.000004,-108.443398,0.000000,0.000000
609000,0.000004,-108.717957,0.000000,0.000000
609500,0.000003,-109.208982,0.000000,0.000000
610000,0.000007,-102.592263,0.000000,0.000000
610500,0.000013,-97.583654,0.000000,0.000000
611000,0.000008,-101.847009,0.000000,0.000000
611500,0.000005,-105.952683,0.000000,0.000000
612000,0.000005,-106.780118,0.000000,0.000000
612500,0.000024,-92.349275,0.000000,0.000000
613000,0.000015,-96.581273,0.000000,0.000000
613500,0.000009,-100.985383,0.000000,0.000000
614000,0.000015,-96.286309,0.000000,0.000000
614500,0.000011,-99.083847,0.000000,0.000000
615000,0.000004,-108.556046,0.000000,0.000000
615500,0.000017,-95.458090,0.000000,0.000000
616000,0.000007,-103.418324,0.000000,0.000000
616500,0.000008,-101.781960,0.000000,0.000000
617000,0.000005,-105.711955,0.000000,0.000000
617500,0.000004,-108.208491,0.000000,0.000000
618000,0.000004,-108.455450,0.000000,0.000000
618500,0.000004,-108.083409,0.000000,0.000000
619000,0.000004,-108.929891,0.000000,0.000000
619500,0.000004,-108.712630,0.000000,0.000000
620000,0.000004,-108.502247,0.000000,0.000000
620500,0.000010,-99.887489,0.000000,0.000000
621000,0.000008,-102.246027,0.000000,0.000000
621500,0.000007,-103.399703,0.000000,0.000000
622000,0.000007,-102.590007,0.000000,0.000000
622500,0.000008,-102.016768,0.000000,0.000000
623000,0.000004,-107.497672,0.000000,0.000000
623500,0.000006,-104.797489,0.000000,0.000000
624000,0.000008,-101.493093,0.000000,0.000000
624500,0.000011,-99.423102,0.000000,0.000000
625000,0.000007,-103.410738,0.000000,0.000000
625500,0.000007,-103.232575,0.000000,0.000000
626000,0.000006,-104.050986,0.000000,0.000000
626500,0.000004,-107.798316,0.000000,0.000000
627000,0.000003,-109.329497,0.000000,0.000000
627500,0.000006,-104.881228,0.000000,0.000000
628000,0.000009,-101.086697,0.000000,0.000000
628500,0.000009,-101.145803,0.000000,0.000000
629000,0.000007,-102.886190,0.000000,0.000000
629500,0.000005,-105.437434,0.000000,0.000000
630000,0.000015,-96.457272,0.000000,0.000000
630500,0.000014,-97.007837,0.000000,0.000000
631000,0.000007,-103.624201,0.000000,0.000000
631500,0.000010,-100.369614,0.000000,0.000000
632000,0.000005,-106.247214,0.000000,0.000000
632500,0.000003,-109.198560,0.000000,0.000000
633000,0.000006,-104.496993,0.000000,0.000000
633500,0.000006,-105.078384,0.000000,0.000000
634000,0.000005,-106.178718,0.000000,0.000000
634500,0.000008,-102.494266,0.000000,0.000000
635000,0.000007,-103.629156,0.000000,0.000000
635500,0.000010,-99.942336,0.000000,0.000000
636000,0.000007,-102.603965,0.000000,0.000000
636500,0.000005,-105.329002,0.000000,0.000000
637000,0.000005,-105.391006,0.000000,0.000000
637500,0.000006,-104.367579,0.000000,0.000000
638000,0.000005,-106.660787,0.000000,0.000000
638500,0.000004,-107.780657,0.000000,0.000000
639000,0.000005,-106.050943,0.000000,0.000000
639500,0.000004,-107.998311,0.000000,0.000000
640000,0.000004,-107.289108,0.000000,0.000000
640500,0.000007,-103.691579,0.000000,0.000000
641000,0.000005,-105.955945,0.000000,0.000000
641500,0.000004,-108.222240,0.000000,0.000000
642000,0.000004,-108.641471,0.000000,0.000000
642500,0.000004,-108.712200,0.000000,0.000000
643000,0.000040,-88.038894,0.000000,0.000000
643500,0.000012,-98.638334,0.000000,0.000000
644000,0.000011,-99.405866,0.000000,0.000000
644500,0.000006,-104.185393,0.000000,0.000000
645000,0.000004,-107.898453,0.000000,0.000000
645500,0.000005,-105.278201,0.000000,0.000000
646000,0.000004,-108.156622,0.000000,0.000000
646500,0.000004,-108.100175,0.000000,0.000000
647000,0.000008,-102.241971,0.000000,0.000000
647500,0.000005,-106.780537,0.000000,0.000000
648000,0.000006,-104.191182,0.000000,0.000000
648500,0.000004,-107.366898,0.000000,0.000000
649000,0.000005,-106.014268,0.000000,0.000000
649500,0.000003,-109.140237,0.000000,0.000000
650000,0.000003,-109.455284,0.000000,0.000000
650500,0.000005,-106.026004,0.000000,0.000000
651000,0.000004,-107.606962,0.000000,0.000000
651500,0.000004,-107.586708,0.000000,0.000000
652000,0.000021,-93.495236,0.000000,0.000000
652500,0.000017,-95.331123,0.000000,0.000000
653000,0.000014,-96.851425,0.000000,0.000000
653500,0.000007,-102.652931,0.000000,0.000000
654000,0.000006,-103.866640,0.000000,0.000000
654500,0.000007,-103.455876,0.000000,0.000000
655000,0.000005,-106.176702,0.000000,0.000000
655500,0.000005,-105.368222,0.000000,0.000000
656000,0.000006,-105.129805,0.000000,0.000000
656500,0.000004,-108.224099,0.000000,0.000000
657000,0.000004,-108.574229,0.000000,0.000000
657500,0.000004,-108.478936,0.000000,0.000000
658000,0.000013,-98.018981,0.000000,0.000000
658500,0.000004,-108.337844,0.000000,0.000000
659000,0.000003,-109.423379,0.000000,0.000000
659500,0.000003,-109.402207,0.000000,0.000000
660000,0.000003,-109.331535,0.000000,0.000000
660500,0.000003,-109.319456,0.000000,0.000000
661000,0.000004,-109.079853,0.000000,0.000000
661500,0.000005,-106.509792,0.000000,0.000000
662000,0.000004,-107.080020,0.000000,0.000000
662500,0.000012,-98.386437,0.000000,0.000000
663000,0.000011,-99.432656,0.000000,0.000000
663500,0.000018,-94.844694,0.000000,0.000000
664000,0.000016,-96.166462,0.000000,0.000000
664500,0.000013,-97.645856,0.000000,0.000000
665000,0.000005,-106.178696,0.000000,0.000000
665500,0.000005,-106.922833,0.000000,0.000000
666000,0.000012,-98.281288,0.000000,0.000000
666500,0.000017,-95.641358,0.000000,0.000000
667000,0.000006,-104.154230,0.000000,0.000000
667500,0.000023,-92.775384,0.000000,0.000000
668000,0.000013,-97.634058,0.000000,0.000000
668500,0.000008,-102.281464,0.000000,0.000000
669000,0.000005,-106.121129,0.000000,0.000000
669500,0.000004,-107.577370,0.000000,0.000000
670000,0.000004,-108.652933,0.000000,0.000000
670500,0.000004,-108.720293,0.000000,0.000000
671000,0.000009,-100.479691,0.000000,0.000000
671500,0.000006,-103.939023,0.000000,0.000000
672000,0.000004,-107.246845,0.000000,0.000000
672500,0.000005,-106.885819,0.000000,0.000000
673000,0.000004,-107.202212,0.000000,0.000000
673500,0.000004,-107.149240,0.000000,0.000000
674000,0.000006,-103.973192,0.000000,0.000000
674500,0.000007,-103.464844,0.000000,0.000000
675000,0.000004,-107.841229,0.000000,0.000000
675500,0.000004,-108.358739,0.000000,0.000000
676000,0.000004,-109.030527,0.000000,0.000000
676500,0.000003,-109.448199,0.000000,0.000000
677000,0.000004,-107.108088,0.000000,0.000000
677500,0.000004,-108.014704,0.000000,0.000000
678000,0.000003,-109.392553,0.000000,0.000000
678500,0.000004,-108.826124,0.000000,0.000000
679000,0.000003,-109.122563,0.000000,0.000000
679500,0.000007,-102.771350,0.000000,0.000000
680000,0.000007,-103.410089,0.000000,0.000000
680500,0.000006,-104.507512,0.000000,0.000000
681000,0.000008,-102.168771,0.000000,0.000000
681500,0.000011,-98.999509,0.000000,0.000000
682000,0.000010,-99.614192,0.000000,0.000000
682500,0.000007,-103.190416,0.000000,0.000000
683000,0.000005,-105.450363,0.000000,0.000000
683500,0.000004,-108.183069,0.000000,0.000000
684000,0.000004,-108.424664,0.000000,0.000000
684500,0.000005,-105.785646,0.000000,0.000000
685000,0.000009,-101.397394,0.000000,0.000000
685500,0.000005,-105.404604,0.000000,0.000000
686000,0.000004,-108.274554,0.000000,0.000000
686500,0.000003,-109.445408,0.000000,0.000000
687000,0.000003,-109.377489,0.000000,0.000000
687500,0.000004,-108.871095,0.000000,0.000000
688000,0.000004,-108.881856,0.000000,0.000000
688500,0.000004,-108.909196,0.000000,0.000000
689000,0.000003,-109.219348,0.000000,0.000000
689500,0.000003,-109.240383,0.000000,0.000000
690000,0.000003,-109.405422,0.000000,0.000000
690500,0.000011,-99.545172,0.000000,0.000000
691000,0.000009,-100.720481,0.000000,0.000000
691500,0.000007,-103.146661,0.000000,0.000000
692000,0.000008,-101.592141,0.000000,0.000000
692500,0.000012,-98.424889,0.000000,0.000000
693000,0.000012,-98.252985,0.000000,0.000000
693500,0.000012,-98.417611,0.000000,0.000000
694000,0.000010,-99.960869,0.000000,0.000000
694500,0.000004,-107.172092,0.000000,0.000000
695000,0.000010,-100.176723,0.000000,0.000000
695500,0.000011,-99.358085,0.000000,0.000000
696000,0.000005,-106.433978,0.000000,0.000000
696500,0.000012,-98.618094,0.000000,0.000000
697000,0.000014,-97.200695,0.000000,0.000000
697500,0.000017,-95.493434,0.000000,0.000000
698000,0.000013,-97.951225,0.000000,0.000000
698500,0.000014,-96.920054,0.000000,0.000000
699000,0.000006,-104.300705,0.000000,0.000000
699500,0.000006,-104.851532,0.000000,0.000000
700000,0.000006,-104.567392,0.000000,0.000000
700500,0.000005,-106.861325,0.000000,0.000000
701000,0.000004,-108.141624,0.000000,0.000000
701500,0.000005,-106.054983,0.000000,0.000000
702000,0.000004,-108.616212,0.000000,0.000000
702500,0.000005,-106.170091,0.000000,0.000000
703000,0.000004,-107.651495,0.000000,0.000000
703500,0.000005,-105.498479,0.000000,0.000000
704000,0.000007,-103.207395,0.000000,0.000000
704500,0.000005,-106.713693,0.000000,0.000000
705000,0.000006,-105.070247,0.000000,0.000000
705500,0.000004,-108.209022,0.000000,0.000000
706000,0.000004,-108.594216,0.000000,0.000000
706500,0.000004,-107.247088,0.000000,0.000000
707000,0.000004,-107.545280,0.000000,0.000000
707500,0.000004,-108.844716,0.000000,0.000000
708000,0.000004,-109.109135,0.000000,0.000000
708500,0.000004,-108.547898,0.000000,0.000000
709000,0.000004,-108.600554,0.000000,0.000000
709500,0.000004,-108.885229,0.000000,0.000000
710000,0.000004,-108.654696,0.000000,0.000000
710500,0.000004,-108.167020,0.000000,0.000000
711000,0.000007,-102.993564,0.000000,0.000000
711500,0.000010,-99.587426,0.000000,0.000000
712000,0.000013,-97.938108,0.000000,0.000000
712500,0.000006,-104.143876,0.000000,0.000000
713000,0.000008,-101.603885,0.000000,0.000000
713500,0.000008,-101.846742,0.000000,0.000000
714000,0.000004,-107.926240,0.000000,0.000000
714500,0.000005,-106.354293,0.000000,0.000000
715000,0.000005,-106.596994,0.000000,0.000000
715500,0.000004,-107.953146,0.000000,0.000000
716000,0.000004,-107.879202,0.000000,0.000000
716500,0.000005,-106.586934,0.000000,0.000000
717000,0.000005,-106.417209,0.000000,0.000000
717500,0.000004,-107.604849,0.000000,0.000000
718000,0.000003,-109.145275,0.000000,0.000000
718500,0.000004,-108.729295,0.000000,0.000000
719000,0.000004,-108.857485,0.000000,0.000000
719500,0.000005,-106.547262,0.000000,0.000000
720000,0.000004,-107.250068,0.000000,0.000000
720500,0.000004,-107.996555,0.000000,0.000000
721000,0.000004,-108.688718,0.000000,0.000000
721500,0.000005,-106.645247,0.000000,0.000000
722000,0.000005,-106.333198,0.000000,0.000000
722500,0.000004,-108.711783,0.000000,0.000000
723000,0.000004,-108.707366,0.000000,0.000000
723500,0.000004,-108.715608,0.000000,0.000000
724000,0.000007,-102.644798,0.000000,0.000000
724500,0.000019,-94.576291,0.000000,0.000000
725000,0.000019,-94.642644,2.000000,0.000000
725500,0.000016,-95.820948,0.000000,0.000000
726000,0.000005,-106.903333,0.000000,0.000000
726500,0.000005,-106.222840,0.000000,0.000000
727000,0.000005,-105.906093,0.000000,0.000000
727500,0.000006,-104.766852,0.000000,0.000000
728000,0.000006,-104.596568,0.000000,0.000000
728500,0.000100,-79.972604,2.000000,0.000000
729000,0.000023,-92.821644,0.000000,0.000000
729500,0.000017,-95.558980,0.000000,0.000000
730000,0.000011,-98.971630,0.000000,0.000000
730500,0.000006,-103.852746,0.000000,0.000000
731000,0.000027,-91.346544,2.000000,0.000000
731500,0.000208,-73.633276,4.000000,0.054669
732000,0.000181,-74.863129,2.000000,0.005475
732500,0.000039,-88.071151,0.000000,0.000000
733000,0.000050,-85.979218,0.000000,0.000000
733500,0.000062,-84.184925,0.000000,0.000000
734000,0.000120,-78.387144,4.000000,0.000000
734500,0.000120,-78.383552,4.000000,0.000000
735000,0.000041,-87.800953,2.000000,0.000000
735500,0.000024,-92.370507,2.000000,0.000000
736000,0.000020,-93.894173,0.000000,0.000000
736500,0.001616,-55.829063,2.000000,0.766837
737000,0.001824,-54.778670,8.000000,0.808853
737500,0.000517,-65.734678,10.000000,0.370613
738000,0.000435,-67.226799,10.000000,0.310928
738500,0.002171,-53.267928,2.000000,0.869283
739000,0.000367,-68.715284,0.000000,0.251389
739500,0.000975,-60.221851,2.000000,0.591126
740000,0.001924,-54.315117,8.000000,0.827395
740500,0.002700,-51.372238,0.000000,0.945110
741000,0.000377,-68.465264,0.000000,0.261389
741500,0.000061,-84.269283,0.000000,0.000000
742000,0.001393,-57.122942,10.000000,0.715082
742500,0.002317,-52.702393,8.000000,0.891904
743000,0.001966,-54.127409,8.000000,0.834904
743500,0.001432,-56.882629,10.000000,0.724695
744000,0.001183,-58.537212,8.000000,0.658512
744500,0.000698,-63.127230,10.000000,0.474911
745000,0.000725,-62.793352,8.000000,0.488266
745500,0.000402,-67.909766,8.000000,0.283609
746000,0.000530,-65.514908,6.000000,0.379404
746500,0.001540,-56.252269,10.000000,0.749909
747000,0.001121,-59.005921,6.000000,0.639763
747500,0.001468,-56.665522,8.000000,0.733379
748000,0.001129,-58.947511,8.000000,0.642100
748500,0.001424,-56.928254,6.000000,0.722870
749000,0.000630,-64.009026,10.000000,0.439639
749500,0.000984,-60.143677,6.000000,0.594253
750000,0.000146,-76.726856,2.000000,0.000000
750500,0.000042,-87.579680,0.000000,0.000000
751000,0.000023,-92.798140,0.000000,0.000000
751500,0.000033,-89.567444,0.000000,0.000000
752000,0.000085,-81.414829,2.000000,0.000000
752500,0.001277,-57.873146,8.000000,0.685074
753000,0.002300,-52.767271,8.000000,0.889309
753500,0.001283,-57.832937,6.000000,0.686683
754000,0.001139,-58.870748,8.000000,0.645170
754500,0.000798,-61.957548,6.000000,0.521698
755000,0.000687,-63.260170,6.000000,0.469593
755500,0.001589,-55.974840,8.000000,0.761006
756000,0.001753,-55.123893,8.000000,0.795044
756500,0.001232,-58.187908,8.000000,0.672484
757000,0.000804,-61.896597,8.000000,0.524136
757500,0.000600,-64.440456,10.000000,0.422382
758000,0.000411,-67.723026,8.000000,0.291079
758500,0.000245,-72.219949,6.000000,0.111202
759000,0.000158,-76.052783,0.000000,0.000000
759500,0.000176,-75.096086,2.000000,0.000000
760000,0.000148,-76.623873,2.000000,0.000000
760500,0.000107,-79.433382,0.000000,0.000000
761000,0.000054,-85.418712,2.000000,0.000000
761500,0.000124,-78.137340,2.000000,0.000000
762000,0.000089,-81.028807,2.000000,0.000000
762500,0.000100,-79.984693,2.000000,0.000000
763000,0.000110,-79.143398,2.000000,0.000000
763500,0.000076,-82.425942,0.000000,0.000000
764000,0.000102,-79.789205,2.000000,0.000000
764500,0.000049,-86.202930,0.000000,0.000000
765000,0.000019,-94.231266,0.000000,0.000000
765500,0.000030,-90.404480,0.000000,0.000000
766000,0.000054,-85.376552,0.000000,0.000000
766500,0.000043,-87.277452,0.000000,0.000000
767000,0.000057,-84.900196,0.000000,0.000000
767500,0.000039,-88.092716,2.000000,0.000000
768000,0.000057,-84.881273,0.000000,0.000000
768500,0.000027,-91.408356,0.000000,0.000000
769000,0.000021,-93.623797,0.000000,0.000000
769500,0.000024,-92.388761,0.000000,0.000000
770000,0.000034,-89.267210,0.000000,0.000000
770500,0.000061,-84.330400,2.000000,0.000000
771000,0.000027,-91.488058,0.000000,0.000000
771500,0.000018,-95.042360,0.000000,0.000000
772000,0.000017,-95.464807,0.000000,0.000000
772500,0.000017,-95.567114,0.000000,0.000000
773000,0.000016,-95.658582,0.000000,0.000000
773500,0.000017,-95.481169,0.000000,0.000000
774000,0.000016,-95.904788,0.000000,0.000000
774500,0.000019,-94.514986,0.000000,0.000000
775000,0.000020,-94.003877,0.000000,0.000000
775500,0.000026,-91.694219,0.000000,0.000000
776000,0.000022,-93.237320,0.000000,0.000000
776500,0.000020,-93.829022,0.000000,0.000000
777000,0.000018,-94.855839,0.000000,0.000000
777500,0.000019,-94.205581,0.000000,0.000000
778000,0.000021,-93.714357,0.000000,0.000000
778500,0.000073,-82.728068,2.000000,0.000000
779000,0.000048,-86.448861,0.000000,0.000000
779500,0.000044,-87.068707,0.000000,0.000000
780000,0.000040,-87.988742,0.000000,0.000000
780500,0.000055,-85.271178,0.000000,0.000000
781000,0.000040,-87.863482,0.000000,0.000000
781500,0.000038,-88.457457,0.000000,0.000000
782000,0.000052,-85.704296,2.000000,0.000000
782500,0.000062,-84.194095,0.000000,0.000000
783000,0.000039,-88.145732,0.000000,0.000000
783500,0.000026,-91.799533,0.000000,0.000000
784000,0.000020,-94.067894,0.000000,0.000000
784500,0.000030,-90.350959,0.000000,0.000000
785000,0.000035,-89.163477,0.000000,0.000000
785500,0.000035,-89.116955,0.000000,0.000000
786000,0.000043,-87.377458,0.000000,0.000000
786500,0.000059,-84.551726,0.000000,0.000000
787000,0.002204,-53.133805,10.000000,0.874648
787500,0.001408,-57.027707,6.000000,0.718892
788000,0.000716,-62.902592,10.000000,0.483896
788500,0.000178,-74.991568,2.000000,0.000337
789000,0.000051,-85.810250,0.000000,0.000000
789500,0.000052,-85.683528,0.000000,0.000000
790000,0.000092,-80.726941,2.000000,0.000000
790500,0.000122,-78.297034,2.000000,0.000000
791000,0.000079,-82.035881,2.000000,0.000000
791500,0.000084,-81.565717,2.000000,0.000000
792000,0.000055,-85.159943,2.000000,0.000000
792500,0.000051,-85.776477,0.000000,0.000000
793000,0.000119,-78.491122,2.000000,0.000000
793500,0.000046,-86.691582,0.000000,0.000000
794000,0.001024,-59.794380,6.000000,0.608225
794500,0.002038,-53.818045,10.000000,0.847278
795000,0.001555,-56.163429,8.000000,0.753463
795500,0.001004,-59.969038,10.000000,0.601238
796000,0.001831,-54.746867,8.000000,0.810125
796500,0.001819,-54.804265,8.000000,0.807829
797000,0.001604,-55.897389,8.000000,0.764104
797500,0.001687,-55.459964,8.000000,0.781601
798000,0.001148,-58.803010,10.000000,0.647880
798500,0.002682,-51.431223,8.000000,0.942751
799000,0.001904,-54.408473,10.000000,0.823661
799500,0.004051,-47.848593,8.000000,1.000000
800000,0.002179,-53.233168,8.000000,0.870673
800500,0.001735,-55.213874,10.000000,0.791445
801000,0.001315,-57.624495,8.000000,0.695020
801500,0.002341,-52.611439,8.000000,0.895542
802000,0.002396,-52.410765,8.000000,0.903569
802500,0.001723,-55.276428,8.000000,0.788943
803000,0.001956,-54.170949,8.000000,0.833162
803500,0.001547,-56.209063,8.000000,0.751637
804000,0.001294,-57.763608,10.000000,0.689456
804500,0.001013,-59.887753,10.000000,0.604490
805000,0.001958,-54.164707,8.000000,0.833412
805500,0.001401,-57.071309,8.000000,0.717148
806000,0.001385,-57.168490,10.000000,0.713260
806500,0.003623,-48.817968,8.000000,1.000000
807000,0.002144,-53.376928,8.000000,0.864923
807500,0.001801,-54.889582,6.000000,0.804417
808000,0.003025,-50.386593,8.000000,0.984536
808500,0.002536,-51.917863,6.000000,0.923285
809000,0.002114,-53.498640,10.000000,0.860054
809500,0.001651,-55.645149,8.000000,0.774194
810000,0.001148,-58.802955,10.000000,0.647882
810500,0.002708,-51.346819,8.000000,0.946127
811000,0.001883,-54.503585,8.000000,0.819857
811500,0.001416,-56.981603,10.000000,0.720736
812000,0.001788,-54.954775,8.000000,0.801809
812500,0.001786,-54.960983,10.000000,0.801561
813000,0.001572,-56.071063,8.000000,0.757157
813500,0.001868,-54.574737,10.000000,0.817011
814000,0.001919,-54.339256,8.000000,0.826430
814500,0.001830,-54.750888,8.000000,0.809964
815000,0.002291,-52.800089,8.000000,0.887996
815500,0.001845,-54.681608,8.000000,0.812736
816000,0.002247,-52.967171,8.000000,0.881313
816500,0.002419,-52.325514,10.000000,0.906979
817000,0.002205,-53.131471,8.000000,0.874741
817500,0.001839,-54.709068,8.000000,0.811637
818000,0.001549,-56.201075,6.000000,0.751957
818500,0.001167,-58.657933,8.000000,0.653683
819000,0.001058,-59.510782,8.000000,0.619569
819500,0.000901,-60.903965,10.000000,0.563841
820000,0.001239,-58.135978,6.000000,0.674561
820500,0.002087,-53.608194,8.000000,0.855672
821000,0.000741,-62.607480,6.000000,0.495701
821500,0.000128,-77.836151,2.000000,0.000000
822000,0.000033,-89.515547,0.000000,0.000000
822500,0.000035,-89.186371,0.000000,0.000000
823000,0.001484,-56.573600,8.000000,0.737056
823500,0.002389,-52.436457,10.000000,0.902542
824000,0.001942,-54.234371,6.000000,0.830625
824500,0.001366,-57.290326,8.000000,0.708387
825000,0.001740,-55.188692,10.000000,0.792452
825500,0.001749,-55.144186,6.000000,0.794233
826000,0.002243,-52.982687,6.000000,0.880693
826500,0.001482,-56.585694,8.000000,0.736572
827000,0.000985,-60.128120,10.000000,0.594875
827500,0.000690,-63.220528,8.000000,0.471179
828000,0.000644,-63.825944,10.000000,0.446962
828500,0.000670,-63.475986,8.000000,0.460961
829000,0.000688,-63.249233,8.000000,0.470031
829500,0.000588,-64.610571,8.000000,0.415577
830000,0.000864,-61.268234,8.000000,0.549271
830500,0.001390,-57.137565,8.000000,0.714497
831000,0.001172,-58.619729,10.000000,0.655211
831500,0.002182,-53.224034,8.000000,0.871039
832000,0.000668,-63.501456,8.000000,0.459942
832500,0.001669,-55.549917,8.000000,0.778003
833000,0.002540,-51.902939,8.000000,0.923882
833500,0.002559,-51.837709,8.000000,0.926492
834000,0.001779,-54.994845,8.000000,0.800206
834500,0.000532,-65.487899,8.000000,0.380484
835000,0.000416,-67.620526,4.000000,0.295179
835500,0.000167,-75.569772,4.000000,0.000000
836000,0.000627,-64.057385,8.000000,0.437705
836500,0.001024,-59.791209,10.000000,0.608352
837000,0.001160,-58.712047,8.000000,0.651518
837500,0.001393,-57.122942,8.000000,0.715082
838000,0.001972,-54.101367,8.000000,0.835945
838500,0.003202,-49.892076,10.000000,1.000000
839000,0.002019,-53.898992,8.000000,0.844040
839500,0.001951,-54.195925,6.000000,0.832163
840000,0.004534,-46.869865,8.000000,1.000000
840500,0.002976,-50.528132,8.000000,0.978875
841000,0.002617,-51.642751,10.000000,0.934290
841500,0.001927,-54.300308,6.000000,0.827988
842000,0.001761,-55.086350,8.000000,0.796546
842500,0.002721,-51.304737,8.000000,0.947811
843000,0.002143,-53.378420,8.000000,0.864863
843500,0.001572,-56.069722,10.000000,0.757211
844000,0.003176,-49.962116,8.000000,1.000000
844500,0.001980,-54.064510,8.000000,0.837420
845000,0.002346,-52.592773,10.000000,0.896289
845500,0.002050,-53.764037,6.000000,0.849439
846000,0.000937,-60.564026,8.000000,0.577439
846500,0.000588,-64.619797,6.000000,0.415208
847000,0.000747,-62.528160,8.000000,0.498874
847500,0.001384,-57.176194,8.000000,0.712952
848000,0.002146,-53.367145,6.000000,0.865314
848500,0.001379,-57.211031,8.000000,0.711559
849000,0.002694,-51.393261,10.000000,0.944270
849500,0.004932,-46.138973,8.000000,1.000000
850000,0.004404,-47.123932,6.000000,1.000000
850500,0.002734,-51.264735,8.000000,0.949411
851000,0.001572,-56.072720,8.000000,0.757091
851500,0.001132,-58.922362,10.000000,0.643106
852000,0.000580,-64.730237,4.000000,0.410791
852500,0.000089,-81.037905,0.000000,0.000000
853000,0.000038,-88.506916,0.000000,0.000000
853500,0.000026,-91.620851,0.000000,0.000000
854000,0.000024,-92.291283,0.000000,0.000000
854500,0.000022,-93.130243,0.000000,0.000000
855000,0.000016,-95.748231,0.000000,0.000000
855500,0.000177,-75.046039,2.000000,0.000000
856000,0.000558,-65.072802,8.000000,0.397088
856500,0.000469,-66.576908,6.000000,0.336924
857000,0.000882,-61.087258,8.000000,0.556510
857500,0.001791,-54.935911,8.000000,0.802564
858000,0.004272,-47.386431,8.000000,1.000000
858500,0.002187,-53.201174,10.000000,0.871953
859000,0.002529,-51.941271,6.000000,0.922349
859500,0.002755,-51.196281,8.000000,0.952149
860000,0.001961,-54.148367,10.000000,0.834065
860500,0.003206,-49.879531,8.000000,1.000000
861000,0.001919,-54.340720,6.000000,0.826371
861500,0.001248,-58.075726,6.000000,0.676971
862000,0.000861,-61.301664,6.000000,0.547933
862500,0.001330,-57.521685,8.000000,0.699133
863000,0.002939,-50.636871,10.000000,0.974525
863500,0.002050,-53.766598,6.000000,0.849336
864000,0.001700,-55.389351,8.000000,0.784426
864500,0.003268,-49.715188,8.000000,1.000000
865000,0.002291,-52.797974,8.000000,0.888081
865500,0.002373,-52.492372,8.000000,0.900305
866000,0.002652,-51.528255,8.000000,0.938870
866500,0.001610,-55.861388,8.000000,0.765544
867000,0.003479,-49.170885,8.000000,1.000000
867500,0.001487,-56.553570,8.000000,0.737857
868000,0.001973,-54.096401,8.000000,0.836144
868500,0.005053,-45.929812,10.000000,1.000000
869000,0.002298,-52.773371,8.000000,0.889065
869500,0.003702,-48.631066,10.000000,1.000000
870000,0.003668,-48.712265,8.000000,1.000000
870500,0.003845,-48.301859,6.000000,1.000000
871000,0.001404,-57.051161,8.000000,0.717954
871500,0.000500,-66.016560,6.000000,0.359338
872000,0.000918,-60.747594,8.000000,0.570096
872500,0.001018,-59.848138,6.000000,0.606074
873000,0.000867,-61.239509,10.000000,0.550420
873500,0.001360,-57.331182,8.000000,0.706753
874000,0.001389,-57.142989,8.000000,0.714280
874500,0.001391,-57.132355,8.000000,0.714706
875000,0.002579,-51.771443,4.000000,0.929142
875500,0.002035,-53.826584,8.000000,0.846937
876000,0.002064,-53.706644,8.000000,0.851734
876500,0.002840,-50.934899,6.000000,0.962604
877000,0.001471,-56.649558,6.000000,0.734018
877500,0.002735,-51.260712,8.000000,0.949572
878000,0.001434,-56.870194,6.000000,0.725192
878500,0.002480,-52.110991,8.000000,0.915560
879000,0.003725,-48.576573,10.000000,1.000000
879500,0.002451,-52.213588,6.000000,0.911456
880000,0.003063,-50.277994,10.000000,0.988880
880500,0.001993,-54.010029,6.000000,0.839599
881000,0.000322,-69.852163,6.000000,0.205913
881500,0.000085,-81.380041,0.000000,0.000000
882000,0.000028,-91.185145,0.000000,0.000000
882500,0.000015,-96.321834,0.000000,0.000000
883000,0.000014,-97.130563,0.000000,0.000000
883500,0.000011,-98.893406,0.000000,0.000000
884000,0.000011,-98.928883,0.000000,0.000000
884500,0.000031,-90.165068,0.000000,0.000000
885000,0.002248,-52.964611,6.000000,0.881416
885500,0.002187,-53.201901,8.000000,0.871924
886000,0.002124,-53.456372,8.000000,0.861745
886500,0.002047,-53.776619,10.000000,0.848935
887000,0.002091,-53.592082,6.000000,0.856317
887500,0.000718,-62.883191,8.000000,0.484672
888000,0.000215,-73.354498,2.000000,0.065820
888500,0.000041,-87.771245,0.000000,0.000000
889000,0.000069,-83.277205,2.000000,0.000000
889500,0.000021,-93.649026,0.000000,0.000000
890000,0.000134,-77.486815,4.000000,0.000000
890500,0.000085,-81.395460,2.000000,0.000000
891000,0.000062,-84.173897,2.000000,0.000000
891500,0.000082,-81.765935,2.000000,0.000000
892000,0.000069,-83.255255,2.000000,0.000000
892500,0.000014,-96.951452,0.000000,0.000000
893000,0.000022,-93.168651,0.000000,0.000000
893500,0.000016,-95.756016,0.000000,0.000000
894000,0.000018,-94.717124,0.000000,0.000000
894500,0.000676,-63.399690,4.000000,0.464012
895000,0.001947,-54.212190,8.000000,0.831512
895500,0.001704,-55.373050,10.000000,0.785078
896000,0.000829,-61.624997,8.000000,0.535000
896500,0.000938,-60.556803,10.000000,0.577728
897000,0.001476,-56.618540,8.000000,0.735258
897500,0.001264,-57.964849,10.000000,0.681406
898000,0.001139,-58.869930,8.000000,0.645203
898500,0.001233,-58.183148,10.000000,0.672674
899000,0.000937,-60.564772,8.000000,0.577409
899500,0.003451,-49.241873,10.000000,1.000000
900000,0.002093,-53.582897,8.000000,0.856684
900500,0.001511,-56.412161,10.000000,0.743514
901000,0.001857,-54.624132,6.000000,0.815035
901500,0.002726,-51.288855,10.000000,0.948446
902000,0.003543,-49.013330,8.000000,1.000000
902500,0.001638,-55.715219,8.000000,0.771391
903000,0.002698,-51.380211,8.000000,0.944792
903500,0.002251,-52.953481,8.000000,0.881861
904000,0.002609,-51.671430,10.000000,0.933143
904500,0.002191,-53.186758,8.000000,0.872530
905000,0.002181,-53.227536,8.000000,0.870899
905500,0.002423,-52.312130,10.000000,0.907515
906000,0.001813,-54.830910,8.000000,0.806764
906500,0.001873,-54.550264,8.000000,0.817989
907000,0.001572,-56.072674,8.000000,0.757093
907500,0.001265,-57.959673,10.000000,0.681613
908000,0.001861,-54.603221,8.000000,0.815871
908500,0.002582,-51.760954,8.000000,0.929562
909000,0.001591,-55.967017,8.000000,0.761319
909500,0.001099,-59.179326,8.000000,0.632827
910000,0.001596,-55.941353,10.000000,0.762346
910500,0.002845,-50.919174,8.000000,0.963233
911000,0.002453,-52.205998,8.000000,0.911760
911500,0.001833,-54.736649,10.000000,0.810534
912000,0.002613,-51.656391,8.000000,0.933744
912500,0.001680,-55.493313,8.000000,0.780267
913000,0.001147,-58.811220,8.000000,0.647551
913500,0.000794,-62.002202,8.000000,0.519912
914000,0.001606,-55.883101,10.000000,0.764676
914500,0.000975,-60.216452,6.000000,0.591342
915000,0.000957,-60.382756,10.000000,0.584690
915500,0.001657,-55.615370,8.000000,0.775385
916000,0.001177,-58.583102,8.000000,0.656676
916500,0.001794,-54.925591,10.000000,0.802976
917000,0.001453,-56.756897,10.000000,0.729724
917500,0.000831,-61.612885,8.000000,0.535485
918000,0.000419,-67.556036,8.000000,0.297759
918500,0.000067,-83.494844,0.000000,0.000000
919000,0.000024,-92.420406,0.000000,0.000000
919500,0.000019,-94.542787,0.000000,0.000000
920000,0.000013,-97.565439,0.000000,0.000000
920500,0.000012,-98.383130,0.000000,0.000000
921000,0.000012,-98.603635,0.000000,0.000000
921500,0.000013,-97.740267,0.000000,0.000000
922000,0.000012,-98.455351,0.000000,0.000000
922500,0.000012,-98.336471,0.000000,0.000000
923000,0.000012,-98.118103,0.000000,0.000000
923500,0.000015,-96.711321,0.000000,0.000000
924000,0.000123,-78.196988,4.000000,0.000000
924500,0.000098,-80.158883,0.000000,0.000000
925000,0.001356,-57.357688,6.000000,0.705692
925500,0.001681,-55.490815,8.000000,0.780367
926000,0.001504,-56.455801,10.000000,0.741768
926500,0.001443,-56.814488,8.000000,0.727420
927000,0.001703,-55.373694,8.000000,0.785052
927500,0.000927,-60.661952,6.000000,0.573522
928000,0.000271,-71.350274,2.000000,0.145989
928500,0.000056,-85.052924,0.000000,0.000000
929000,0.000086,-81.341283,2.000000,0.000000
929500,0.000017,-95.242448,0.000000,0.000000
930000,0.000060,-84.441978,2.000000,0.000000
930500,0.000056,-84.971069,0.000000,0.000000
931000,0.000023,-92.938501,0.000000,0.000000
931500,0.000121,-78.348107,4.000000,0.000000
932000,0.000081,-81.845378,2.000000,0.000000
932500,0.000019,-94.337706,0.000000,0.000000
933000,0.000019,-94.377266,0.000000,0.000000
933500,0.000035,-89.048735,0.000000,0.000000
934000,0.001051,-59.565258,8.000000,0.617390
934500,0.001360,-57.331268,8.000000,0.706749
935000,0.001040,-59.658453,8.000000,0.613662
935500,0.000694,-63.177998,10.000000,0.472880
936000,0.000588,-64.613154,8.000000,0.415474
936500,0.000849,-61.419610,8.000000,0.543216
937000,0.001626,-55.774958,10.000000,0.769002
937500,0.001995,-54.001025,8.000000,0.839959
938000,0.002334,-52.637725,8.000000,0.894491
938500,0.001314,-57.628778,10.000000,0.694849
939000,0.001223,-58.253834,8.000000,0.669847
939500,0.001670,-55.544845,10.000000,0.778206
940000,0.002270,-52.879417,8.000000,0.884823
940500,0.001684,-55.473646,10.000000,0.781054
941000,0.001790,-54.942799,8.000000,0.802288
941500,0.002845,-50.917161,8.000000,0.963314
942000,0.003128,-50.093748,10.000000,0.996250
942500,0.003054,-50.303645,8.000000,0.987854
943000,0.003084,-50.217318,10.000000,0.991307
943500,0.001796,-54.913759,8.000000,0.803450
944000,0.001303,-57.701981,8.000000,0.691921
944500,0.001646,-55.672116,10.000000,0.773115
945000,0.002706,-51.354153,8.000000,0.945834
945500,0.001567,-56.100029,10.000000,0.755999
946000,0.002088,-53.605915,8.000000,0.855763
946500,0.001466,-56.678602,8.000000,0.732856
947000,0.001521,-56.356214,8.000000,0.745751
947500,0.001474,-56.630877,10.000000,0.734765
948000,0.001727,-55.256347,8.000000,0.789746
948500,0.002241,-52.991344,8.000000,0.880346
949000,0.002114,-53.497154,10.000000,0.860114
949500,0.001464,-56.688555,8.000000,0.732458
950000,0.001662,-55.588555,10.000000,0.776458
950500,0.001313,-57.635307,8.000000,0.694588
951000,0.001115,-59.056021,8.000000,0.637759
951500,0.001643,-55.685963,10.000000,0.772561
952000,0.001251,-58.057596,10.000000,0.677696
952500,0.001313,-57.632132,8.000000,0.694715
953000,0.000743,-62.579311,8.000000,0.496828
953500,0.000428,-67.373490,8.000000,0.305060
954000,0.000250,-72.046954,6.000000,0.118122
954500,0.000051,-85.845427,0.000000,0.000000
955000,0.000026,-91.575979,0.000000,0.000000
955500,0.000022,-93.294804,0.000000,0.000000
956000,0.000022,-93.203298,0.000000,0.000000
956500,0.000017,-95.398161,0.000000,0.000000
957000,0.000020,-93.931359,0.000000,0.000000
957500,0.000018,-94.772884,0.000000,0.000000
958000,0.000024,-92.511288,0.000000,0.000000
958500,0.000135,-77.393045,2.000000,0.000000
959000,0.000063,-84.042805,2.000000,0.000000
959500,0.000103,-79.709216,0.000000,0.000000
960000,0.000030,-90.521555,0.000000,0.000000
960500,0.000050,-85.982359,0.000000,0.000000
961000,0.000140,-77.100488,2.000000,0.000000
961500,0.000041,-87.811786,0.000000,0.000000
962000,0.000142,-76.929137,2.000000,0.000000
962500,0.000056,-85.068803,0.000000,0.000000
963000,0.000019,-94.261733,0.000000,0.000000
963500,0.000016,-95.665148,0.000000,0.000000
964000,0.000017,-95.434583,0.000000,0.000000
964500,0.000019,-94.373810,0.000000,0.000000
965000,0.000123,-78.176581,2.000000,0.000000
965500,0.000053,-85.474451,0.000000,0.000000
966000,0.000026,-91.614890,0.000000,0.000000
966500,0.000027,-91.428077,0.000000,0.000000
967000,0.000016,-95.811373,0.000000,0.000000
967500,0.000017,-95.409458,0.000000,0.000000
968000,0.000019,-94.271312,0.000000,0.000000
968500,0.000031,-90.175569,0.000000,0.000000
969000,0.000032,-89.909663,0.000000,0.000000
969500,0.000026,-91.831157,0.000000,0.000000
970000,0.000020,-93.861023,0.000000,0.000000
970500,0.000031,-90.242922,0.000000,0.000000
971000,0.000049,-86.164536,0.000000,0.000000
971500,0.000027,-91.343029,0.000000,0.000000
972000,0.001370,-57.264854,4.000000,0.709406
972500,0.002362,-52.534405,10.000000,0.898624
973000,0.002596,-51.713778,8.000000,0.931449
973500,0.002514,-51.994404,8.000000,0.920224
974000,0.001723,-55.276192,10.000000,0.788952
974500,0.001211,-58.338747,8.000000,0.666450
975000,0.001461,-56.708377,10.000000,0.731665
975500,0.002705,-51.357895,8.000000,0.945684
976000,0.003130,-50.090440,8.000000,0.996382
976500,0.002397,-52.406474,10.000000,0.903741
977000,0.001094,-59.222704,8.000000,0.631092
977500,0.000849,-61.422775,10.000000,0.543089
978000,0.001704,-55.372676,8.000000,0.785093
978500,0.001251,-58.053709,10.000000,0.677852
979000,0.001017,-59.850439,10.000000,0.605982
979500,0.001504,-56.457623,8.000000,0.741695
980000,0.001177,-58.584861,8.000000,0.656606
980500,0.000976,-60.209103,8.000000,0.591636
981000,0.001013,-59.884701,10.000000,0.604612
981500,0.000703,-63.058652,10.000000,0.477654
982000,0.000525,-65.589599,8.000000,0.376416
982500,0.001900,-54.427077,8.000000,0.822917
983000,0.001820,-54.799090,8.000000,0.808036
983500,0.001578,-56.040485,10.000000,0.758381
984000,0.001105,-59.133754,8.000000,0.634650
984500,0.000768,-62.298047,8.000000,0.508078
985000,0.000572,-64.855830,8.000000,0.405767
985500,0.000425,-67.436640,2.000000,0.302534
986000,0.000288,-70.805265,0.000000,0.167789
986500,0.000086,-81.303109,2.000000,0.000000
987000,0.004638,-46.673366,8.000000,1.000000
987500,0.003470,-49.192985,8.000000,1.000000
988000,0.003514,-49.082991,10.000000,1.000000
988500,0.003445,-49.255569,6.000000,1.000000
989000,0.002875,-50.828372,8.000000,0.966865
989500,0.003629,-48.804387,6.000000,1.000000
990000,0.003534,-49.033629,10.000000,1.000000
990500,0.002459,-52.184879,8.000000,0.912605
991000,0.003508,-49.100042,8.000000,1.000000
991500,0.003533,-49.035924,10.000000,1.000000
992000,0.003922,-48.130358,8.000000,1.000000
992500,0.001351,-57.384983,8.000000,0.704601
993000,0.002693,-51.396476,8.000000,0.944141
993500,0.003061,-50.283371,8.000000,0.988665
994000,0.002617,-51.644391,8.000000,0.934224
994500,0.003502,-49.113047,10.000000,1.000000
995000,0.002501,-52.038167,10.000000,0.918473
995500,0.002066,-53.697376,8.000000,0.852105
996000,0.001049,-59.582799,8.000000,0.616688
996500,0.000641,-63.857938,6.000000,0.445682
997000,0.000552,-65.166077,6.000000,0.393357
997500,0.001129,-58.944245,8.000000,0.642230
998000,0.001504,-56.455589,10.000000,0.741776
998500,0.001744,-55.168033,8.000000,0.793279
999000,0.002675,-51.454329,8.000000,0.941827
999500,0.001326,-57.551847,10.000000,0.697926
1000000,0.001844,-54.682613,8.000000,0.812695
1000500,0.001978,-54.077613,8.000000,0.836895
1001000,0.001042,-59.646682,10.000000,0.614133
1001500,0.002613,-51.657983,8.000000,0.933681
1002000,0.002647,-51.545817,8.000000,0.938167
1002500,0.001263,-57.974563,10.000000,0.681017
1003000,0.002207,-53.122139,10.000000,0.875114
1003500,0.002294,-52.788515,8.000000,0.888459
1004000,0.001902,-54.417158,10.000000,0.823314
1004500,0.001456,-56.736825,8.000000,0.730527
1005000,0.003220,-49.843486,8.000000,1.000000
1005500,0.002018,-53.900800,8.000000,0.843968
1006000,0.001188,-58.506849,10.000000,0.659726
1006500,0.000830,-61.613606,8.000000,0.535456
1007000,0.000702,-63.072104,10.000000,0.477116
1007500,0.000541,-65.339250,8.000000,0.386430
1008000,0.000388,-68.213163,10.000000,0.271473
1008500,0.000490,-66.191906,8.000000,0.352324
1009000,0.000770,-62.268315,10.000000,0.509267
1009500,0.004058,-47.833782,8.000000,1.000000
1010000,0.004162,-47.614282,8.000000,1.000000
1010500,0.002404,-52.382202,8.000000,0.904712
1011000,0.001273,-57.906281,8.000000,0.683749
1011500,0.000542,-65.323593,6.000000,0.387056
1012000,0.000356,-68.980786,8.000000,0.240769
1012500,0.000274,-71.237289,4.000000,0.150508
1013000,0.002098,-53.562266,10.000000,0.857509
1013500,0.003124,-50.105684,8.000000,0.995773
1014000,0.002402,-52.389187,8.000000,0.904433
1014500,0.001195,-58.449675,8.000000,0.662013
1015000,0.000840,-61.516302,8.000000,0.539348
1015500,0.001155,-58.747531,8.000000,0.650099
1016000,0.006128,-44.254179,10.000000,1.000000
1016500,0.003246,-49.771775,8.000000,1.000000
1017000,0.001600,-55.917286,8.000000,0.763309
1017500,0.001462,-56.698997,10.000000,0.732040
1018000,0.003586,-48.908925,10.000000,1.000000
1018500,0.002862,-50.867799,8.000000,0.965288
1019000,0.001157,-58.732518,8.000000,0.650699
1019500,0.001876,-54.537025,10.000000,0.818519
1020000,0.001355,-57.363567,6.000000,0.705457
1020500,0.001953,-54.186115,10.000000,0.832555
1021000,0.002462,-52.172698,6.000000,0.913092
1021500,0.003396,-49.380641,10.000000,1.000000
1022000,0.003624,-48.816590,8.000000,1.000000
1022500,0.002651,-51.530211,10.000000,0.938792
1023000,0.002750,-51.214894,8.000000,0.951404
1023500,0.002681,-51.433209,8.000000,0.942672
1024000,0.002330,-52.653711,10.000000,0.893852
1024500,0.003315,-49.589692,10.000000,1.000000
1025000,0.003047,-50.321560,8.000000,0.987138
1025500,0.002995,-50.471240,8.000000,0.981150
1026000,0.002395,-52.413112,8.000000,0.903476
1026500,0.004812,-46.353247,8.000000,1.000000
1027000,0.003035,-50.357145,10.000000,0.985714
1027500,0.002283,-52.831145,8.000000,0.886754
1028000,0.002959,-50.577961,10.000000,0.976882
1028500,0.001940,-54.245038,8.000000,0.830198
1029000,0.001672,-55.533153,8.000000,0.778674
1029500,0.001293,-57.766342,8.000000,0.689346
1030000,0.005244,-45.607148,10.000000,1.000000
1030500,0.003141,-50.059836,8.000000,0.997607
1031000,0.001872,-54.551856,8.000000,0.817926
1031500,0.005107,-45.836944,6.000000,1.000000
1032000,0.003737,-48.550146,10.000000,1.000000
1032500,0.004881,-46.229131,8.000000,1.000000
1033000,0.002590,-51.733720,6.000000,0.930651
1033500,0.000859,-61.324925,8.000000,0.547003
1034000,0.001740,-55.188631,8.000000,0.792455
1034500,0.002121,-53.468816,10.000000,0.861247
1035000,0.003652,-48.749026,8.000000,1.000000
1035500,0.002343,-52.606100,8.000000,0.895756
1036000,0.001771,-55.035800,10.000000,0.798568
1036500,0.001577,-56.042374,6.000000,0.758305
1037000,0.001689,-55.444851,6.000000,0.782206
1037500,0.001450,-56.770073,10.000000,0.729197
1038000,0.001180,-58.563793,8.000000,0.657448
1038500,0.002363,-52.529500,8.000000,0.898820
1039000,0.003406,-49.354270,8.000000,1.000000
1039500,0.002996,-50.470190,10.000000,0.981192
1040000,0.003119,-50.119359,8.000000,0.995226
1040500,0.002268,-52.886505,10.000000,0.884540
1041000,0.001849,-54.662050,10.000000,0.813518
1041500,0.001113,-59.067461,8.000000,0.637302
1042000,0.007513,-42.483475,8.000000,1.000000
1042500,0.003544,-49.009451,10.000000,1.000000
1043000,0.002217,-53.084718,8.000000,0.876611
1043500,0.004451,-47.030982,10.000000,1.000000
1044000,0.001609,-55.870096,6.000000,0.765196
1044500,0.003479,-49.172027,10.000000,1.000000
1045000,0.001855,-54.634637,8.000000,0.814615
1045500,0.000922,-60.701589,8.000000,0.571936
1046000,0.001840,-54.704079,10.000000,0.811837
1046500,0.002756,-51.195563,8.000000,0.952177
1047000,0.002170,-53.270476,6.000000,0.869181
1047500,0.001249,-58.068961,8.000000,0.677242
1048000,0.002138,-53.399336,6.000000,0.864027
1048500,0.002012,-53.927481,10.000000,0.842901
1049000,0.003557,-48.978025,8.000000,1.000000
1049500,0.002884,-50.798860,8.000000,0.968046
1050000,0.001711,-55.336026,10.000000,0.786559
1050500,0.004454,-47.024778,10.000000,1.000000
1051000,0.004957,-46.096075,8.000000,1.000000
1051500,0.003766,-48.483176,10.000000,1.000000
1052000,0.002824,-50.982449,10.000000,0.960702
1052500,0.004091,-47.763550,8.000000,1.000000
1053000,0.002501,-52.038796,10.000000,0.918448
1053500,0.001530,-56.307797,8.000000,0.747688
1054000,0.003671,-48.703602,8.000000,1.000000
1054500,0.003140,-50.061766,8.000000,0.997529
1055000,0.002442,-52.244377,10.000000,0.910225
1055500,0.002858,-50.879637,10.000000,0.964815
1056000,0.004088,-47.769386,10.000000,1.000000
1056500,0.002601,-51.698332,8.000000,0.932067
1057000,0.001418,-56.968799,8.000000,0.721248
1057500,0.000175,-75.136730,0.000000,0.000000
1058000,0.000089,-81.017585,0.000000,0.000000
1058500,0.000042,-87.532000,0.000000,0.000000
1059000,0.000082,-81.729523,2.000000,0.000000
1059500,0.000143,-76.895121,2.000000,0.000000
1060000,0.000055,-85.175182,2.000000,0.000000
1060500,0.000029,-90.807866,0.000000,0.000000
1061000,0.000108,-79.310669,4.000000,0.000000
1061500,0.000024,-92.348010,0.000000,0.000000
1062000,0.000078,-82.200251,2.000000,0.000000
1062500,0.000018,-94.983515,0.000000,0.000000
1063000,0.000023,-92.678643,0.000000,0.000000
1063500,0.000034,-89.313034,0.000000,0.000000
1064000,0.000139,-77.128197,4.000000,0.000000
1064500,0.003952,-48.063517,8.000000,1.000000
1065000,0.007494,-42.506002,10.000000,1.000000
1065500,0.006918,-43.200995,8.000000,1.000000
1066000,0.003143,-50.052933,10.000000,0.997883
1066500,0.001852,-54.647443,8.000000,0.814102
1067000,0.001719,-55.293449,10.000000,0.788262
1067500,0.003953,-48.060521,8.000000,1.000000
1068000,0.003805,-48.392535,8.000000,1.000000
1068500,0.003402,-49.366153,10.000000,1.000000
1069000,0.001965,-54.134228,6.000000,0.834631
1069500,0.004773,-46.423854,10.000000,1.000000
1070000,0.004566,-46.808852,8.000000,1.000000
1070500,0.002873,-50.832747,10.000000,0.966690
1071000,0.003282,-49.676947,8.000000,1.000000
1071500,0.003138,-50.066607,8.000000,0.997336
1072000,0.003873,-48.238163,10.000000,1.000000
1072500,0.003153,-50.025085,8.000000,0.998997
1073000,0.002709,-51.342587,8.000000,0.946297
1073500,0.002904,-50.740250,10.000000,0.970390
1074000,0.002470,-52.146787,8.000000,0.914129
1074500,0.004384,-47.161929,10.000000,1.000000
1075000,0.004122,-47.698729,8.000000,1.000000
1075500,0.002357,-52.553616,8.000000,0.897855
1076000,0.002089,-53.601959,10.000000,0.855922
1076500,0.002829,-50.966823,10.000000,0.961327
1077000,0.002445,-52.233880,8.000000,0.910645
1077500,0.002690,-51.404174,6.000000,0.943833
1078000,0.002981,-50.512439,10.000000,0.979502
1078500,0.003597,-48.880342,8.000000,1.000000
1079000,0.003306,-49.614553,10.000000,1.000000
1079500,0.001848,-54.664667,8.000000,0.813413
1080000,0.003896,-48.188198,10.000000,1.000000
1080500,0.002717,-51.318889,8.000000,0.947244
1081000,0.001531,-56.301266,8.000000,0.747949
1081500,0.002905,-50.738268,10.000000,0.970469
1082000,0.002671,-51.467042,8.000000,0.941318
1082500,0.001691,-55.439302,8.000000,0.782428
1083000,0.002494,-52.062846,10.000000,0.917486
1083500,0.004029,-47.896665,8.000000,1.000000
1084000,0.003133,-50.081936,8.000000,0.996723
1084500,0.002857,-50.880588,8.000000,0.964776
1085000,0.002478,-52.118520,10.000000,0.915259
1085500,0.003107,-50.153687,8.000000,0.993853
1086000,0.003436,-49.279849,10.000000,1.000000
1086500,0.003622,-48.819839,8.000000,1.000000
1087000,0.005490,-45.208864,10.000000,1.000000
1087500,0.003794,-48.419171,8.000000,1.000000
1088000,0.002687,-51.415911,8.000000,0.943364
1088500,0.002709,-51.342674,8.000000,0.946293
1089000,0.004814,-46.350518,10.000000,1.000000
1089500,0.003403,-49.363489,8.000000,1.000000
1090000,0.003341,-49.523699,8.000000,1.000000
1090500,0.003228,-49.822272,10.000000,1.000000
1091000,0.001158,-58.724726,8.000000,0.651011
1091500,0.002088,-53.606828,10.000000,0.855727
1092000,0.002027,-53.864299,8.000000,0.845428
1092500,0.002670,-51.469759,10.000000,0.941210
1093000,0.002992,-50.479603,8.000000,0.980816
1093500,0.002327,-52.663270,10.000000,0.893469
1094000,0.002429,-52.291558,10.000000,0.908338
1094500,0.001801,-54.889832,8.000000,0.804407
1095000,0.002428,-52.296271,8.000000,0.908149
1095500,0.002221,-53.067315,10.000000,0.877307
1096000,0.001348,-57.403191,8.000000,0.703872
1096500,0.002101,-53.552432,8.000000,0.857903
1097000,0.001516,-56.384460,10.000000,0.744622
1097500,0.002807,-51.035316,8.000000,0.958587
1098000,0.001804,-54.873933,10.000000,0.805043
1098500,0.003162,-50.001142,8.000000,0.999954
1099000,0.001996,-53.997168,10.000000,0.840113
1099500,0.003783,-48.443622,8.000000,1.000000
1100000,0.002996,-50.470350,8.000000,0.981186
1100500,0.002102,-53.546984,10.000000,0.858121
1101000,0.002770,-51.150754,8.000000,0.953970
1101500,0.002438,-52.259277,8.000000,0.909629
1102000,0.001972,-54.103760,8.000000,0.835850
1102500,0.001293,-57.765650,8.000000,0.689374
1103000,0.002551,-51.867394,10.000000,0.925304
1103500,0.003469,-49.196855,10.000000,1.000000
1104000,0.003391,-49.393412,8.000000,1.000000
1104500,0.002515,-51.990353,8.000000,0.920386
1105000,0.002196,-53.167932,8.000000,0.873283
1105500,0.001976,-54.083104,8.000000,0.836676
1106000,0.001928,-54.296439,10.000000,0.828142
1106500,0.001861,-54.602892,8.000000,0.815884
1107000,0.001850,-54.654841,8.000000,0.813806
1107500,0.001349,-57.398642,10.000000,0.704054
1108000,0.001386,-57.165171,6.000000,0.713393
1108500,0.002090,-53.597482,8.000000,0.856101
1109000,0.002245,-52.974064,8.000000,0.881037
1109500,0.001452,-56.759837,10.000000,0.729607
1110000,0.003023,-50.392470,8.000000,0.984301
1110500,0.003210,-49.869387,8.000000,1.000000
1111000,0.002733,-51.267370,10.000000,0.949305
1111500,0.001973,-54.099500,8.000000,0.836020
1112000,0.002899,-50.756052,8.000000,0.969758
1112500,0.002452,-52.209405,10.000000,0.911624
1113000,0.001614,-55.839844,6.000000,0.766406
1113500,0.001460,-56.711789,10.000000,0.731528
1114000,0.001724,-55.268523,6.000000,0.789259
1114500,0.001936,-54.262870,10.000000,0.829485
1115000,0.002247,-52.969152,8.000000,0.881234
1115500,0.002080,-53.637103,8.000000,0.854516
1116000,0.001830,-54.753008,10.000000,0.809880
1116500,0.002450,-52.215774,8.000000,0.911369
1117000,0.003535,-49.033144,8.000000,1.000000
1117500,0.002511,-52.001410,6.000000,0.919944
1118000,0.003564,-48.960310,10.000000,1.000000
1118500,0.002761,-51.177432,8.000000,0.952903
1119000,0.003882,-48.219068,6.000000,1.000000
1119500,0.002631,-51.595995,10.000000,0.936160
1120000,0.002383,-52.459311,8.000000,0.901628
1120500,0.002911,-50.719677,8.000000,0.971213
1121000,0.002664,-51.488958,8.000000,0.940442
1121500,0.001599,-55.921381,10.000000,0.763145
1122000,0.001740,-55.191367,8.000000,0.792345
1122500,0.002174,-53.255020,8.000000,0.869799
1123000,0.001095,-59.212598,8.000000,0.631496
1123500,0.001462,-56.698157,8.000000,0.732074
1124000,0.002475,-52.126912,10.000000,0.914924
1124500,0.003115,-50.130001,8.000000,0.994800
1125000,0.003490,-49.143407,10.000000,1.000000
1125500,0.002254,-52.941160,10.000000,0.882354
1126000,0.004166,-47.605437,10.000000,1.000000
1126500,0.001958,-54.161739,6.000000,0.833530
1127000,0.001633,-55.737985,10.000000,0.770481
1127500,0.003459,-49.220779,8.000000,1.000000
1128000,0.001982,-54.058642,8.000000,0.837654
1128500,0.000416,-67.623888,6.000000,0.295044
1129000,0.000176,-75.098386,0.000000,0.000000
1129500,0.000035,-89.058929,0.000000,0.000000
1130000,0.000023,-92.868721,0.000000,0.000000
1130500,0.000016,-96.104198,0.000000,0.000000
1131000,0.000006,-104.442316,0.000000,0.000000
1131500,0.000008,-102.463211,0.000000,0.000000
1132000,0.000030,-90.349728,2.000000,0.000000
1132500,0.000032,-90.001507,4.000000,0.000000
1133000,0.000033,-89.696324,8.000000,0.000000
1133500,0.000028,-90.978969,6.000000,0.000000
1134000,0.000027,-91.264751,8.000000,0.000000
1134500,0.000037,-88.715688,4.000000,0.000000
1135000,0.000121,-78.355916,6.000000,0.000000
1135500,0.000083,-81.616761,4.000000,0.000000
1136000,0.000045,-86.957197,4.000000,0.000000
1136500,0.000035,-89.001860,6.000000,0.000000
1137000,0.000039,-88.208976,6.000000,0.000000
1137500,0.000031,-90.115439,8.000000,0.000000
1138000,0.000029,-90.668752,6.000000,0.000000
1138500,0.000032,-89.877734,8.000000,0.000000
1139000,0.000031,-90.114161,8.000000,0.000000
1139500,0.000033,-89.516774,8.000000,0.000000
1140000,0.000034,-89.316818,6.000000,0.000000
1140500,0.000029,-90.607669,6.000000,0.000000
1141000,0.000028,-91.134697,10.000000,0.000000
1141500,0.000028,-91.205304,6.000000,0.000000
1142000,0.000035,-89.019084,10.000000,0.000000
1142500,0.000048,-86.431671,6.000000,0.000000
1143000,0.000056,-84.959211,4.000000,0.000000
1143500,0.000057,-84.944005,0.000000,0.000000
1144000,0.000255,-71.876876,8.000000,0.124925
1144500,0.003146,-50.045814,10.000000,0.998167
1145000,0.007010,-43.085022,6.000000,1.000000
1145500,0.005280,-45.547612,10.000000,1.000000
1146000,0.003864,-48.260253,8.000000,1.000000
1146500,0.002582,-51.760353,6.000000,0.929586
1147000,0.001801,-54.888532,10.000000,0.804459
1147500,0.001846,-54.676920,8.000000,0.812923
1148000,0.000271,-71.332872,4.000000,0.146685
1148500,0.000814,-61.791779,8.000000,0.528329
1149000,0.002513,-51.996210,8.000000,0.920152
1149500,0.001582,-56.016444,10.000000,0.759342
1150000,0.000964,-60.318164,8.000000,0.587273
1150500,0.000724,-62.799244,8.000000,0.488030
1151000,0.001615,-55.835918,10.000000,0.766563
1151500,0.002558,-51.841405,8.000000,0.926344
1152000,0.002177,-53.243027,8.000000,0.870279
1152500,0.001333,-57.505525,8.000000,0.699779
1153000,0.000427,-67.386994,4.000000,0.304520
1153500,0.000174,-75.211732,4.000000,0.000000
1154000,0.000127,-77.923509,2.000000,0.000000
1154500,0.000100,-79.979405,4.000000,0.000000
1155000,0.000046,-86.821190,4.000000,0.000000
1155500,0.000070,-83.121723,4.000000,0.000000
1156000,0.000035,-89.022891,8.000000,0.000000
1156500,0.000060,-84.373073,4.000000,0.000000
1157000,0.000054,-85.389125,4.000000,0.000000
1157500,0.000077,-82.238659,6.000000,0.000000
1158000,0.000085,-81.456005,4.000000,0.000000
1158500,0.000043,-87.359349,6.000000,0.000000
1159000,0.000044,-87.096199,6.000000,0.000000
1159500,0.000073,-82.789844,6.000000,0.000000
1160000,0.000113,-78.911488,2.000000,0.000000
1160500,0.000100,-79.975332,0.000000,0.000000
1161000,0.000103,-79.763736,4.000000,0.000000
1161500,0.000089,-81.032587,2.000000,0.000000
1162000,0.000070,-83.062877,4.000000,0.000000
1162500,0.000066,-83.576685,4.000000,0.000000
1163000,0.000152,-76.335700,4.000000,0.000000
1163500,0.000105,-79.552338,6.000000,0.000000
1164000,0.000084,-81.542413,0.000000,0.000000
1164500,0.000082,-81.743692,0.000000,0.000000
1165000,0.000070,-83.054724,4.000000,0.000000
1165500,0.000134,-77.456439,6.000000,0.000000
1166000,0.000084,-81.482412,4.000000,0.000000
1166500,0.000053,-85.583467,4.000000,0.000000
1167000,0.000030,-90.539832,8.000000,0.000000
1167500,0.000045,-86.942146,4.000000,0.000000
1168000,0.000071,-82.999728,4.000000,0.000000
1168500,0.000068,-83.397594,0.000000,0.000000
1169000,0.000039,-88.223741,6.000000,0.000000
1169500,0.000039,-88.183493,8.000000,0.000000
1170000,0.000050,-86.066690,6.000000,0.000000
1170500,0.000043,-87.303188,4.000000,0.000000
1171000,0.000032,-89.819497,4.000000,0.000000
1171500,0.000079,-82.049806,2.000000,0.000000
1172000,0.000093,-80.619001,2.000000,0.000000
1172500,0.000055,-85.130690,6.000000,0.000000
1173000,0.000080,-81.965372,4.000000,0.000000
1173500,0.000063,-84.046021,4.000000,0.000000
1174000,0.000147,-76.655116,4.000000,0.000000
1174500,0.003513,-49.086511,8.000000,1.000000
1175000,0.002245,-52.977495,8.000000,0.880900
1175500,0.001703,-55.376505,8.000000,0.784940
1176000,0.000925,-60.675792,8.000000,0.572968
1176500,0.000173,-75.218215,4.000000,0.000000
1177000,0.000044,-87.129697,6.000000,0.000000
1177500,0.000034,-89.261557,4.000000,0.000000
1178000,0.000033,-89.601634,6.000000,0.000000
1178500,0.000031,-90.170077,8.000000,0.000000
1179000,0.000030,-90.350038,8.000000,0.000000
1179500,0.000029,-90.888294,8.000000,0.000000
1180000,0.000029,-90.685618,8.000000,0.000000
1180500,0.000039,-88.100117,6.000000,0.000000
1181000,0.000034,-89.250247,2.000000,0.000000
1181500,0.000036,-88.817839,8.000000,0.000000
1182000,0.000046,-86.711229,6.000000,0.000000
1182500,0.000051,-85.848107,6.000000,0.000000
1183000,0.000038,-88.314404,6.000000,0.000000
1183500,0.000029,-90.873598,6.000000,0.000000
1184000,0.000063,-83.971941,10.000000,0.000000
1184500,0.000048,-86.302264,4.000000,0.000000
1185000,0.000037,-88.719524,4.000000,0.000000
1185500,0.000035,-89.028518,8.000000,0.000000
1186000,0.000053,-85.527401,6.000000,0.000000
1186500,0.000035,-89.178384,8.000000,0.000000
1187000,0.000051,-85.795280,2.000000,0.000000
1187500,0.000036,-88.767184,6.000000,0.000000
1188000,0.000038,-88.413196,8.000000,0.000000
1188500,0.000035,-89.059162,8.000000,0.000000
1189000,0.000045,-86.918242,6.000000,0.000000
1189500,0.000054,-85.359131,4.000000,0.000000
1190000,0.000357,-68.942176,8.000000,0.242313
1190500,0.001157,-58.736915,4.000000,0.650523
1191000,0.003649,-48.755857,8.000000,1.000000
1191500,0.002199,-53.153599,8.000000,0.873856
1192000,0.001367,-57.287157,8.000000,0.708514
1192500,0.000922,-60.708741,8.000000,0.571650
1193000,0.000619,-64.171762,8.000000,0.433130
1193500,0.003015,-50.414251,8.000000,0.983430
1194000,0.002712,-51.332620,10.000000,0.946695
1194500,0.001524,-56.341903,6.000000,0.746324
1195000,0.001592,-55.959761,10.000000,0.761610
1195500,0.002223,-53.059537,8.000000,0.877619
1196000,0.005052,-45.930181,10.000000,1.000000
1196500,0.003011,-50.425649,8.000000,0.982974
1197000,0.001169,-58.641369,8.000000,0.654345
1197500,0.003152,-50.027072,10.000000,0.998917
1198000,0.007740,-42.225082,8.000000,1.000000
1198500,0.007211,-42.840367,10.000000,1.000000
1199000,0.003150,-50.034674,8.000000,0.998613
1199500,0.003402,-49.364485,8.000000,1.000000
1200000,0.003658,-48.734207,8.000000,1.000000
1200500,0.002715,-51.325689,8.000000,0.946972
1201000,0.002389,-52.435418,8.000000,0.902583
1201500,0.001514,-56.399136,8.000000,0.744035
1202000,0.001440,-56.833625,10.000000,0.726655
1202500,0.001209,-58.348654,8.000000,0.666054
1203000,0.000850,-61.410962,8.000000,0.543562
1203500,0.000404,-67.868721,6.000000,0.285251
1204000,0.000042,-87.459706,8.000000,0.000000
1204500,0.000038,-88.352207,8.000000,0.000000
1205000,0.000034,-89.496897,10.000000,0.000000
1205500,0.000028,-91.198466,8.000000,0.000000
1206000,0.000027,-91.374650,10.000000,0.000000
1206500,0.000027,-91.511519,8.000000,0.000000
1207000,0.000027,-91.469825,10.000000,0.000000
1207500,0.000027,-91.388947,6.000000,0.000000
1208000,0.000025,-92.209711,6.000000,0.000000
1208500,0.000028,-91.058906,6.000000,0.000000
1209000,0.000039,-88.211658,6.000000,0.000000
1209500,0.000037,-88.595763,8.000000,0.000000
1210000,0.000047,-86.597813,6.000000,0.000000
1210500,0.000028,-90.974419,10.000000,0.000000
1211000,0.000026,-91.776352,4.000000,0.000000
1211500,0.000032,-89.856300,6.000000,0.000000
1212000,0.000025,-91.882518,6.000000,0.000000
1212500,0.000025,-92.215842,8.000000,0.000000
1213000,0.000024,-92.495966,4.000000,0.000000
1213500,0.000024,-92.402319,8.000000,0.000000
1214000,0.000024,-92.398589,8.000000,0.000000
1214500,0.000025,-92.083351,6.000000,0.000000
1215000,0.000025,-92.118055,8.000000,0.000000
1215500,0.000028,-91.122196,8.000000,0.000000
1216000,0.000025,-91.910164,6.000000,0.000000
1216500,0.000027,-91.350643,8.000000,0.000000
1217000,0.000035,-89.094986,6.000000,0.000000
1217500,0.000025,-91.940720,6.000000,0.000000
1218000,0.000030,-90.441156,8.000000,0.000000
1218500,0.000035,-89.156480,8.000000,0.000000
1219000,0.000033,-89.671781,8.000000,0.000000
1219500,0.000029,-90.840526,8.000000,0.000000
1220000,0.000035,-89.115020,6.000000,0.000000
1220500,0.000033,-89.649394,6.000000,0.000000
1221000,0.000025,-91.969786,8.000000,0.000000
1221500,0.000031,-90.273939,6.000000,0.000000
1222000,0.000030,-90.373024,6.000000,0.000000
1222500,0.000033,-89.756532,6.000000,0.000000
1223000,0.000026,-91.595455,8.000000,0.000000
1223500,0.000037,-88.649369,6.000000,0.000000
1224000,0.000028,-90.989405,6.000000,0.000000
1224500,0.000026,-91.849892,6.000000,0.000000
1225000,0.000030,-90.542460,8.000000,0.000000
1225500,0.000032,-89.830641,6.000000,0.000000
1226000,0.000032,-89.860487,4.000000,0.000000
1226500,0.000036,-88.896931,8.000000,0.000000
1227000,0.000042,-87.627017,8.000000,0.000000
1227500,0.000033,-89.605275,10.000000,0.000000
1228000,0.000026,-91.814892,6.000000,0.000000
1228500,0.000027,-91.486133,6.000000,0.000000
1229000,0.000025,-91.900269,8.000000,0.000000
1229500,0.000026,-91.677300,8.000000,0.000000
1230000,0.000025,-91.955336,6.000000,0.000000
1230500,0.000026,-91.699998,6.000000,0.000000
1231000,0.000029,-90.895293,8.000000,0.000000
1231500,0.000030,-90.483430,8.000000,0.000000
1232000,0.000043,-87.315568,6.000000,0.000000
1232500,0.000034,-89.469122,8.000000,0.000000
1233000,0.000039,-88.233396,8.000000,0.000000
1233500,0.000055,-85.211748,6.000000,0.000000
1234000,0.000034,-89.345251,8.000000,0.000000
1234500,0.000027,-91.490115,6.000000,0.000000
1235000,0.000030,-90.396634,8.000000,0.000000
1235500,0.000053,-85.447047,4.000000,0.000000
1236000,0.000041,-87.748659,8.000000,0.000000
1236500,0.000037,-88.740531,6.000000,0.000000
1237000,0.000047,-86.489835,6.000000,0.000000
1237500,0.000042,-87.458385,6.000000,0.000000
1238000,0.000053,-85.570266,4.000000,0.000000
1238500,0.000048,-86.442476,6.000000,0.000000
1239000,0.000028,-90.972309,8.000000,0.000000
1239500,0.000036,-88.914670,8.000000,0.000000
1240000,0.000039,-88.131586,6.000000,0.000000
1240500,0.000037,-88.614699,6.000000,0.000000
1241000,0.000031,-90.280677,6.000000,0.000000
1241500,0.000036,-88.955609,4.000000,0.000000
1242000,0.000036,-88.841221,6.000000,0.000000
1242500,0.000036,-88.833560,8.000000,0.000000
1243000,0.000042,-87.590500,8.000000,0.000000
1243500,0.000028,-91.057779,6.000000,0.000000
1244000,0.000045,-86.934677,6.000000,0.000000
1244500,0.000042,-87.476130,6.000000,0.000000
1245000,0.000036,-88.825915,6.000000,0.000000
1245500,0.000032,-89.974075,8.000000,0.000000
1246000,0.000030,-90.490218,4.000000,0.000000
1246500,0.000030,-90.397935,6.000000,0.000000
1247000,0.000028,-91.114741,8.000000,0.000000
1247500,0.000031,-90.039047,6.000000,0.000000
1248000,0.000032,-89.881718,10.000000,0.000000
1248500,0.000036,-88.868214,8.000000,0.000000
1249000,0.000031,-90.079285,8.000000,0.000000
1249500,0.000032,-89.898363,4.000000,0.000000
1250000,0.000040,-87.953426,8.000000,0.000000
1250500,0.000033,-89.642960,6.000000,0.000000
1251000,0.000026,-91.613141,6.000000,0.000000
1251500,0.000024,-92.356500,8.000000,0.000000
1252000,0.000024,-92.256678,8.000000,0.000000
1252500,0.000026,-91.857499,8.000000,0.000000
1253000,0.000025,-92.116127,6.000000,0.000000
1253500,0.000025,-92.147173,6.000000,0.000000
1254000,0.000025,-92.052545,6.000000,0.000000
1254500,0.000025,-91.985813,8.000000,0.000000
1255000,0.000025,-92.132361,8.000000,0.000000
1255500,0.000574,-64.826404,4.000000,0.406944
1256000,0.000258,-71.772971,6.000000,0.129081
1256500,0.002531,-51.934796,10.000000,0.922608
1257000,0.007754,-42.209811,8.000000,1.000000
1257500,0.004809,-46.358343,10.000000,1.000000
1258000,0.002264,-52.902144,8.000000,0.883914
1258500,0.002713,-51.330327,8.000000,0.946787
1259000,0.002277,-52.851665,6.000000,0.885933
1259500,0.002903,-50.743108,8.000000,0.970276
1260000,0.002484,-52.096429,8.000000,0.916143
1260500,0.001837,-54.719527,10.000000,0.811219
1261000,0.001487,-56.550900,8.000000,0.737964
1261500,0.001159,-58.720043,10.000000,0.651198
1262000,0.001351,-57.384311,10.000000,0.704628
1262500,0.002502,-52.034693,6.000000,0.918612
1263000,0.000662,-63.579746,8.000000,0.456810
1263500,0.003217,-49.849742,10.000000,1.000000
1264000,0.006182,-44.177029,8.000000,1.000000
1264500,0.006192,-44.162880,10.000000,1.000000
1265000,0.004639,-46.671213,8.000000,1.000000
1265500,0.002456,-52.193943,8.000000,0.912242
1266000,0.001414,-56.990778,8.000000,0.720369
1266500,0.004599,-46.746521,10.000000,1.000000
1267000,0.004792,-46.389044,8.000000,1.000000
1267500,0.004017,-47.920971,8.000000,1.000000
1268000,0.002499,-52.043559,8.000000,0.918258
1268500,0.002388,-52.439840,10.000000,0.902406
1269000,0.001397,-57.095157,8.000000,0.716194
1269500,0.000935,-60.580008,8.000000,0.576800
1270000,0.000904,-60.876035,10.000000,0.564959
1270500,0.000521,-65.658079,8.000000,0.373677
1271000,0.000416,-67.614014,8.000000,0.295439
1271500,0.000158,-76.022652,6.000000,0.000000
1272000,0.002373,-52.494658,6.000000,0.900214
1272500,0.002074,-53.664526,8.000000,0.853419
1273000,0.000885,-61.061460,6.000000,0.557542
1273500,0.000153,-76.303903,4.000000,0.000000
1274000,0.000049,-86.285056,4.000000,0.000000
1274500,0.000035,-89.145271,8.000000,0.000000
1275000,0.000029,-90.874134,6.000000,0.000000
1275500,0.000029,-90.680983,6.000000,0.000000
1276000,0.000028,-91.181573,4.000000,0.000000
1276500,0.000028,-91.043742,6.000000,0.000000
1277000,0.000026,-91.552783,6.000000,0.000000
1277500,0.000026,-91.585762,6.000000,0.000000
1278000,0.000027,-91.362178,8.000000,0.000000
1278500,0.000027,-91.372583,8.000000,0.000000
1279000,0.000029,-90.744919,8.000000,0.000000
1279500,0.000034,-89.476984,4.000000,0.000000
1280000,0.000053,-85.596800,8.000000,0.000000
1280500,0.000098,-80.187824,6.000000,0.000000
1281000,0.000076,-82.408904,2.000000,0.000000
1281500,0.000076,-82.419187,4.000000,0.000000
1282000,0.002944,-50.620059,10.000000,0.975198
1282500,0.001794,-54.922615,8.000000,0.803095
1283000,0.001597,-55.933639,8.000000,0.762654
1283500,0.001687,-55.458256,8.000000,0.781670
1284000,0.001966,-54.128646,10.000000,0.834854
1284500,0.001951,-54.196824,6.000000,0.832127
1285000,0.001123,-58.990750,8.000000,0.640370
1285500,0.005095,-45.857234,8.000000,1.000000
1286000,0.003495,-49.130648,10.000000,1.000000
1286500,0.002347,-52.591444,8.000000,0.896342
1287000,0.001704,-55.371299,10.000000,0.785148
1287500,0.001275,-57.892924,10.000000,0.684283
1288000,0.000990,-60.086541,8.000000,0.596538
1288500,0.000364,-68.775878,8.000000,0.248965
1289000,0.003571,-48.944292,8.000000,1.000000
1289500,0.002368,-52.511120,8.000000,0.899555
1290000,0.001602,-55.907311,10.000000,0.763708
1290500,0.001392,-57.125423,8.000000,0.714983
1291000,0.001020,-59.831378,8.000000,0.606745
1291500,0.000825,-61.675754,8.000000,0.532970
1292000,0.000116,-78.694846,8.000000,0.000000
1292500,0.000051,-85.788551,6.000000,0.000000
1293000,0.000034,-89.371388,8.000000,0.000000
1293500,0.000034,-89.370600,6.000000,0.000000
1294000,0.000069,-83.234733,6.000000,0.000000
1294500,0.000080,-81.955124,6.000000,0.000000
1295000,0.000076,-82.359411,8.000000,0.000000
1295500,0.000055,-85.191676,4.000000,0.000000
1296000,0.000043,-87.372304,6.000000,0.000000
1296500,0.000059,-84.516022,6.000000,0.000000
1297000,0.000042,-87.538065,8.000000,0.000000
1297500,0.000062,-84.099834,8.000000,0.000000
1298000,0.000073,-82.772735,10.000000,0.000000
1298500,0.000102,-79.824576,4.000000,0.000000
1299000,0.001389,-57.143926,8.000000,0.714243
1299500,0.004204,-47.527628,8.000000,1.000000
1300000,0.002578,-51.775964,8.000000,0.928961
1300500,0.001412,-57.003847,8.000000,0.719846
1301000,0.004568,-46.804804,8.000000,1.000000
1301500,0.007678,-42.295140,8.000000,1.000000
1302000,0.004327,-47.275891,8.000000,1.000000
1302500,0.003128,-50.093560,10.000000,0.996258
1303000,0.002209,-53.117478,8.000000,0.875301
1303500,0.001821,-54.792951,10.000000,0.808282
1304000,0.007148,-42.915936,8.000000,1.000000
1304500,0.001747,-55.152562,8.000000,0.793898
1305000,0.000931,-60.622223,10.000000,0.575111
1305500,0.006218,-44.126474,8.000000,1.000000
1306000,0.003725,-48.577246,10.000000,1.000000
1306500,0.002517,-51.981888,8.000000,0.920724
1307000,0.001891,-54.467014,8.000000,0.821319
1307500,0.001095,-59.209087,8.000000,0.631637
1308000,0.000319,-69.920648,2.000000,0.203174
1308500,0.001546,-56.213907,10.000000,0.751444
1309000,0.002601,-51.695816,10.000000,0.932167
1309500,0.002093,-53.583313,4.000000,0.856667
1310000,0.002656,-51.516404,8.000000,0.939344
1310500,0.002473,-52.135407,6.000000,0.914584
1311000,0.001940,-54.242477,8.000000,0.830301
1311500,0.001091,-59.246436,10.000000,0.630143
1312000,0.003247,-49.770202,8.000000,1.000000
1312500,0.001610,-55.862400,8.000000,0.765504
1313000,0.001460,-56.712861,10.000000,0.731486
1313500,0.001407,-57.034874,8.000000,0.718605
1314000,0.001087,-59.279387,10.000000,0.628825
1314500,0.000878,-61.126804,8.000000,0.554928
1315000,0.000711,-62.965373,8.000000,0.481385
1315500,0.004914,-46.170867,10.000000,1.000000
1316000,0.003347,-49.507372,8.000000,1.000000
1316500,0.002391,-52.427890,8.000000,0.902884
1317000,0.001774,-55.019702,10.000000,0.799212
1317500,0.001309,-57.662033,8.000000,0.693519
1318000,0.006001,-44.435281,8.000000,1.000000
1318500,0.008114,-41.815721,8.000000,1.000000
1319000,0.002284,-52.827104,8.000000,0.886916
1319500,0.003907,-48.163436,10.000000,1.000000
1320000,0.008195,-41.728842,8.000000,1.000000
1320500,0.005016,-45.991994,10.000000,1.000000
1321000,0.003448,-49.248523,8.000000,1.000000
1321500,0.002509,-52.010966,8.000000,0.919561
1322000,0.001111,-59.086058,8.000000,0.636558
1322500,0.000632,-63.992128,8.000000,0.440315
1323000,0.001806,-54.867066,8.000000,0.805317
1323500,0.003491,-49.141721,6.000000,1.000000
1324000,0.003590,-48.899249,10.000000,1.000000
1324500,0.004448,-47.037369,8.000000,1.000000
1325000,0.003654,-48.745494,8.000000,1.000000
1325500,0.001793,-54.928257,10.000000,0.802870
1326000,0.001670,-55.543936,8.000000,0.778243
1326500,0.002948,-50.609406,8.000000,0.975624
1327000,0.002658,-51.509850,8.000000,0.939606
1327500,0.002340,-52.615577,10.000000,0.895377
1328000,0.001927,-54.301100,8.000000,0.827956
1328500,0.001300,-57.719241,8.000000,0.691230
1329000,0.000330,-69.630777,6.000000,0.214769
1329500,0.001759,-55.095736,6.000000,0.796171
1330000,0.005827,-44.691367,10.000000,1.000000
1330500,0.002934,-50.650778,8.000000,0.973969
1331000,0.001782,-54.979580,10.000000,0.800817
1331500,0.001335,-57.489099,10.000000,0.700436
1332000,0.000963,-60.329504,8.000000,0.586820
1332500,0.000598,-64.471367,8.000000,0.421145
1333000,0.000357,-68.944467,6.000000,0.242221
1333500,0.001787,-54.956080,10.000000,0.801757
1334000,0.003730,-48.565278,8.000000,1.000000
1334500,0.004890,-46.213479,10.000000,1.000000
1335000,0.001953,-54.187238,8.000000,0.832510
1335500,0.001259,-58.001979,10.000000,0.679921
1336000,0.001008,-59.928751,8.000000,0.602850
1336500,0.000446,-67.019229,6.000000,0.319231
1337000,0.000878,-61.127345,8.000000,0.554906
1337500,0.001229,-58.205834,10.000000,0.671767
1338000,0.002036,-53.824410,8.000000,0.847024
1338500,0.003785,-48.439544,8.000000,1.000000
1339000,0.000852,-61.390196,6.000000,0.544392
1339500,0.000202,-73.909262,2.000000,0.043630
1340000,0.000093,-80.658638,4.000000,0.000000
1340500,0.000041,-87.758016,8.000000,0.000000
1341000,0.000042,-87.545587,6.000000,0.000000
1341500,0.000036,-88.784433,4.000000,0.000000
1342000,0.000033,-89.672732,8.000000,0.000000
1342500,0.000071,-82.919069,4.000000,0.000000
1343000,0.000091,-80.787881,4.000000,0.000000
1343500,0.000097,-80.261333,6.000000,0.000000
1344000,0.000127,-77.949971,8.000000,0.000000
1344500,0.000122,-78.275459,8.000000,0.000000
1345000,0.000060,-84.370534,6.000000,0.000000
1345500,0.000048,-86.466099,8.000000,0.000000
1346000,0.000045,-86.904522,4.000000,0.000000
1346500,0.000061,-84.266391,0.000000,0.000000
1347000,0.000062,-84.219927,6.000000,0.000000
1347500,0.000050,-86.034525,4.000000,0.000000
1348000,0.000048,-86.360703,4.000000,0.000000
1348500,0.000608,-64.318188,4.000000,0.427272
1349000,0.001753,-55.126416,8.000000,0.794943
1349500,0.001056,-59.523591,10.000000,0.619056
1350000,0.000769,-62.276266,8.000000,0.508949
1350500,0.000480,-66.381095,8.000000,0.344756
1351000,0.000284,-70.931841,6.000000,0.162726
1351500,0.000324,-69.789263,4.000000,0.208429
1352000,0.005103,-45.843189,10.000000,1.000000
1352500,0.003478,-49.173200,6.000000,1.000000
1353000,0.002370,-52.504430,8.000000,0.899823
1353500,0.003766,-48.481286,10.000000,1.000000
1354000,0.003812,-48.377876,8.000000,1.000000
1354500,0.005587,-45.056712,10.000000,1.000000
1355000,0.003790,-48.426292,8.000000,1.000000
1355500,0.004614,-46.718443,8.000000,1.000000
1356000,0.002965,-50.558530,10.000000,0.977659
1356500,0.003225,-49.830747,8.000000,1.000000
1357000,0.003277,-49.690590,8.000000,1.000000
1357500,0.001997,-53.992353,8.000000,0.840306
1358000,0.001163,-58.687754,8.000000,0.652490
1358500,0.001085,-59.289414,8.000000,0.628423
1359000,0.000226,-72.931807,2.000000,0.082728
1359500,0.000057,-84.807803,0.000000,0.000000
1360000,0.000034,-89.281557,8.000000,0.000000
1360500,0.000041,-87.640143,6.000000,0.000000
1361000,0.000044,-87.227838,6.000000,0.000000
1361500,0.000038,-88.416728,6.000000,0.000000
1362000,0.000037,-88.525658,6.000000,0.000000
1362500,0.000032,-89.881418,6.000000,0.000000
1363000,0.000030,-90.457240,6.000000,0.000000
1363500,0.000028,-91.155556,8.000000,0.000000
1364000,0.000031,-90.076684,4.000000,0.000000
1364500,0.000031,-90.109566,6.000000,0.000000
1365000,0.000028,-90.913079,6.000000,0.000000
1365500,0.000034,-89.267894,6.000000,0.000000
1366000,0.000033,-89.664902,4.000000,0.000000
1366500,0.000028,-91.180568,6.000000,0.000000
1367000,0.000027,-91.268954,8.000000,0.000000
1367500,0.000026,-91.836353,8.000000,0.000000
1368000,0.000028,-90.933557,6.000000,0.000000
1368500,0.000035,-89.217380,8.000000,0.000000
1369000,0.000032,-90.023099,2.000000,0.000000
1369500,0.000032,-89.837766,8.000000,0.000000
1370000,0.000027,-91.527329,6.000000,0.000000
1370500,0.000026,-91.573138,4.000000,0.000000
1371000,0.000030,-90.440349,6.000000,0.000000
1371500,0.000029,-90.775245,4.000000,0.000000
1372000,0.000035,-89.160431,6.000000,0.000000
1372500,0.000026,-91.577913,6.000000,0.000000
1373000,0.000029,-90.623391,6.000000,0.000000
1373500,0.000031,-90.198971,6.000000,0.000000
1374000,0.000029,-90.672735,6.000000,0.000000
1374500,0.000028,-91.087538,6.000000,0.000000
1375000,0.000030,-90.469267,6.000000,0.000000
1375500,0.000032,-89.887259,4.000000,0.000000
1376000,0.000030,-90.458510,8.000000,0.000000
1376500,0.000029,-90.670865,6.000000,0.000000
1377000,0.000032,-89.764356,8.000000,0.000000
1377500,0.000031,-90.183568,6.000000,0.000000
1378000,0.000108,-79.314394,4.000000,0.000000
1378500,0.000143,-76.864164,4.000000,0.000000
1379000,0.000125,-78.047497,4.000000,0.000000
1379500,0.006174,-44.189093,8.000000,1.000000
1380000,0.004529,-46.880836,10.000000,1.000000
1380500,0.002653,-51.525790,8.000000,0.938968
1381000,0.001794,-54.921746,8.000000,0.803130
1381500,0.002725,-51.291159,10.000000,0.948354
1382000,0.001919,-54.339646,8.000000,0.826414
1382500,0.004075,-47.796789,8.000000,1.000000
1383000,0.005035,-45.960371,8.000000,1.000000
1383500,0.004267,-47.396886,10.000000,1.000000
1384000,0.004217,-47.499568,8.000000,1.000000
1384500,0.002859,-50.874817,10.000000,0.965007
1385000,0.005795,-44.739614,8.000000,1.000000
1385500,0.005638,-44.977133,10.000000,1.000000
1386000,0.004062,-47.826197,10.000000,1.000000
1386500,0.002544,-51.890796,6.000000,0.924368
1387000,0.004648,-46.655554,10.000000,1.000000
1387500,0.003138,-50.067617,8.000000,0.997295
1388000,0.002364,-52.527220,8.000000,0.898911
1388500,0.002239,-53.000825,10.000000,0.879967
1389000,0.001262,-57.978712,8.000000,0.680852
1389500,0.000829,-61.629435,6.000000,0.534823
1390000,0.000223,-73.048133,4.000000,0.078075
1390500,0.003662,-48.724557,10.000000,1.000000
1391000,0.001667,-55.563211,6.000000,0.777472
1391500,0.000374,-68.543628,4.000000,0.258255
1392000,0.000083,-81.581414,4.000000,0.000000
1392500,0.000037,-88.546032,6.000000,0.000000
1393000,0.000030,-90.368764,4.000000,0.000000
1393500,0.000033,-89.594972,6.000000,0.000000
1394000,0.000030,-90.327175,4.000000,0.000000
1394500,0.000032,-90.023733,4.000000,0.000000
1395000,0.000055,-85.267147,4.000000,0.000000
1395500,0.000054,-85.402953,4.000000,0.000000
1396000,0.001524,-56.341887,8.000000,0.746325
1396500,0.002183,-53.220783,10.000000,0.871169
1397000,0.001693,-55.424892,8.000000,0.783004
1397500,0.000973,-60.241515,6.000000,0.590339
1398000,0.004705,-46.548166,10.000000,1.000000
1398500,0.003426,-49.303788,8.000000,1.000000
1399000,0.002169,-53.276776,10.000000,0.868929
1399500,0.001505,-56.446673,10.000000,0.742133
1400000,0.000472,-66.514819,4.000000,0.339407
1400500,0.002105,-53.536803,10.000000,0.858528
1401000,0.009184,-40.739568,8.000000,1.000000
1401500,0.011240,-38.984410,10.000000,1.000000
1402000,0.007254,-42.788195,8.000000,1.000000
1402500,0.004589,-46.766417,8.000000,1.000000
1403000,0.002792,-51.081112,8.000000,0.956756
1403500,0.002550,-51.870266,6.000000,0.925189
1404000,0.002477,-52.123219,10.000000,0.915071
1404500,0.002490,-52.074993,6.000000,0.917000
1405000,0.005209,-45.664103,8.000000,1.000000
1405500,0.002923,-50.684673,8.000000,0.972613
1406000,0.005151,-45.762242,10.000000,1.000000
1406500,0.002437,-52.263998,8.000000,0.909440
1407000,0.001891,-54.466177,8.000000,0.821353
1407500,0.003926,-48.121978,6.000000,1.000000
1408000,0.002736,-51.258234,8.000000,0.949671
1408500,0.002492,-52.070674,10.000000,0.917173
1409000,0.004051,-47.848268,10.000000,1.000000
1409500,0.003156,-50.016201,8.000000,0.999352
1410000,0.006257,-44.073305,6.000000,1.000000
1410500,0.006044,-44.373375,10.000000,1.000000
1411000,0.006500,-43.741850,8.000000,1.000000
1411500,0.006114,-44.272802,10.000000,1.000000
1412000,0.005221,-45.644767,8.000000,1.000000
1412500,0.004464,-47.004720,8.000000,1.000000
1413000,0.004457,-47.019890,10.000000,1.000000
1413500,0.002622,-51.627095,8.000000,0.934916
1414000,0.004102,-47.740435,8.000000,1.000000
1414500,0.009343,-40.590620,10.000000,1.000000
1415000,0.006936,-43.178343,8.000000,1.000000
1415500,0.006702,-43.476065,8.000000,1.000000
1416000,0.003404,-49.359364,8.000000,1.000000
1416500,0.003983,-47.995690,8.000000,1.000000
1417000,0.003435,-49.281760,6.000000,1.000000
1417500,0.004247,-47.437837,8.000000,1.000000
1418000,0.004522,-46.893303,8.000000,1.000000
1418500,0.005017,-45.990501,6.000000,1.000000
1419000,0.002073,-53.668526,6.000000,0.853259
1419500,0.002137,-53.402772,8.000000,0.863889
1420000,0.003279,-49.684951,8.000000,1.000000
1420500,0.004053,-47.844489,8.000000,1.000000
1421000,0.001327,-57.539833,10.000000,0.698407
1421500,0.000344,-69.261392,2.000000,0.229544
1422000,0.000090,-80.911112,4.000000,0.000000
1422500,0.000039,-88.087192,6.000000,0.000000
1423000,0.000029,-90.690204,4.000000,0.000000
1423500,0.000027,-91.367798,4.000000,0.000000
1424000,0.000027,-91.533333,6.000000,0.000000
1424500,0.000029,-90.783470,6.000000,0.000000
1425000,0.000030,-90.491469,6.000000,0.000000
1425500,0.000030,-90.496043,8.000000,0.000000
1426000,0.000030,-90.507833,4.000000,0.000000
1426500,0.000027,-91.316745,6.000000,0.000000
1427000,0.000029,-90.653439,4.000000,0.000000
1427500,0.000028,-90.905924,6.000000,0.000000
1428000,0.000028,-91.089727,6.000000,0.000000
1428500,0.000033,-89.593295,8.000000,0.000000
1429000,0.000029,-90.892725,6.000000,0.000000
1429500,0.000028,-91.045780,6.000000,0.000000
1430000,0.000027,-91.346092,6.000000,0.000000
1430500,0.000029,-90.699202,6.000000,0.000000
1431000,0.000030,-90.560247,6.000000,0.000000
1431500,0.000030,-90.474880,6.000000,0.000000
1432000,0.000027,-91.330883,4.000000,0.000000
1432500,0.000027,-91.531994,6.000000,0.000000
1433000,0.000030,-90.360765,6.000000,0.000000
1433500,0.000030,-90.363722,6.000000,0.000000
1434000,0.000030,-90.588064,6.000000,0.000000
1434500,0.000030,-90.315175,8.000000,0.000000
1435000,0.000029,-90.898022,6.000000,0.000000
1435500,0.000029,-90.763382,6.000000,0.000000
1436000,0.000027,-91.468982,6.000000,0.000000
1436500,0.000026,-91.660595,10.000000,0.000000
1437000,0.000026,-91.633947,4.000000,0.000000
1437500,0.000025,-92.033064,4.000000,0.000000
1438000,0.000028,-91.011821,8.000000,0.000000
1438500,0.000032,-90.029231,6.000000,0.000000
1439000,0.000031,-90.228001,4.000000,0.000000
1439500,0.000035,-89.082396,2.000000,0.000000
1440000,0.000029,-90.710637,4.000000,0.000000
1440500,0.000032,-89.801848,6.000000,0.000000
1441000,0.000033,-89.683723,8.000000,0.000000
1441500,0.000027,-91.423999,4.000000,0.000000
1442000,0.000028,-91.026093,6.000000,0.000000
1442500,0.000029,-90.880593,6.000000,0.000000
1443000,0.000030,-90.383834,6.000000,0.000000
1443500,0.000034,-89.488124,6.000000,0.000000
1444000,0.000029,-90.627762,6.000000,0.000000
1444500,0.000027,-91.498054,8.000000,0.000000
1445000,0.000028,-90.934919,8.000000,0.000000
1445500,0.000029,-90.629574,6.000000,0.000000
1446000,0.000030,-90.397893,6.000000,0.000000
1446500,0.000027,-91.471914,6.000000,0.000000
1447000,0.000028,-91.132425,6.000000,0.000000
1447500,0.000027,-91.310020,4.000000,0.000000
1448000,0.000027,-91.264815,8.000000,0.000000
1448500,0.000036,-88.990255,4.000000,0.000000
1449000,0.000027,-91.345555,6.000000,0.000000
1449500,0.000027,-91.259493,4.000000,0.000000
1450000,0.000028,-91.130213,8.000000,0.000000
1450500,0.000031,-90.304409,6.000000,0.000000
1451000,0.000028,-90.961992,6.000000,0.000000
1451500,0.000025,-91.890200,2.000000,0.000000
1452000,0.000027,-91.425658,6.000000,0.000000
1452500,0.000026,-91.861344,6.000000,0.000000
1453000,0.000028,-91.021279,6.000000,0.000000
1453500,0.000027,-91.289426,8.000000,0.000000
1454000,0.000028,-91.045764,6.000000,0.000000
1454500,0.000066,-83.579423,6.000000,0.000000
1455000,0.000117,-78.607089,6.000000,0.000000
1455500,0.000814,-61.784152,4.000000,0.528634
1456000,0.002037,-53.818314,10.000000,0.847267
1456500,0.001293,-57.766432,8.000000,0.689343
1457000,0.000773,-62.237672,8.000000,0.510493
1457500,0.000392,-68.136632,8.000000,0.274535
1458000,0.001194,-58.457427,4.000000,0.661703
1458500,0.008320,-41.597598,10.000000,1.000000
1459000,0.003317,-49.584692,8.000000,1.000000
1459500,0.001449,-56.777291,10.000000,0.728908
1460000,0.000526,-65.587563,6.000000,0.376497
1460500,0.000096,-80.327781,4.000000,0.000000
1461000,0.000050,-85.957015,2.000000,0.000000
1461500,0.000030,-90.460455,6.000000,0.000000
1462000,0.000080,-81.932016,2.000000,0.000000
1462500,0.000039,-88.186499,6.000000,0.000000
1463000,0.000053,-85.437891,0.000000,0.000000
1463500,0.000062,-84.173729,4.000000,0.000000
1464000,0.000033,-89.712599,4.000000,0.000000
1464500,0.000075,-82.537826,2.000000,0.000000
1465000,0.000037,-88.660512,6.000000,0.000000
1465500,0.000055,-85.172723,4.000000,0.000000
1466000,0.000052,-85.639556,4.000000,0.000000
1466500,0.000987,-60.117851,8.000000,0.595286
1467000,0.002327,-52.663288,8.000000,0.893468
1467500,0.001613,-55.845485,8.000000,0.766181
1468000,0.000942,-60.516888,6.000000,0.579324
1468500,0.000902,-60.897704,6.000000,0.564092
1469000,0.004235,-47.463030,10.000000,1.000000
1469500,0.007061,-43.022437,8.000000,1.000000
1470000,0.003126,-50.100305,10.000000,0.995988
1470500,0.001645,-55.677148,10.000000,0.772914
1471000,0.001055,-59.535062,8.000000,0.618598
1471500,0.000171,-75.359502,4.000000,0.000000
1472000,0.002137,-53.404758,10.000000,0.863810
1472500,0.006271,-44.053405,8.000000,1.000000
1473000,0.002904,-50.738944,10.000000,0.970442
1473500,0.001245,-58.096784,8.000000,0.676129
1474000,0.000732,-62.710834,8.000000,0.491567
1474500,0.000483,-66.323923,2.000000,0.347043
1475000,0.000624,-64.094862,6.000000,0.436206
1475500,0.002054,-53.745904,8.000000,0.850164
1476000,0.003922,-48.130479,8.000000,1.000000
1476500,0.003407,-49.351719,6.000000,1.000000
1477000,0.002090,-53.598833,10.000000,0.856047
1477500,0.001684,-55.472759,8.000000,0.781090
1478000,0.000843,-61.482268,10.000000,0.540709
1478500,0.004532,-46.873758,6.000000,1.000000
1479000,0.002289,-52.807457,6.000000,0.887702
1479500,0.001789,-54.949461,10.000000,0.802022
1480000,0.005351,-45.431988,8.000000,1.000000
1480500,0.003457,-49.227225,10.000000,1.000000
1481000,0.001657,-55.615881,8.000000,0.775365
1481500,0.003544,-49.010900,10.000000,1.000000
1482000,0.004356,-47.217937,8.000000,1.000000
1482500,0.002412,-52.353068,6.000000,0.905877
1483000,0.004528,-46.882000,10.000000,1.000000
1483500,0.005622,-45.001739,10.000000,1.000000
1484000,0.002324,-52.676426,8.000000,0.892943
1484500,0.001141,-58.856257,6.000000,0.645750
1485000,0.004631,-46.687258,10.000000,1.000000
1485500,0.003613,-48.843417,10.000000,1.000000
1486000,0.005162,-45.743634,8.000000,1.000000
1486500,0.005488,-45.211607,10.000000,1.000000
1487000,0.003784,-48.440041,8.000000,1.000000
1487500,0.001876,-54.536513,8.000000,0.818539
1488000,0.001313,-57.637115,8.000000,0.694515
1488500,0.003214,-49.860336,10.000000,1.000000
1489000,0.002664,-51.489671,8.000000,0.940413
1489500,0.002540,-51.902149,8.000000,0.923914
1490000,0.002905,-50.738412,8.000000,0.970464
1490500,0.001568,-56.094071,10.000000,0.756237
1491000,0.000392,-68.136623,6.000000,0.274535
1491500,0.002953,-50.595442,8.000000,0.976182
1492000,0.001889,-54.474835,8.000000,0.821007
1492500,0.001287,-57.807525,8.000000,0.687699
1493000,0.001070,-59.415808,8.000000,0.623368
1493500,0.000837,-61.542381,8.000000,0.538305
1494000,0.001250,-58.064349,8.000000,0.677426
1494500,0.001236,-58.158202,8.000000,0.673672
1495000,0.004463,-47.007186,8.000000,1.000000
1495500,0.003476,-49.179468,10.000000,1.000000
1496000,0.002166,-53.288426,10.000000,0.868463
1496500,0.001715,-55.313880,8.000000,0.787445
1497000,0.000953,-60.419151,8.000000,0.583234
1497500,0.002957,-50.581850,8.000000,0.976726
1498000,0.002366,-52.517955,10.000000,0.899282
1498500,0.004321,-47.287537,8.000000,1.000000
1499000,0.002633,-51.590730,10.000000,0.936371
1499500,0.001731,-55.233197,8.000000,0.790672
1500000,0.001328,-57.534184,10.000000,0.698633
1500500,0.001084,-59.297906,8.000000,0.628084
1501000,0.000398,-68.005949,8.000000,0.279762
1501500,0.003067,-50.264534,8.000000,0.989419
1502000,0.002501,-52.036128,6.000000,0.918555
1502500,0.001815,-54.823114,8.000000,0.807075
1503000,0.001092,-59.237070,10.000000,0.630517
1503500,0.001118,-59.029201,8.000000,0.638832
1504000,0.004727,-46.507912,8.000000,1.000000
1504500,0.003599,-48.876128,6.000000,1.000000
1505000,0.004094,-47.756443,8.000000,1.000000
1505500,0.001959,-54.160738,8.000000,0.833570
1506000,0.001903,-54.411276,6.000000,0.823549
1506500,0.002692,-51.399637,8.000000,0.944015
1507000,0.002840,-50.933655,8.000000,0.962654
1507500,0.004881,-46.230645,10.000000,1.000000
1508000,0.003739,-48.544236,8.000000,1.000000
1508500,0.003769,-48.474338,6.000000,1.000000
1509000,0.002527,-51.949010,8.000000,0.922040
1509500,0.007058,-43.025979,8.000000,1.000000
1510000,0.006648,-43.546685,10.000000,1.000000
1510500,0.006672,-43.515202,8.000000,1.000000
1511000,0.004449,-47.034385,6.000000,1.000000
1511500,0.005889,-44.599773,10.000000,1.000000
1512000,0.004857,-46.273064,8.000000,1.000000
1512500,0.005120,-45.815294,10.000000,1.000000
1513000,0.005292,-45.528312,8.000000,1.000000
1513500,0.003176,-49.961553,10.000000,1.000000
1514000,0.008621,-41.289158,8.000000,1.000000
1514500,0.003835,-48.325661,8.000000,1.000000
1515000,0.002028,-53.857784,8.000000,0.845689
1515500,0.006279,-44.042350,8.000000,1.000000
1516000,0.007071,-43.010103,10.000000,1.000000
1516500,0.008398,-41.516017,6.000000,1.000000
1517000,0.007147,-42.917956,8.000000,1.000000
1517500,0.007197,-42.856957,6.000000,1.000000
1518000,0.005380,-45.384909,10.000000,1.000000
1518500,0.004649,-46.653498,8.000000,1.000000
1519000,0.006472,-43.779403,10.000000,1.000000
1519500,0.005347,-45.438272,10.000000,1.000000
1520000,0.002350,-52.577586,8.000000,0.896897
1520500,0.003889,-48.203929,8.000000,1.000000
1521000,0.001908,-54.390123,8.000000,0.824395
1521500,0.002031,-53.846992,6.000000,0.846120
1522000,0.000636,-63.935200,8.000000,0.442592
1522500,0.000104,-79.655908,2.000000,0.000000
1523000,0.000054,-85.368601,4.000000,0.000000
1523500,0.000057,-84.818736,0.000000,0.000000
1524000,0.000040,-87.969499,2.000000,0.000000
1524500,0.000043,-87.395624,4.000000,0.000000
1525000,0.000042,-87.552171,2.000000,0.000000
1525500,0.000060,-84.401661,0.000000,0.000000
1526000,0.000047,-86.516070,0.000000,0.000000
1526500,0.000050,-86.013448,0.000000,0.000000
1527000,0.000042,-87.606421,2.000000,0.000000
1527500,0.000065,-83.737217,2.000000,0.000000
1528000,0.001159,-58.719655,10.000000,0.651214
1528500,0.000759,-62.397388,6.000000,0.504104
1529000,0.000581,-64.718777,10.000000,0.411249
1529500,0.000450,-66.935368,8.000000,0.322585
1530000,0.000350,-69.114882,10.000000,0.235405
1530500,0.000651,-63.723072,8.000000,0.451077
1531000,0.000907,-60.849246,10.000000,0.566030
1531500,0.000574,-64.826393,8.000000,0.406944
1532000,0.000446,-67.019443,8.000000,0.319222
1532500,0.000381,-68.382206,0.000000,0.264712
1533000,0.000197,-74.126302,2.000000,0.034948
1533500,0.000060,-84.435106,0.000000,0.000000
1534000,0.000036,-88.780249,2.000000,0.000000
1534500,0.000030,-90.419097,2.000000,0.000000
1535000,0.000031,-90.066306,0.000000,0.000000
1535500,0.000037,-88.557335,0.000000,0.000000
1536000,0.000034,-89.353605,4.000000,0.000000
1536500,0.000031,-90.075937,2.000000,0.000000
1537000,0.000027,-91.461391,2.000000,0.000000
1537500,0.000036,-88.896979,0.000000,0.000000
1538000,0.000026,-91.688074,4.000000,0.000000
1538500,0.000106,-79.503893,2.000000,0.000000
1539000,0.000036,-88.826925,4.000000,0.000000
1539500,0.000033,-89.641836,2.000000,0.000000
1540000,0.000033,-89.651724,0.000000,0.000000
1540500,0.000036,-88.964476,2.000000,0.000000
1541000,0.000043,-87.325334,0.000000,0.000000
1541500,0.000079,-82.007983,2.000000,0.000000
1542000,0.000066,-83.652863,2.000000,0.000000
1542500,0.000044,-87.224278,0.000000,0.000000
1543000,0.000059,-84.595400,0.000000,0.000000
1543500,0.000042,-87.549382,0.000000,0.000000
1544000,0.000045,-86.881562,2.000000,0.000000
1544500,0.000052,-85.649128,2.000000,0.000000
1545000,0.000087,-81.183585,6.000000,0.000000
1545500,0.000078,-82.198342,4.000000,0.000000
1546000,0.000056,-84.982460,2.000000,0.000000
1546500,0.000034,-89.427924,2.000000,0.000000
1547000,0.000037,-88.548503,2.000000,0.000000
1547500,0.000032,-89.792106,0.000000,0.000000
1548000,0.000034,-89.276882,2.000000,0.000000
1548500,0.000028,-91.158614,4.000000,0.000000
1549000,0.000035,-89.185831,4.000000,0.000000
1549500,0.000027,-91.277630,2.000000,0.000000
1550000,0.000034,-89.375562,2.000000,0.000000
1550500,0.000100,-80.013635,2.000000,0.000000
1551000,0.000095,-80.420535,0.000000,0.000000
1551500,0.000072,-82.839486,2.000000,0.000000
1552000,0.000071,-83.034657,0.000000,0.000000
1552500,0.000057,-84.812170,0.000000,0.000000
1553000,0.000051,-85.886493,0.000000,0.000000
1553500,0.000051,-85.844859,4.000000,0.000000
1554000,0.000070,-83.125617,0.000000,0.000000
1554500,0.000120,-78.435889,4.000000,0.000000
1555000,0.000045,-86.932874,4.000000,0.000000
1555500,0.000032,-89.882293,4.000000,0.000000
1556000,0.000037,-88.614639,2.000000,0.000000
1556500,0.000035,-89.010274,0.000000,0.000000
1557000,0.000038,-88.474036,0.000000,0.000000
1557500,0.000110,-79.208224,4.000000,0.000000
1558000,0.001119,-59.025641,6.000000,0.638974
1558500,0.000683,-63.308970,8.000000,0.467641
1559000,0.000285,-70.904408,6.000000,0.163824
1559500,0.000174,-75.193851,4.000000,0.000000
1560000,0.000108,-79.300106,4.000000,0.000000
1560500,0.000155,-76.198372,8.000000,0.000000
1561000,0.000107,-79.448353,4.000000,0.000000
1561500,0.000098,-80.148713,8.000000,0.000000
1562000,0.000099,-80.093434,4.000000,0.000000
1562500,0.000075,-82.453850,0.000000,0.000000
1563000,0.000112,-79.022497,4.000000,0.000000
1563500,0.000116,-78.692773,2.000000,0.000000
1564000,0.000077,-82.244120,4.000000,0.000000
1564500,0.000051,-85.821958,4.000000,0.000000
1565000,0.000042,-87.594317,0.000000,0.000000
1565500,0.000040,-88.003459,2.000000,0.000000
1566000,0.000037,-88.655314,0.000000,0.000000
1566500,0.000034,-89.323796,4.000000,0.000000
1567000,0.000032,-89.991679,0.000000,0.000000
1567500,0.000030,-90.479556,8.000000,0.000000
1568000,0.000028,-91.008395,4.000000,0.000000
1568500,0.000027,-91.219525,4.000000,0.000000
1569000,0.000090,-80.940819,2.000000,0.000000
1569500,0.000042,-87.523776,2.000000,0.000000
1570000,0.000059,-84.618947,0.000000,0.000000
1570500,0.000029,-90.778644,4.000000,0.000000
1571000,0.000027,-91.337227,2.000000,0.000000
1571500,0.000027,-91.439812,0.000000,0.000000
1572000,0.000027,-91.514327,2.000000,0.000000
1572500,0.000028,-91.210751,4.000000,0.000000
1573000,0.000027,-91.446678,0.000000,0.000000
1573500,0.000026,-91.608481,4.000000,0.000000
1574000,0.000032,-89.869535,4.000000,0.000000
1574500,0.000030,-90.339333,4.000000,0.000000
1575000,0.000031,-90.309256,4.000000,0.000000
1575500,0.000027,-91.230552,4.000000,0.000000
1576000,0.000037,-88.608491,2.000000,0.000000
1576500,0.000057,-84.869411,4.000000,0.000000
1577000,0.000054,-85.390247,2.000000,0.000000
1577500,0.000040,-88.047631,0.000000,0.000000
1578000,0.000037,-88.744240,4.000000,0.000000
1578500,0.000032,-89.848504,2.000000,0.000000
1579000,0.000029,-90.719439,0.000000,0.000000
1579500,0.000030,-90.432330,4.000000,0.000000
1580000,0.000028,-90.959558,6.000000,0.000000
1580500,0.000036,-88.975102,4.000000,0.000000
1581000,0.000033,-89.753573,2.000000,0.000000
1581500,0.000027,-91.235808,4.000000,0.000000
1582000,0.000030,-90.378693,4.000000,0.000000
1582500,0.000028,-91.048824,4.000000,0.000000
1583000,0.000029,-90.640772,4.000000,0.000000
1583500,0.000027,-91.214465,4.000000,0.000000
1584000,0.000027,-91.428761,4.000000,0.000000
1584500,0.000025,-91.894390,4.000000,0.000000
1585000,0.000024,-92.250590,6.000000,0.000000
1585500,0.000026,-91.808429,4.000000,0.000000
1586000,0.000025,-92.057112,4.000000,0.000000
1586500,0.000027,-91.460024,8.000000,0.000000
1587000,0.000030,-90.350889,6.000000,0.000000
1587500,0.000061,-84.321195,0.000000,0.000000
1588000,0.000035,-89.194075,2.000000,0.000000
1588500,0.000028,-91.167425,4.000000,0.000000
1589000,0.000028,-90.998745,4.000000,0.000000
1589500,0.000031,-90.122366,2.000000,0.000000
1590000,0.000027,-91.303063,4.000000,0.000000
1590500,0.000032,-90.025418,2.000000,0.000000
1591000,0.000038,-88.489030,0.000000,0.000000
1591500,0.000036,-88.754265,2.000000,0.000000
1592000,0.000029,-90.710274,4.000000,0.000000
1592500,0.000028,-90.982368,4.000000,0.000000
1593000,0.000028,-90.987447,0.000000,0.000000
1593500,0.000030,-90.368242,6.000000,0.000000
1594000,0.000027,-91.220384,2.000000,0.000000
1594500,0.000026,-91.630737,6.000000,0.000000
1595000,0.000026,-91.657907,6.000000,0.000000
1595500,0.000033,-89.554205,2.000000,0.000000
1596000,0.000030,-90.455284,6.000000,0.000000
1596500,0.000029,-90.630061,2.000000,0.000000
1597000,0.000028,-91.018878,2.000000,0.000000
1597500,0.000027,-91.302687,2.000000,0.000000
1598000,0.000026,-91.676563,4.000000,0.000000
1598500,0.000025,-92.102911,4.000000,0.000000
1599000,0.000032,-90.005039,4.000000,0.000000
1599500,0.000029,-90.683193,4.000000,0.000000
1600000,0.000030,-90.495477,6.000000,0.000000
1600500,0.000025,-91.893470,4.000000,0.000000
1601000,0.000027,-91.280511,6.000000,0.000000
1601500,0.000028,-91.199109,4.000000,0.000000
1602000,0.000028,-91.192882,4.000000,0.000000
1602500,0.000026,-91.546720,4.000000,0.000000
1603000,0.000026,-91.569751,4.000000,0.000000
1603500,0.000030,-90.357817,2.000000,0.000000
1604000,0.000029,-90.878112,6.000000,0.000000
1604500,0.000029,-90.638368,4.000000,0.000000
1605000,0.000027,-91.267236,6.000000,0.000000
1605500,0.000025,-92.069497,2.000000,0.000000
1606000,0.000026,-91.691877,4.000000,0.000000
1606500,0.000031,-90.229167,4.000000,0.000000
1607000,0.000069,-83.171635,2.000000,0.000000
1607500,0.000066,-83.584792,4.000000,0.000000
1608000,0.000033,-89.578932,2.000000,0.000000
1608500,0.000026,-91.544911,4.000000,0.000000
1609000,0.000026,-91.754056,4.000000,0.000000
1609500,0.000026,-91.641916,4.000000,0.000000
1610000,0.000027,-91.307137,2.000000,0.000000
1610500,0.000027,-91.333417,2.000000,0.000000
1611000,0.000026,-91.551159,6.000000,0.000000
1611500,0.000026,-91.736714,4.000000,0.000000
1612000,0.000029,-90.754080,6.000000,0.000000
1612500,0.000036,-88.890525,2.000000,0.000000
1613000,0.000031,-90.070210,0.000000,0.000000
1613500,0.000029,-90.875941,2.000000,0.000000
1614000,0.000031,-90.145615,2.000000,0.000000
1614500,0.000028,-91.085213,2.000000,0.000000
1615000,0.000027,-91.266147,4.000000,0.000000
1615500,0.000029,-90.759980,2.000000,0.000000
1616000,0.000026,-91.776251,4.000000,0.000000
1616500,0.000033,-89.518931,4.000000,0.000000
1617000,0.000031,-90.256110,6.000000,0.000000
1617500,0.000028,-91.109261,2.000000,0.000000
1618000,0.000029,-90.896117,6.000000,0.000000
1618500,0.000028,-91.051542,4.000000,0.000000
1619000,0.000027,-91.342115,2.000000,0.000000
1619500,0.000027,-91.380235,0.000000,0.000000
1620000,0.000030,-90.325726,4.000000,0.000000
1620500,0.000028,-90.932253,6.000000,0.000000
1621000,0.000029,-90.642831,2.000000,0.000000
1621500,0.000028,-91.027891,4.000000,0.000000
1622000,0.000029,-90.731665,2.000000,0.000000
1622500,0.000027,-91.370453,4.000000,0.000000
1623000,0.000026,-91.565720,2.000000,0.000000
1623500,0.000027,-91.325631,4.000000,0.000000
1624000,0.000027,-91.429247,2.000000,0.000000
1624500,0.000028,-90.922026,4.000000,0.000000
1625000,0.000026,-91.625349,2.000000,0.000000
1625500,0.000028,-91.037609,2.000000,0.000000
1626000,0.000036,-88.890156,4.000000,0.000000
1626500,0.000031,-90.164631,2.000000,0.000000
1627000,0.000028,-91.005462,4.000000,0.000000
1627500,0.000033,-89.759358,4.000000,0.000000
1628000,0.000029,-90.640349,8.000000,0.000000
1628500,0.000026,-91.635659,0.000000,0.000000
1629000,0.000027,-91.277521,2.000000,0.000000
1629500,0.000027,-91.331861,2.000000,0.000000
1630000,0.000037,-88.604270,2.000000,0.000000
1630500,0.000029,-90.807051,6.000000,0.000000
1631000,0.000030,-90.541589,0.000000,0.000000
1631500,0.000027,-91.451918,6.000000,0.000000
1632000,0.000025,-91.880002,2.000000,0.000000
1632500,0.000028,-91.208086,6.000000,0.000000
1633000,0.000028,-91.049364,0.000000,0.000000
1633500,0.000029,-90.725840,4.000000,0.000000
1634000,0.000026,-91.539355,4.000000,0.000000
1634500,0.000025,-92.097104,6.000000,0.000000
1635000,0.000026,-91.843181,4.000000,0.000000
1635500,0.000026,-91.822386,2.000000,0.000000
1636000,0.000026,-91.631968,2.000000,0.000000
1636500,0.000029,-90.616076,6.000000,0.000000
1637000,0.000025,-92.021802,4.000000,0.000000
1637500,0.000027,-91.266340,2.000000,0.000000
1638000,0.000026,-91.787404,2.000000,0.000000
1638500,0.000026,-91.720279,4.000000,0.000000
1639000,0.000025,-92.079088,4.000000,0.000000
1639500,0.000024,-92.469650,4.000000,0.000000
1640000,0.000025,-92.028488,4.000000,0.000000
1640500,0.000023,-92.667235,6.000000,0.000000
1641000,0.000023,-92.611059,4.000000,0.000000
1641500,0.000026,-91.746190,6.000000,0.000000
1642000,0.000025,-91.992615,4.000000,0.000000
1642500,0.000026,-91.852585,6.000000,0.000000
1643000,0.000026,-91.584118,2.000000,0.000000
1643500,0.000026,-91.656275,4.000000,0.000000
1644000,0.000024,-92.547578,0.000000,0.000000
1644500,0.000026,-91.547191,4.000000,0.000000
1645000,0.000026,-91.689070,4.000000,0.000000
1645500,0.000026,-91.696932,6.000000,0.000000
1646000,0.000027,-91.443242,4.000000,0.000000
1646500,0.000026,-91.594585,4.000000,0.000000
1647000,0.000027,-91.455756,4.000000,0.000000
1647500,0.000026,-91.824084,2.000000,0.000000
1648000,0.000024,-92.316465,6.000000,0.000000
1648500,0.000024,-92.217212,2.000000,0.000000
1649000,0.000026,-91.613473,2.000000,0.000000
1649500,0.000025,-92.135509,4.000000,0.000000
1650000,0.000025,-92.106316,4.000000,0.000000
1650500,0.000024,-92.448288,2.000000,0.000000
1651000,0.000026,-91.756029,4.000000,0.000000
1651500,0.000024,-92.272995,4.000000,0.000000
1652000,0.000024,-92.485937,2.000000,0.000000
1652500,0.000028,-91.002370,2.000000,0.000000
1653000,0.000033,-89.501920,6.000000,0.000000
1653500,0.000056,-85.034467,4.000000,0.000000
1654000,0.000049,-86.176328,2.000000,0.000000
1654500,0.000041,-87.740413,4.000000,0.000000
1655000,0.000033,-89.566124,2.000000,0.000000
1655500,0.000028,-91.045487,2.000000,0.000000
1656000,0.000043,-87.369543,2.000000,0.000000
1656500,0.000038,-88.376119,0.000000,0.000000
1657000,0.000031,-90.101435,2.000000,0.000000
1657500,0.000031,-90.038396,2.000000,0.000000
1658000,0.000037,-88.618107,6.000000,0.000000
1658500,0.000035,-89.148181,2.000000,0.000000
1659000,0.000029,-90.636900,0.000000,0.000000
1659500,0.000028,-91.177628,6.000000,0.000000
1660000,0.000028,-91.140614,2.000000,0.000000
1660500,0.000027,-91.458519,0.000000,0.000000
1661000,0.000026,-91.547752,2.000000,0.000000
1661500,0.000030,-90.322876,2.000000,0.000000
1662000,0.000030,-90.599303,4.000000,0.000000
1662500,0.000026,-91.685043,2.000000,0.000000
1663000,0.000029,-90.753383,2.000000,0.000000
1663500,0.000025,-92.201173,2.000000,0.000000
1664000,0.000032,-89.897230,2.000000,0.000000
1664500,0.000029,-90.658499,2.000000,0.000000
1665000,0.000029,-90.829530,4.000000,0.000000
1665500,0.000031,-90.173912,0.000000,0.000000
1666000,0.000031,-90.183148,0.000000,0.000000
1666500,0.000028,-91.049859,2.000000,0.000000
1667000,0.000032,-89.999675,0.000000,0.000000
1667500,0.000037,-88.717558,2.000000,0.000000
1668000,0.000028,-91.008190,6.000000,0.000000
1668500,0.000028,-90.946570,2.000000,0.000000
1669000,0.000029,-90.825905,2.000000,0.000000
1669500,0.000031,-90.139185,0.000000,0.000000
1670000,0.000030,-90.468866,2.000000,0.000000
1670500,0.000026,-91.660284,2.000000,0.000000
1671000,0.000029,-90.623555,4.000000,0.000000
1671500,0.000026,-91.686367,4.000000,0.000000
1672000,0.000027,-91.270371,2.000000,0.000000
1672500,0.000032,-89.824752,4.000000,0.000000
1673000,0.000026,-91.843148,2.000000,0.000000
1673500,0.000027,-91.326839,2.000000,0.000000
1674000,0.000028,-90.915931,2.000000,0.000000
1674500,0.000028,-91.202210,0.000000,0.000000
1675000,0.000026,-91.617390,4.000000,0.000000
1675500,0.000027,-91.534912,0.000000,0.000000
1676000,0.000029,-90.695996,0.000000,0.000000
1676500,0.000027,-91.345955,0.000000,0.000000
1677000,0.000025,-92.119111,4.000000,0.000000
1677500,0.000095,-80.418490,2.000000,0.000000
1678000,0.000037,-88.749032,4.000000,0.000000
1678500,0.000030,-90.522401,2.000000,0.000000
1679000,0.000028,-90.910870,2.000000,0.000000
1679500,0.000031,-90.093501,0.000000,0.000000
1680000,0.000029,-90.717395,2.000000,0.000000
1680500,0.000036,-88.808331,4.000000,0.000000
1681000,0.000030,-90.348060,4.000000,0.000000
1681500,0.000029,-90.865145,0.000000,0.000000
1682000,0.000031,-90.065155,2.000000,0.000000
1682500,0.000030,-90.413203,2.000000,0.000000
1683000,0.000028,-90.950697,2.000000,0.000000
1683500,0.000025,-92.031388,0.000000,0.000000
1684000,0.000025,-92.082681,4.000000,0.000000
1684500,0.000026,-91.761459,4.000000,0.000000
1685000,0.000025,-91.896699,4.000000,0.000000
1685500,0.000030,-90.439356,4.000000,0.000000
1686000,0.000027,-91.271613,0.000000,0.000000
1686500,0.000028,-91.135337,2.000000,0.000000
1687000,0.000026,-91.710204,2.000000,0.000000
1687500,0.000027,-91.416339,0.000000,0.000000
1688000,0.000031,-90.081257,4.000000,0.000000
1688500,0.000028,-91.001461,4.000000,0.000000
1689000,0.000027,-91.426027,0.000000,0.000000
1689500,0.000024,-92.330968,0.000000,0.000000
1690000,0.000025,-91.871038,4.000000,0.000000
1690500,0.000025,-91.884408,4.000000,0.000000
1691000,0.000027,-91.402621,6.000000,0.000000
1691500,0.000026,-91.811463,0.000000,0.000000
1692000,0.000026,-91.833729,0.000000,0.000000
1692500,0.000025,-92.032937,2.000000,0.000000
1693000,0.000025,-92.085629,4.000000,0.000000
1693500,0.000025,-91.897649,4.000000,0.000000
1694000,0.000025,-92.158507,4.000000,0.000000
1694500,0.000028,-90.941596,0.000000,0.000000
1695000,0.000026,-91.600273,6.000000,0.000000
1695500,0.000029,-90.751115,2.000000,0.000000
1696000,0.000025,-92.180550,2.000000,0.000000
1696500,0.000030,-90.349262,0.000000,0.000000
1697000,0.000028,-91.156291,0.000000,0.000000
1697500,0.000028,-91.096193,2.000000,0.000000
1698000,0.000032,-89.981286,2.000000,0.000000
1698500,0.000031,-90.101862,2.000000,0.000000
1699000,0.000026,-91.579756,0.000000,0.000000
1699500,0.000025,-92.125194,6.000000,0.000000
1700000,0.000029,-90.866452,2.000000,0.000000
1700500,0.000029,-90.761535,0.000000,0.000000
1701000,0.000026,-91.696233,4.000000,0.000000
1701500,0.000033,-89.499153,0.000000,0.000000
1702000,0.000064,-83.818589,2.000000,0.000000
1702500,0.000056,-84.966267,0.000000,0.000000
1703000,0.000035,-89.043592,2.000000,0.000000
1703500,0.000030,-90.335190,2.000000,0.000000
1704000,0.000029,-90.667364,2.000000,0.000000
1704500,0.000028,-90.917008,2.000000,0.000000
1705000,0.000029,-90.788789,0.000000,0.000000
1705500,0.000028,-91.035804,0.000000,0.000000
1706000,0.000033,-89.598924,4.000000,0.000000
1706500,0.000034,-89.297552,0.000000,0.000000
1707000,0.000030,-90.423397,2.000000,0.000000
1707500,0.000027,-91.296220,0.000000,0.000000
1708000,0.000027,-91.504012,0.000000,0.000000
1708500,0.000040,-88.014742,4.000000,0.000000
1709000,0.000035,-89.016986,2.000000,0.000000
1709500,0.000031,-90.059658,0.000000,0.000000
1710000,0.000032,-90.023000,2.000000,0.000000
1710500,0.000028,-91.162159,0.000000,0.000000
1711000,0.000044,-87.165315,0.000000,0.000000
1711500,0.000033,-89.676762,4.000000,0.000000
1712000,0.000045,-87.010190,2.000000,0.000000
1712500,0.000035,-89.065225,0.000000,0.000000
1713000,0.000031,-90.189188,2.000000,0.000000
1713500,0.000043,-87.259773,2.000000,0.000000
1714000,0.000032,-89.788347,0.000000,0.000000
1714500,0.000058,-84.673947,0.000000,0.000000
1715000,0.000044,-87.119321,4.000000,0.000000
1715500,0.000032,-89.877790,2.000000,0.000000
1716000,0.000032,-89.981384,0.000000,0.000000
1716500,0.000030,-90.581463,0.000000,0.000000
1717000,0.000039,-88.075040,0.000000,0.000000
1717500,0.000032,-89.920901,4.000000,0.000000
1718000,0.000028,-91.046146,2.000000,0.000000
1718500,0.000027,-91.217632,2.000000,0.000000
1719000,0.000031,-90.284448,2.000000,0.000000
1719500,0.000031,-90.269055,2.000000,0.000000
1720000,0.000032,-89.977327,2.000000,0.000000
1720500,0.000030,-90.368002,4.000000,0.000000
1721000,0.000029,-90.812519,4.000000,0.000000
1721500,0.000028,-90.997968,2.000000,0.000000
1722000,0.000029,-90.712411,0.000000,0.000000
1722500,0.000028,-91.180712,0.000000,0.000000
1723000,0.000033,-89.708182,0.000000,0.000000
1723500,0.000027,-91.401661,4.000000,0.000000
1724000,0.000028,-90.926640,0.000000,0.000000
1724500,0.000027,-91.354425,4.000000,0.000000
1725000,0.000028,-91.104326,2.000000,0.000000
1725500,0.000025,-92.056916,4.000000,0.000000
1726000,0.000025,-91.901779,0.000000,0.000000
1726500,0.000026,-91.617417,4.000000,0.000000
1727000,0.000027,-91.354918,0.000000,0.000000
1727500,0.000026,-91.665282,4.000000,0.000000
1728000,0.000026,-91.859254,2.000000,0.000000
1728500,0.000026,-91.692981,2.000000,0.000000
1729000,0.000026,-91.843091,0.000000,0.000000
1729500,0.000026,-91.609352,2.000000,0.000000
1730000,0.000025,-92.187461,2.000000,0.000000
1730500,0.000024,-92.324644,6.000000,0.000000
1731000,0.000028,-91.017057,4.000000,0.000000
1731500,0.000034,-89.486345,0.000000,0.000000
1732000,0.000028,-90.973933,0.000000,0.000000
1732500,0.000029,-90.762582,4.000000,0.000000
1733000,0.000031,-90.255594,0.000000,0.000000
1733500,0.000031,-90.126935,2.000000,0.000000
1734000,0.000041,-87.691655,2.000000,0.000000
1734500,0.000065,-83.733978,6.000000,0.000000
1735000,0.000043,-87.401473,0.000000,0.000000
1735500,0.000030,-90.406652,0.000000,0.000000
1736000,0.000030,-90.590755,4.000000,0.000000
1736500,0.000033,-89.608695,4.000000,0.000000
1737000,0.000061,-84.354580,4.000000,0.000000
1737500,0.000060,-84.485704,0.000000,0.000000
1738000,0.000042,-87.496832,2.000000,0.000000
1738500,0.000035,-89.203093,4.000000,0.000000
1739000,0.000034,-89.311664,0.000000,0.000000
1739500,0.000036,-88.909908,2.000000,0.000000
1740000,0.000049,-86.263522,2.000000,0.000000
1740500,0.000040,-88.067535,0.000000,0.000000
1741000,0.000042,-87.439223,0.000000,0.000000
1741500,0.000054,-85.311009,2.000000,0.000000
1742000,0.000054,-85.281001,2.000000,0.000000
1742500,0.000035,-89.154899,2.000000,0.000000
1743000,0.000032,-89.840174,4.000000,0.000000
1743500,0.000052,-85.614403,0.000000,0.000000
1744000,0.000038,-88.340502,0.000000,0.000000
1744500,0.000062,-84.200284,2.000000,0.000000
1745000,0.000038,-88.356094,2.000000,0.000000
1745500,0.000032,-89.875050,0.000000,0.000000
1746000,0.000028,-91.036847,0.000000,0.000000
1746500,0.000030,-90.413391,2.000000,0.000000
1747000,0.000029,-90.645385,4.000000,0.000000
1747500,0.000031,-90.126412,4.000000,0.000000
1748000,0.000032,-89.995351,2.000000,0.000000
1748500,0.000028,-90.922674,0.000000,0.000000
1749000,0.000027,-91.249612,4.000000,0.000000
1749500,0.000031,-90.118667,2.000000,0.000000
1750000,0.000031,-90.081359,4.000000,0.000000
1750500,0.000027,-91.418740,4.000000,0.000000
1751000,0.000028,-90.903793,0.000000,0.000000
1751500,0.000032,-90.007638,2.000000,0.000000
1752000,0.000030,-90.504014,2.000000,0.000000
1752500,0.000028,-90.938307,0.000000,0.000000
1753000,0.000026,-91.681074,2.000000,0.000000
1753500,0.000027,-91.342511,4.000000,0.000000
1754000,0.000026,-91.850251,0.000000,0.000000
1754500,0.000028,-91.181284,6.000000,0.000000
1755000,0.000028,-91.173495,4.000000,0.000000
1755500,0.000025,-91.875250,4.000000,0.000000
1756000,0.000030,-90.366633,0.000000,0.000000
1756500,0.000029,-90.791803,0.000000,0.000000
1757000,0.000027,-91.265057,0.000000,0.000000
1757500,0.000026,-91.763936,2.000000,0.000000
1758000,0.000027,-91.253775,0.000000,0.000000
1758500,0.000028,-90.938195,0.000000,0.000000
1759000,0.000026,-91.540279,2.000000,0.000000
1759500,0.000028,-91.135661,2.000000,0.000000
1760000,0.000032,-90.002925,0.000000,0.000000
1760500,0.000026,-91.718074,2.000000,0.000000
1761000,0.000026,-91.712593,0.000000,0.000000
1761500,0.000027,-91.297465,2.000000,0.000000
1762000,0.000029,-90.879837,4.000000,0.000000
1762500,0.000032,-89.923532,4.000000,0.000000
1763000,0.000031,-90.191061,0.000000,0.000000
1763500,0.000030,-90.441318,6.000000,0.000000
1764000,0.000029,-90.645670,2.000000,0.000000
1764500,0.000026,-91.653815,2.000000,0.000000
1765000,0.000025,-92.003136,4.000000,0.000000
1765500,0.000026,-91.608754,2.000000,0.000000
1766000,0.000026,-91.844487,0.000000,0.000000
1766500,0.000027,-91.365373,0.000000,0.000000
1767000,0.000028,-91.199484,0.000000,0.000000
1767500,0.000025,-92.047048,0.000000,0.000000
1768000,0.000026,-91.801107,2.000000,0.000000
1768500,0.000027,-91.293505,2.000000,0.000000
1769000,0.000029,-90.776352,0.000000,0.000000
1769500,0.000029,-90.736610,2.000000,0.000000
1770000,0.000031,-90.095224,2.000000,0.000000
1770500,0.000029,-90.757415,0.000000,0.000000
1771000,0.000028,-91.050958,2.000000,0.000000
1771500,0.000024,-92.318943,2.000000,0.000000
1772000,0.000028,-91.174762,0.000000,0.000000
1772500,0.000026,-91.768141,0.000000,0.000000
1773000,0.000025,-92.185365,2.000000,0.000000
1773500,0.000026,-91.549775,0.000000,0.000000
1774000,0.000027,-91.253313,0.000000,0.000000
1774500,0.000026,-91.720234,2.000000,0.000000
1775000,0.000025,-91.958226,0.000000,0.000000
1775500,0.000026,-91.842079,0.000000,0.000000
1776000,0.000025,-92.010993,2.000000,0.000000
1776500,0.000026,-91.636449,2.000000,0.000000
1777000,0.000026,-91.674437,0.000000,0.000000
1777500,0.000027,-91.388919,0.000000,0.000000
1778000,0.000028,-91.050585,2.000000,0.000000
1778500,0.000025,-91.993325,2.000000,0.000000
1779000,0.000026,-91.822739,0.000000,0.000000
1779500,0.000027,-91.344825,0.000000,0.000000
1780000,0.000029,-90.797260,0.000000,0.000000
1780500,0.000025,-91.891591,0.000000,0.000000
1781000,0.000025,-91.893594,2.000000,0.000000
1781500,0.000029,-90.649494,0.000000,0.000000
1782000,0.000029,-90.762159,0.000000,0.000000
1782500,0.000029,-90.668064,4.000000,0.000000
1783000,0.000027,-91.218385,0.000000,0.000000
1783500,0.000027,-91.457780,0.000000,0.000000
1784000,0.000025,-91.911630,0.000000,0.000000
1784500,0.000027,-91.259524,0.000000,0.000000
1785000,0.000027,-91.288099,4.000000,0.000000
1785500,0.000029,-90.806535,2.000000,0.000000
1786000,0.000026,-91.570290,0.000000,0.000000
1786500,0.000027,-91.487705,0.000000,0.000000
1787000,0.000027,-91.271135,0.000000,0.000000
1787500,0.000028,-91.087132,2.000000,0.000000
1788000,0.000028,-91.128494,0.000000,0.000000
1788500,0.000027,-91.451894,0.000000,0.000000
1789000,0.000029,-90.785048,2.000000,0.000000
1789500,0.000031,-90.270157,0.000000,0.000000
1790000,0.000028,-91.112927,0.000000,0.000000
1790500,0.000029,-90.604796,0.000000,0.000000
1791000,0.000036,-88.893894,0.000000,0.000000
1791500,0.000029,-90.606655,4.000000,0.000000
1792000,0.000029,-90.685741,0.000000,0.000000
1792500,0.000027,-91.455253,0.000000,0.000000
1793000,0.000028,-91.142654,0.000000,0.000000
1793500,0.000027,-91.423869,0.000000,0.000000
1794000,0.000028,-91.011751,0.000000,0.000000
1794500,0.000031,-90.096581,2.000000,0.000000
1795000,0.000029,-90.893609,0.000000,0.000000
1795500,0.000031,-90.138738,4.000000,0.000000
1796000,0.000028,-90.929571,0.000000,0.000000
1796500,0.000028,-91.086859,2.000000,0.000000
1797000,0.000031,-90.121949,0.000000,0.000000
1797500,0.000028,-90.936413,0.000000,0.000000
1798000,0.000031,-90.219466,0.000000,0.000000
1798500,0.000032,-90.025283,2.000000,0.000000
1799000,0.000029,-90.896409,0.000000,0.000000
1799500,0.000028,-91.040845,2.000000,0.000000
1800000,0.000027,-91.286933,0.000000,0.000000
1800500,0.000027,-91.294710,2.000000,0.000000
1801000,0.000026,-91.662323,4.000000,0.000000
1801500,0.000025,-91.887672,4.000000,0.000000
1802000,0.000028,-90.907345,0.000000,0.000000
1802500,0.000028,-91.078361,0.000000,0.000000
1803000,0.000027,-91.252543,2.000000,0.000000
1803500,0.000027,-91.348060,2.000000,0.000000
1804000,0.000028,-90.946587,4.000000,0.000000
1804500,0.000035,-89.030311,2.000000,0.000000
1805000,0.000030,-90.432851,2.000000,0.000000
1805500,0.000029,-90.813457,2.000000,0.000000
1806000,0.000028,-90.905078,2.000000,0.000000
1806500,0.000029,-90.769215,2.000000,0.000000
1807000,0.000029,-90.842628,4.000000,0.000000
1807500,0.000031,-90.124331,4.000000,0.000000
1808000,0.000029,-90.725712,4.000000,0.000000
1808500,0.000030,-90.523343,2.000000,0.000000
1809000,0.000033,-89.687015,0.000000,0.000000
1809500,0.000032,-89.876815,4.000000,0.000000
1810000,0.000033,-89.564367,2.000000,0.000000
1810500,0.000031,-90.081012,4.000000,0.000000
1811000,0.000032,-89.986368,0.000000,0.000000
1811500,0.000029,-90.622613,4.000000,0.000000
1812000,0.000030,-90.437367,2.000000,0.000000
1812500,0.000031,-90.096682,4.000000,0.000000
1813000,0.000029,-90.806380,0.000000,0.000000
1813500,0.000031,-90.053807,4.000000,0.000000
1814000,0.000030,-90.475668,0.000000,0.000000
1814500,0.000029,-90.745742,0.000000,0.000000
1815000,0.000028,-90.931552,2.000000,0.000000
1815500,0.000029,-90.708195,2.000000,0.000000
1816000,0.000027,-91.447901,0.000000,0.000000
1816500,0.000028,-91.021483,4.000000,0.000000
1817000,0.000030,-90.449430,2.000000,0.000000
1817500,0.000031,-90.307373,2.000000,0.000000
1818000,0.000028,-91.026926,4.000000,0.000000
1818500,0.000029,-90.643687,0.000000,0.000000
1819000,0.000030,-90.499384,2.000000,0.000000
1819500,0.000030,-90.467156,4.000000,0.000000
1820000,0.000032,-89.923508,0.000000,0.000000
1820500,0.000030,-90.501675,2.000000,0.000000
1821000,0.000030,-90.421826,4.000000,0.000000
1821500,0.000028,-91.139505,6.000000,0.000000
1822000,0.000032,-89.984455,2.000000,0.000000
1822500,0.000032,-89.837263,0.000000,0.000000
1823000,0.000026,-91.664366,4.000000,0.000000
1823500,0.000027,-91.456011,4.000000,0.000000
1824000,0.000029,-90.859921,4.000000,0.000000
1824500,0.000030,-90.344526,0.000000,0.000000
1825000,0.000028,-91.075840,4.000000,0.000000
1825500,0.000028,-91.013616,0.000000,0.000000
1826000,0.000028,-90.972979,2.000000,0.000000
1826500,0.000028,-90.965395,2.000000,0.000000
1827000,0.000030,-90.426556,0.000000,0.000000
1827500,0.000029,-90.851662,4.000000,0.000000
1828000,0.000028,-90.957810,2.000000,0.000000
1828500,0.000029,-90.876950,4.000000,0.000000
1829000,0.000028,-91.039727,0.000000,0.000000
1829500,0.000029,-90.862786,2.000000,0.000000
1830000,0.000029,-90.766426,4.000000,0.000000
1830500,0.000031,-90.274878,2.000000,0.000000
1831000,0.000027,-91.296439,2.000000,0.000000
1831500,0.000030,-90.584964,2.000000,0.000000
1832000,0.000027,-91.392593,2.000000,0.000000
1832500,0.000026,-91.543948,4.000000,0.000000
1833000,0.000038,-88.463120,2.000000,0.000000
1833500,0.000028,-90.961843,0.000000,0.000000
1834000,0.000028,-91.129319,4.000000,0.000000
1834500,0.000035,-89.180272,4.000000,0.000000
1835000,0.000032,-89.888916,2.000000,0.000000
1835500,0.000030,-90.471794,2.000000,0.000000
1836000,0.000028,-91.184462,2.000000,0.000000
1836500,0.000029,-90.790225,0.000000,0.000000
1837000,0.000032,-89.998207,0.000000,0.000000
1837500,0.000030,-90.583956,0.000000,0.000000
1838000,0.000030,-90.352276,4.000000,0.000000
1838500,0.000030,-90.314924,2.000000,0.000000
1839000,0.000030,-90.602647,6.000000,0.000000
1839500,0.000032,-89.955052,2.000000,0.000000
1840000,0.000039,-88.169727,6.000000,0.000000
1840500,0.000038,-88.370261,2.000000,0.000000
1841000,0.000034,-89.298534,2.000000,0.000000
1841500,0.000034,-89.424280,2.000000,0.000000
1842000,0.000029,-90.854978,2.000000,0.000000
1842500,0.000027,-91.336522,4.000000,0.000000
1843000,0.000032,-89.847535,4.000000,0.000000
1843500,0.000030,-90.410396,2.000000,0.000000
1844000,0.000032,-89.907138,2.000000,0.000000
1844500,0.000031,-90.248442,0.000000,0.000000
1845000,0.000030,-90.535532,2.000000,0.000000
1845500,0.000029,-90.651609,0.000000,0.000000
1846000,0.000029,-90.659819,2.000000,0.000000
1846500,0.000031,-90.171954,2.000000,0.000000
1847000,0.000030,-90.557406,2.000000,0.000000
1847500,0.000031,-90.268317,2.000000,0.000000
1848000,0.000030,-90.551021,2.000000,0.000000
1848500,0.000040,-88.003202,2.000000,0.000000
1849000,0.000032,-89.991820,4.000000,0.000000
1849500,0.000031,-90.040199,6.000000,0.000000
1850000,0.000034,-89.388167,2.000000,0.000000
1850500,0.000029,-90.695617,2.000000,0.000000
1851000,0.000026,-91.588608,4.000000,0.000000
1851500,0.000029,-90.762098,4.000000,0.000000
1852000,0.000029,-90.731373,2.000000,0.000000
1852500,0.000031,-90.151586,6.000000,0.000000
1853000,0.000031,-90.134154,2.000000,0.000000
1853500,0.000033,-89.552422,0.000000,0.000000
1854000,0.000031,-90.190319,0.000000,0.000000
1854500,0.000029,-90.646277,2.000000,0.000000
1855000,0.000026,-91.568894,4.000000,0.000000
1855500,0.000028,-91.101590,4.000000,0.000000
1856000,0.000031,-90.086324,0.000000,0.000000
1856500,0.000034,-89.440287,0.000000,0.000000
1857000,0.000030,-90.392712,4.000000,0.000000
1857500,0.000032,-89.938453,4.000000,0.000000
1858000,0.000035,-89.019693,0.000000,0.000000
1858500,0.000034,-89.468108,4.000000,0.000000
1859000,0.000031,-90.281906,2.000000,0.000000
1859500,0.000033,-89.712539,2.000000,0.000000
1860000,0.000031,-90.255767,4.000000,0.000000
1860500,0.000026,-91.547879,4.000000,0.000000
1861000,0.000028,-90.975349,4.000000,0.000000
1861500,0.000030,-90.465896,2.000000,0.000000
1862000,0.000028,-90.957005,0.000000,0.000000
1862500,0.000030,-90.375696,0.000000,0.000000
1863000,0.000035,-89.007616,4.000000,0.000000
1863500,0.000028,-90.999540,0.000000,0.000000
1864000,0.000035,-89.193112,2.000000,0.000000
1864500,0.000030,-90.459777,2.000000,0.000000
1865000,0.000030,-90.569166,2.000000,0.000000
1865500,0.000031,-90.127287,4.000000,0.000000
1866000,0.000031,-90.172825,0.000000,0.000000
1866500,0.000033,-89.674929,2.000000,0.000000
1867000,0.000027,-91.333902,2.000000,0.000000
1867500,0.000029,-90.648126,4.000000,0.000000
1868000,0.000026,-91.597579,0.000000,0.000000
1868500,0.000031,-90.305150,0.000000,0.000000
1869000,0.000029,-90.891023,4.000000,0.000000
1869500,0.000027,-91.287263,4.000000,0.000000
1870000,0.000030,-90.418836,4.000000,0.000000
1870500,0.000032,-90.001465,4.000000,0.000000
1871000,0.000028,-91.115177,2.000000,0.000000
1871500,0.000026,-91.680369,2.000000,0.000000
1872000,0.000026,-91.570046,0.000000,0.000000
1872500,0.000027,-91.397651,2.000000,0.000000
1873000,0.000027,-91.277170,4.000000,0.000000
1873500,0.000028,-91.073930,2.000000,0.000000
1874000,0.000033,-89.535531,0.000000,0.000000
1874500,0.000029,-90.652228,2.000000,0.000000
1875000,0.000030,-90.481408,2.000000,0.000000
1875500,0.000041,-87.778956,2.000000,0.000000
1876000,0.000028,-91.024668,0.000000,0.000000
1876500,0.000029,-90.609915,0.000000,0.000000
1877000,0.000027,-91.314210,2.000000,0.000000
1877500,0.000027,-91.531226,4.000000,0.000000
1878000,0.000029,-90.883572,0.000000,0.000000
1878500,0.000031,-90.174619,0.000000,0.000000
1879000,0.000027,-91.488365,0.000000,0.000000
1879500,0.000028,-90.940963,2.000000,0.000000
1880000,0.000031,-90.063055,2.000000,0.000000
1880500,0.000040,-87.999571,0.000000,0.000000
1881000,0.000040,-88.038221,2.000000,0.000000
1881500,0.000031,-90.258955,2.000000,0.000000
1882000,0.000036,-88.901475,4.000000,0.000000
1882500,0.000032,-89.917428,0.000000,0.000000
1883000,0.000032,-89.771467,2.000000,0.000000
1883500,0.000034,-89.266494,2.000000,0.000000
1884000,0.000038,-88.507142,2.000000,0.000000
1884500,0.000038,-88.496388,2.000000,0.000000
1885000,0.000031,-90.068077,4.000000,0.000000
1885500,0.000032,-89.838521,2.000000,0.000000
1886000,0.000033,-89.555154,4.000000,0.000000
1886500,0.000029,-90.837245,2.000000,0.000000
1887000,0.000028,-91.190286,2.000000,0.000000
1887500,0.000027,-91.294299,4.000000,0.000000
1888000,0.000029,-90.791195,2.000000,0.000000
1888500,0.000028,-91.207116,2.000000,0.000000
1889000,0.000027,-91.417612,0.000000,0.000000
1889500,0.000035,-89.144381,4.000000,0.000000
1890000,0.000034,-89.251185,2.000000,0.000000
1890500,0.000028,-90.911523,2.000000,0.000000
1891000,0.000028,-90.975439,4.000000,0.000000
1891500,0.000033,-89.571883,2.000000,0.000000
1892000,0.000030,-90.382734,4.000000,0.000000
1892500,0.000035,-89.180706,4.000000,0.000000
1893000,0.000029,-90.732990,0.000000,0.000000
1893500,0.000029,-90.823850,6.000000,0.000000
1894000,0.000028,-91.007541,4.000000,0.000000
1894500,0.000029,-90.808056,4.000000,0.000000
1895000,0.000030,-90.530585,4.000000,0.000000
1895500,0.000028,-91.140962,0.000000,0.000000
1896000,0.000030,-90.449609,4.000000,0.000000
1896500,0.000029,-90.632218,0.000000,0.000000
1897000,0.000028,-90.938871,0.000000,0.000000
1897500,0.000032,-89.918483,2.000000,0.000000
1898000,0.000028,-90.966042,4.000000,0.000000
1898500,0.000031,-90.109053,4.000000,0.000000
1899000,0.000029,-90.604682,4.000000,0.000000
1899500,0.000029,-90.684918,4.000000,0.000000
1900000,0.000030,-90.321848,6.000000,0.000000
1900500,0.000028,-91.062733,0.000000,0.000000
1901000,0.000028,-90.999714,0.000000,0.000000
1901500,0.000029,-90.846622,4.000000,0.000000
1902000,0.000028,-90.990078,4.000000,0.000000
1902500,0.000026,-91.535155,4.000000,0.000000
1903000,0.000028,-91.178090,4.000000,0.000000
1903500,0.000032,-89.780551,2.000000,0.000000
1904000,0.000031,-90.039734,0.000000,0.000000
1904500,0.000028,-91.078342,4.000000,0.000000
1905000,0.000027,-91.320190,4.000000,0.000000
1905500,0.000027,-91.239523,2.000000,0.000000
1906000,0.000025,-91.978005,2.000000,0.000000
1906500,0.000027,-91.477155,2.000000,0.000000
1907000,0.000026,-91.587484,6.000000,0.000000
1907500,0.000028,-91.050437,2.000000,0.000000
1908000,0.000028,-90.995965,4.000000,0.000000
1908500,0.000027,-91.260569,0.000000,0.000000
1909000,0.000027,-91.413393,4.000000,0.000000
1909500,0.000028,-91.104260,2.000000,0.000000
1910000,0.000029,-90.862476,0.000000,0.000000
1910500,0.000029,-90.745541,2.000000,0.000000
1911000,0.000042,-87.632254,4.000000,0.000000
1911500,0.000075,-82.541522,2.000000,0.000000
1912000,0.000041,-87.697587,4.000000,0.000000
1912500,0.000031,-90.127064,2.000000,0.000000
1913000,0.000029,-90.796034,0.000000,0.000000
1913500,0.000031,-90.255244,2.000000,0.000000
1914000,0.000031,-90.273768,6.000000,0.000000
1914500,0.000028,-91.168211,0.000000,0.000000
1915000,0.000029,-90.879130,0.000000,0.000000
1915500,0.000030,-90.452505,0.000000,0.000000
1916000,0.000028,-90.928369,0.000000,0.000000
1916500,0.000029,-90.752859,2.000000,0.000000
1917000,0.000032,-89.901065,2.000000,0.000000
1917500,0.000029,-90.827580,2.000000,0.000000
1918000,0.000030,-90.522054,0.000000,0.000000
1918500,0.000033,-89.656735,4.000000,0.000000
1919000,0.000037,-88.636791,2.000000,0.000000
1919500,0.000030,-90.445297,2.000000,0.000000
1920000,0.000056,-84.962090,2.000000,0.000000
1920500,0.000031,-90.304815,0.000000,0.000000
1921000,0.000027,-91.351847,4.000000,0.000000
1921500,0.000030,-90.444013,4.000000,0.000000
1922000,0.000031,-90.089669,0.000000,0.000000
1922500,0.000034,-89.498254,0.000000,0.000000
1923000,0.000028,-91.184143,4.000000,0.000000
1923500,0.000029,-90.704633,4.000000,0.000000
1924000,0.000031,-90.261539,2.000000,0.000000
1924500,0.000029,-90.834538,6.000000,0.000000
1925000,0.000030,-90.551542,0.000000,0.000000
1925500,0.000034,-89.498839,2.000000,0.000000
1926000,0.000034,-89.460480,0.000000,0.000000
1926500,0.000029,-90.743439,0.000000,0.000000
1927000,0.000030,-90.335334,4.000000,0.000000
1927500,0.000031,-90.157414,6.000000,0.000000
1928000,0.000027,-91.264249,2.000000,0.000000
1928500,0.000030,-90.438819,4.000000,0.000000
1929000,0.000029,-90.836435,4.000000,0.000000
1929500,0.000027,-91.307655,4.000000,0.000000
1930000,0.000027,-91.414806,4.000000,0.000000
1930500,0.000026,-91.597660,6.000000,0.000000
1931000,0.000028,-91.041953,6.000000,0.000000
1931500,0.000033,-89.592431,2.000000,0.000000
1932000,0.000037,-88.555445,2.000000,0.000000
1932500,0.000033,-89.665493,4.000000,0.000000
1933000,0.000028,-91.059161,4.000000,0.000000
1933500,0.000030,-90.345725,2.000000,0.000000
1934000,0.000032,-89.805865,0.000000,0.000000
1934500,0.000030,-90.332016,8.000000,0.000000
1935000,0.000028,-91.000256,2.000000,0.000000
1935500,0.000028,-90.922074,0.000000,0.000000
1936000,0.000032,-89.845480,0.000000,0.000000
1936500,0.000041,-87.817637,0.000000,0.000000
1937000,0.000049,-86.267923,4.000000,0.000000
1937500,0.000045,-86.921076,0.000000,0.000000
1938000,0.000036,-88.771653,2.000000,0.000000
1938500,0.000031,-90.208045,2.000000,0.000000
1939000,0.000030,-90.502985,2.000000,0.000000
1939500,0.000031,-90.291619,4.000000,0.000000
1940000,0.000030,-90.540755,2.000000,0.000000
1940500,0.000032,-90.007840,0.000000,0.000000
1941000,0.000029,-90.624428,4.000000,0.000000
1941500,0.000028,-90.988862,2.000000,0.000000
1942000,0.000028,-91.141074,0.000000,0.000000
1942500,0.000027,-91.312554,2.000000,0.000000
1943000,0.000028,-91.131068,0.000000,0.000000
1943500,0.000028,-90.974597,2.000000,0.000000
1944000,0.000027,-91.342072,2.000000,0.000000
1944500,0.000025,-91.940937,4.000000,0.000000
1945000,0.000028,-91.141099,0.000000,0.000000
1945500,0.000035,-89.011313,2.000000,0.000000
1946000,0.000028,-90.977574,2.000000,0.000000
1946500,0.000028,-90.976853,4.000000,0.000000
1947000,0.000030,-90.524298,2.000000,0.000000
1947500,0.000028,-91.030902,4.000000,0.000000
1948000,0.000028,-90.978957,2.000000,0.000000
1948500,0.000026,-91.662767,6.000000,0.000000
1949000,0.000025,-92.185167,0.000000,0.000000
1949500,0.000025,-91.946559,6.000000,0.000000
1950000,0.000025,-91.916308,6.000000,0.000000
1950500,0.000026,-91.850406,4.000000,0.000000
1951000,0.000026,-91.775940,4.000000,0.000000
1951500,0.000025,-92.159988,2.000000,0.000000
1952000,0.000027,-91.240617,2.000000,0.000000
1952500,0.000025,-92.027346,2.000000,0.000000
1953000,0.000027,-91.330447,2.000000,0.000000
1953500,0.000030,-90.431041,2.000000,0.000000
1954000,0.000032,-89.838877,0.000000,0.000000
1954500,0.000028,-91.136649,2.000000,0.000000
1955000,0.000029,-90.681194,2.000000,0.000000
1955500,0.000029,-90.782438,2.000000,0.000000
1956000,0.000026,-91.835211,4.000000,0.000000
1956500,0.000028,-90.951905,2.000000,0.000000
1957000,0.000028,-90.988703,2.000000,0.000000
1957500,0.000026,-91.688953,4.000000,0.000000
1958000,0.000026,-91.744661,2.000000,0.000000
1958500,0.000025,-91.874540,6.000000,0.000000
1959000,0.000026,-91.565695,0.000000,0.000000
1959500,0.000027,-91.403106,2.000000,0.000000
1960000,0.000025,-91.895106,0.000000,0.000000
1960500,0.000026,-91.718111,2.000000,0.000000
1961000,0.000029,-90.806626,4.000000,0.000000
1961500,0.000029,-90.776659,4.000000,0.000000
1962000,0.000027,-91.523235,4.000000,0.000000
1962500,0.000025,-92.024325,2.000000,0.000000
1963000,0.000028,-91.171967,2.000000,0.000000
1963500,0.000033,-89.651593,4.000000,0.000000
1964000,0.000032,-89.933431,4.000000,0.000000
1964500,0.000030,-90.379812,4.000000,0.000000
1965000,0.000026,-91.717087,4.000000,0.000000
1965500,0.000028,-91.087744,2.000000,0.000000
1966000,0.000028,-91.075349,2.000000,0.000000
1966500,0.000026,-91.558426,0.000000,0.000000
1967000,0.000026,-91.817988,4.000000,0.000000
1967500,0.000027,-91.470306,4.000000,0.000000
1968000,0.000027,-91.328757,4.000000,0.000000
1968500,0.000026,-91.843678,4.000000,0.000000
1969000,0.000028,-91.059687,4.000000,0.000000
1969500,0.000027,-91.451124,0.000000,0.000000
1970000,0.000027,-91.259654,2.000000,0.000000
1970500,0.000026,-91.535361,0.000000,0.000000
1971000,0.000025,-91.916450,2.000000,0.000000
1971500,0.000026,-91.701544,4.000000,0.000000
1972000,0.000026,-91.705861,2.000000,0.000000
1972500,0.000026,-91.553104,2.000000,0.000000
1973000,0.000028,-90.966101,0.000000,0.000000
1973500,0.000025,-92.116105,6.000000,0.000000
1974000,0.000027,-91.522438,4.000000,0.000000
1974500,0.000027,-91.429039,4.000000,0.000000
1975000,0.000030,-90.546536,0.000000,0.000000
1975500,0.000030,-90.476764,2.000000,0.000000
1976000,0.000027,-91.389702,4.000000,0.000000
1976500,0.000027,-91.283707,2.000000,0.000000
1977000,0.000028,-91.077368,2.000000,0.000000
1977500,0.000027,-91.424756,4.000000,0.000000
1978000,0.000028,-91.088296,2.000000,0.000000
1978500,0.000027,-91.305740,2.000000,0.000000
1979000,0.000028,-90.927446,0.000000,0.000000
1979500,0.000029,-90.629815,2.000000,0.000000
1980000,0.000032,-89.870603,6.000000,0.000000
1980500,0.000027,-91.244355,0.000000,0.000000
1981000,0.000039,-88.212778,2.000000,0.000000
1981500,0.000034,-89.308233,2.000000,0.000000
1982000,0.000032,-89.833324,0.000000,0.000000
1982500,0.000028,-90.925796,2.000000,0.000000
1983000,0.000030,-90.331162,6.000000,0.000000
1983500,0.000026,-91.864804,6.000000,0.000000
1984000,0.000027,-91.402568,4.000000,0.000000
1984500,0.000027,-91.369137,0.000000,0.000000
1985000,0.000035,-89.209964,2.000000,0.000000
1985500,0.000030,-90.497654,6.000000,0.000000
1986000,0.000028,-90.949828,2.000000,0.000000
1986500,0.000028,-91.023582,2.000000,0.000000
1987000,0.000027,-91.368171,6.000000,0.000000
1987500,0.000029,-90.879648,4.000000,0.000000
1988000,0.000033,-89.608206,4.000000,0.000000
1988500,0.000029,-90.762831,4.000000,0.000000
1989000,0.000027,-91.284738,2.000000,0.000000
1989500,0.000025,-92.182557,6.000000,0.000000
1990000,0.000026,-91.836450,6.000000,0.000000
1990500,0.000026,-91.579946,4.000000,0.000000
1991000,0.000027,-91.361595,2.000000,0.000000
1991500,0.000025,-92.019813,4.000000,0.000000
1992000,0.000027,-91.322502,2.000000,0.000000
1992500,0.000026,-91.792231,2.000000,0.000000
1993000,0.000027,-91.414257,0.000000,0.000000
1993500,0.000025,-92.003501,2.000000,0.000000
1994000,0.000025,-91.886589,6.000000,0.000000
1994500,0.000028,-91.102598,2.000000,0.000000
1995000,0.000025,-91.941287,0.000000,0.000000
1995500,0.000025,-91.907110,0.000000,0.000000
1996000,0.000026,-91.575771,0.000000,0.000000
1996500,0.000028,-90.936730,6.000000,0.000000
1997000,0.000028,-91.209263,2.000000,0.000000
1997500,0.000027,-91.274051,0.000000,0.000000
1998000,0.000026,-91.748024,4.000000,0.000000
1998500,0.000027,-91.523421,4.000000,0.000000
1999000,0.000030,-90.510529,2.000000,0.000000
1999500,0.000026,-91.708300,2.000000,0.000000
2000000,0.000028,-90.984544,2.000000,0.000000
2000500,0.000026,-91.760908,2.000000,0.000000
2001000,0.000025,-91.886943,4.000000,0.000000
2001500,0.000025,-92.160007,0.000000,0.000000
2002000,0.000025,-92.016467,0.000000,0.000000
2002500,0.000025,-92.198065,4.000000,0.000000
2003000,0.000026,-91.775367,2.000000,0.000000
2003500,0.000041,-87.819117,0.000000,0.000000
2004000,0.000094,-80.500833,2.000000,0.000000
2004500,0.000108,-79.316948,2.000000,0.000000
2005000,0.000063,-84.032195,2.000000,0.000000
2005500,0.000032,-89.775351,2.000000,0.000000
2006000,0.000029,-90.763778,2.000000,0.000000
2006500,0.000033,-89.597627,2.000000,0.000000
2007000,0.000035,-89.177042,2.000000,0.000000
2007500,0.000026,-91.752793,2.000000,0.000000
2008000,0.000030,-90.601008,2.000000,0.000000
2008500,0.000027,-91.373549,0.000000,0.000000
2009000,0.000027,-91.519527,4.000000,0.000000
2009500,0.000026,-91.775996,2.000000,0.000000
2010000,0.000028,-91.196098,0.000000,0.000000
2010500,0.000031,-90.231660,0.000000,0.000000
2011000,0.000030,-90.503210,4.000000,0.000000
2011500,0.000028,-91.127135,0.000000,0.000000
2012000,0.000029,-90.748119,4.000000,0.000000
2012500,0.000032,-89.852027,0.000000,0.000000
2013000,0.000029,-90.834127,2.000000,0.000000
2013500,0.000027,-91.487766,4.000000,0.000000
2014000,0.000027,-91.319241,2.000000,0.000000
2014500,0.000029,-90.717172,2.000000,0.000000
2015000,0.000029,-90.744056,4.000000,0.000000
2015500,0.000029,-90.633518,6.000000,0.000000
2016000,0.000029,-90.657903,4.000000,0.000000
2016500,0.000028,-91.154303,4.000000,0.000000
2017000,0.000033,-89.702937,2.000000,0.000000
2017500,0.000029,-90.873364,2.000000,0.000000
2018000,0.000030,-90.558941,2.000000,0.000000
2018500,0.000030,-90.335331,4.000000,0.000000
2019000,0.000029,-90.648931,4.000000,0.000000
2019500,0.000027,-91.384864,2.000000,0.000000
2020000,0.000030,-90.427988,6.000000,0.000000
2020500,0.000030,-90.558589,4.000000,0.000000
2021000,0.000029,-90.900282,2.000000,0.000000
2021500,0.000028,-91.000645,4.000000,0.000000
2022000,0.000030,-90.542787,4.000000,0.000000
2022500,0.000028,-90.972604,0.000000,0.000000
2023000,0.000028,-90.920577,2.000000,0.000000
2023500,0.000033,-89.567495,2.000000,0.000000
2024000,0.000032,-89.823190,4.000000,0.000000
2024500,0.000035,-89.052945,4.000000,0.000000
2025000,0.000047,-86.636117,2.000000,0.000000
2025500,0.000034,-89.293118,2.000000,0.000000
2026000,0.000028,-91.157746,2.000000,0.000000
2026500,0.000028,-91.062292,4.000000,0.000000
2027000,0.000103,-79.745511,8.000000,0.000000
2027500,0.000061,-84.311562,0.000000,0.000000
2028000,0.000036,-88.877215,2.000000,0.000000
2028500,0.000030,-90.419246,2.000000,0.000000
2029000,0.000029,-90.680741,4.000000,0.000000
2029500,0.000025,-91.892583,2.000000,0.000000
2030000,0.000026,-91.712096,2.000000,0.000000
2030500,0.000028,-91.100441,4.000000,0.000000
2031000,0.000030,-90.350998,2.000000,0.000000
2031500,0.000032,-89.778452,0.000000,0.000000
2032000,0.000029,-90.891351,8.000000,0.000000
2032500,0.000029,-90.884043,4.000000,0.000000
2033000,0.000029,-90.648111,2.000000,0.000000
2033500,0.000028,-91.177298,2.000000,0.000000
2034000,0.000026,-91.636230,6.000000,0.000000
2034500,0.000026,-91.736843,4.000000,0.000000
2035000,0.000027,-91.489718,2.000000,0.000000
2035500,0.000030,-90.440482,2.000000,0.000000
2036000,0.000029,-90.854696,4.000000,0.000000
2036500,0.000028,-91.206260,2.000000,0.000000
2037000,0.000029,-90.898312,2.000000,0.000000
2037500,0.000026,-91.604776,2.000000,0.000000
2038000,0.000028,-91.042679,4.000000,0.000000
2038500,0.000030,-90.414013,4.000000,0.000000
2039000,0.000027,-91.417939,2.000000,0.000000
2039500,0.000025,-92.116525,2.000000,0.000000
2040000,0.000028,-91.076735,6.000000,0.000000
2040500,0.000030,-90.588584,4.000000,0.000000
2041000,0.000029,-90.668703,8.000000,0.000000
2041500,0.000030,-90.482092,0.000000,0.000000
2042000,0.000026,-91.563657,6.000000,0.000000
2042500,0.000027,-91.520138,8.000000,0.000000
2043000,0.000028,-90.958105,4.000000,0.000000
2043500,0.000033,-89.682928,2.000000,0.000000
2044000,0.000028,-90.916090,0.000000,0.000000
2044500,0.000028,-90.914105,4.000000,0.000000
2045000,0.000030,-90.579062,4.000000,0.000000
2045500,0.000028,-91.050074,2.000000,0.000000
2046000,0.000034,-89.311156,2.000000,0.000000
2046500,0.000031,-90.273228,4.000000,0.000000
2047000,0.000029,-90.657029,4.000000,0.000000
2047500,0.000025,-91.918316,0.000000,0.000000
2048000,0.000029,-90.799767,4.000000,0.000000
2048500,0.000027,-91.238339,0.000000,0.000000
2049000,0.000028,-91.087918,4.000000,0.000000
2049500,0.000030,-90.382821,6.000000,0.000000
2050000,0.000032,-90.022677,4.000000,0.000000
2050500,0.000032,-90.033575,4.000000,0.000000
2051000,0.000032,-90.029975,2.000000,0.000000
2051500,0.000032,-89.812341,4.000000,0.000000
2052000,0.000031,-90.152339,2.000000,0.000000
2052500,0.000028,-91.012871,0.000000,0.000000
2053000,0.000027,-91.354775,4.000000,0.000000
2053500,0.000031,-90.082726,2.000000,0.000000
2054000,0.000031,-90.162792,4.000000,0.000000
2054500,0.000032,-89.945585,6.000000,0.000000
2055000,0.000046,-86.658010,2.000000,0.000000
2055500,0.000033,-89.614499,4.000000,0.000000
2056000,0.000036,-88.829940,2.000000,0.000000
2056500,0.000071,-82.930574,4.000000,0.000000
2057000,0.000034,-89.260538,4.000000,0.000000
2057500,0.000031,-90.138241,0.000000,0.000000
2058000,0.000030,-90.330424,0.000000,0.000000
2058500,0.000028,-91.145986,4.000000,0.000000
2059000,0.000031,-90.287953,4.000000,0.000000
2059500,0.000032,-90.025512,0.000000,0.000000
2060000,0.000031,-90.173896,0.000000,0.000000
2060500,0.000030,-90.460783,6.000000,0.000000
2061000,0.000030,-90.595839,4.000000,0.000000
2061500,0.000027,-91.419154,0.000000,0.000000
2062000,0.000028,-91.006019,4.000000,0.000000
2062500,0.000028,-91.086412,2.000000,0.000000
2063000,0.000030,-90.598706,2.000000,0.000000
2063500,0.000029,-90.687343,0.000000,0.000000
2064000,0.000028,-91.140546,6.000000,0.000000
2064500,0.000027,-91.523779,4.000000,0.000000
2065000,0.000030,-90.399004,0.000000,0.000000
2065500,0.000031,-90.186790,4.000000,0.000000
2066000,0.000029,-90.716252,2.000000,0.000000
2066500,0.000030,-90.406087,4.000000,0.000000
2067000,0.000027,-91.234642,0.000000,0.000000
2067500,0.000029,-90.709195,2.000000,0.000000
2068000,0.000031,-90.113128,6.000000,0.000000
2068500,0.000071,-82.941223,2.000000,0.000000
2069000,0.000074,-82.624966,2.000000,0.000000
2069500,0.000026,-91.602863,4.000000,0.000000
2070000,0.000074,-82.642131,4.000000,0.000000
2070500,0.000102,-79.796568,2.000000,0.000000
2071000,0.000075,-82.544648,2.000000,0.000000
2071500,0.000064,-83.816058,4.000000,0.000000
2072000,0.000062,-84.093170,0.000000,0.000000
2072500,0.000034,-89.400370,0.000000,0.000000
2073000,0.000032,-89.910201,0.000000,0.000000
2073500,0.000274,-71.244291,6.000000,0.150228
2074000,0.000378,-68.447499,6.000000,0.262100
2074500,0.000118,-78.591232,4.000000,0.000000
2075000,0.000230,-72.764652,6.000000,0.089414
2075500,0.000068,-83.374663,4.000000,0.000000
2076000,0.000078,-82.108604,6.000000,0.000000
2076500,0.000221,-73.105422,4.000000,0.075783
2077000,0.000253,-71.937763,4.000000,0.122489
2077500,0.000118,-78.556354,4.000000,0.000000
2078000,0.000332,-69.576312,6.000000,0.216948
2078500,0.000041,-87.843420,0.000000,0.000000
2079000,0.000145,-76.772932,4.000000,0.000000
2079500,0.000148,-76.570859,4.000000,0.000000
2080000,0.000096,-80.371535,4.000000,0.000000
2080500,0.000392,-68.124894,8.000000,0.275004
2081000,0.000101,-79.920143,6.000000,0.000000
2081500,0.000198,-74.066708,2.000000,0.037332
2082000,0.000081,-81.840813,6.000000,0.000000
2082500,0.000118,-78.549851,6.000000,0.000000
2083000,0.000064,-83.840917,6.000000,0.000000
2083500,0.000025,-92.155254,0.000000,0.000000
2084000,0.000090,-80.924735,2.000000,0.000000
2084500,0.000152,-76.386189,2.000000,0.000000
2085000,0.000148,-76.595876,6.000000,0.000000
2085500,0.000071,-82.990787,4.000000,0.000000
2086000,0.000122,-78.255112,6.000000,0.000000
2086500,0.000250,-72.057572,6.000000,0.117697
2087000,0.000017,-95.453811,0.000000,0.000000
2087500,0.000011,-99.137272,0.000000,0.000000
2088000,0.000014,-96.976752,0.000000,0.000000
2088500,0.000113,-78.936509,2.000000,0.000000
2089000,0.000207,-73.668954,4.000000,0.053242
2089500,0.000046,-86.775815,0.000000,0.000000
2090000,0.000022,-93.209974,0.000000,0.000000
2090500,0.000041,-87.816809,2.000000,0.000000
2091000,0.000071,-82.982483,4.000000,0.000000
2091500,0.000336,-69.485299,4.000000,0.220588
2092000,0.000115,-78.792331,6.000000,0.000000
2092500,0.000057,-84.917378,4.000000,0.000000
2093000,0.000239,-72.426441,6.000000,0.102942
2093500,0.000325,-69.752621,4.000000,0.209895
2094000,0.000089,-80.972879,6.000000,0.000000
2094500,0.000228,-72.832311,4.000000,0.086708
2095000,0.000062,-84.193169,4.000000,0.000000
2095500,0.000108,-79.326551,4.000000,0.000000
2096000,0.000182,-74.797198,4.000000,0.008112
2096500,0.000264,-71.580490,6.000000,0.136780
2097000,0.000086,-81.356370,6.000000,0.000000
2097500,0.000277,-71.144516,4.000000,0.154219
2098000,0.000059,-84.568383,0.000000,0.000000
2098500,0.000015,-96.403257,0.000000,0.000000
2099000,0.000238,-72.467786,6.000000,0.101289
2099500,0.000141,-77.005427,6.000000,0.000000
2100000,0.000182,-74.817469,4.000000,0.007301
2100500,0.000222,-73.069082,6.000000,0.077237
2101000,0.000084,-81.494071,0.000000,0.000000
2101500,0.000149,-76.541567,4.000000,0.000000
2102000,0.000148,-76.576490,6.000000,0.000000
2102500,0.000105,-79.569251,6.000000,0.000000
2103000,0.000204,-73.794291,4.000000,0.048228
2103500,0.000232,-72.702306,6.000000,0.091908
2104000,0.000146,-76.729792,0.000000,0.000000
2104500,0.000040,-87.980346,2.000000,0.000000
2105000,0.000172,-75.288351,0.000000,0.000000
2105500,0.000251,-71.999525,6.000000,0.120019
2106000,0.000351,-69.082547,4.000000,0.236698
2106500,0.000162,-75.814228,6.000000,0.000000
2107000,0.000289,-70.791980,4.000000,0.168321
2107500,0.000165,-75.633987,4.000000,0.000000
2108000,0.000071,-82.965924,4.000000,0.000000
2108500,0.000260,-71.712539,6.000000,0.131498
2109000,0.000121,-78.335244,6.000000,0.000000
2109500,0.000335,-69.495865,4.000000,0.220165
2110000,0.000383,-68.342920,6.000000,0.266283
2110500,0.000134,-77.433086,4.000000,0.000000
2111000,0.000148,-76.608483,4.000000,0.000000
2111500,0.000213,-73.420474,6.000000,0.063181
2112000,0.000106,-79.503019,4.000000,0.000000
2112500,0.000249,-72.090987,4.000000,0.116361
2113000,0.000245,-72.219157,6.000000,0.111234
2113500,0.000265,-71.534665,4.000000,0.138613
2114000,0.000116,-78.722690,4.000000,0.000000
2114500,0.000178,-75.003379,6.000000,0.000000
2115000,0.000075,-82.544081,6.000000,0.000000
2115500,0.000372,-68.585299,4.000000,0.256588
2116000,0.000143,-76.895727,4.000000,0.000000
2116500,0.000181,-74.855682,6.000000,0.005773
2117000,0.000318,-69.951096,4.000000,0.201956
2117500,0.000315,-70.046333,6.000000,0.198147
2118000,0.000280,-71.057618,6.000000,0.157695
2118500,0.000286,-70.866154,6.000000,0.165354
2119000,0.000236,-72.540158,4.000000,0.098394
2119500,0.000329,-69.653329,6.000000,0.213867
2120000,0.000235,-72.577436,6.000000,0.096903
2120500,0.000210,-73.554251,4.000000,0.057830
2121000,0.000247,-72.144943,6.000000,0.114202
2121500,0.000255,-71.868627,6.000000,0.125255
2122000,0.000181,-74.843030,6.000000,0.006279
2122500,0.000236,-72.541762,4.000000,0.098330
2123000,0.000231,-72.712948,6.000000,0.091482
2123500,0.000191,-74.382959,6.000000,0.024682
2124000,0.000181,-74.826068,4.000000,0.006957
2124500,0.000181,-74.839680,6.000000,0.006413
2125000,0.000110,-79.160044,4.000000,0.000000
2125500,0.000191,-74.378503,6.000000,0.024860
2126000,0.000095,-80.487353,2.000000,0.000000
2126500,0.000014,-97.061159,0.000000,0.000000
2127000,0.000010,-99.725462,0.000000,0.000000
2127500,0.000018,-94.895418,0.000000,0.000000
2128000,0.000013,-97.837193,2.000000,0.000000
2128500,0.000013,-97.831950,0.000000,0.000000
2129000,0.000203,-73.850846,6.000000,0.045966
2129500,0.000156,-76.160743,4.000000,0.000000
2130000,0.000040,-87.864903,0.000000,0.000000
2130500,0.000111,-79.130918,2.000000,0.000000
2131000,0.000159,-75.966252,2.000000,0.000000
2131500,0.000116,-78.718556,2.000000,0.000000
2132000,0.000019,-94.534542,0.000000,0.000000
2132500,0.000128,-77.836674,4.000000,0.000000
2133000,0.000252,-71.988927,4.000000,0.120443
2133500,0.000268,-71.421339,6.000000,0.143146
2134000,0.000200,-73.986490,6.000000,0.040540
2134500,0.000246,-72.169292,6.000000,0.113228
2135000,0.000239,-72.422150,6.000000,0.103114
2135500,0.000277,-71.144738,6.000000,0.154210
2136000,0.000223,-73.041770,4.000000,0.078329
2136500,0.000214,-73.399968,6.000000,0.064001
2137000,0.000214,-73.396696,6.000000,0.064132
2137500,0.000149,-76.509654,6.000000,0.000000
2138000,0.000270,-71.364995,6.000000,0.145400
2138500,0.000039,-88.143591,0.000000,0.000000
2139000,0.000015,-96.205914,0.000000,0.000000
2139500,0.000089,-80.994046,2.000000,0.000000
2140000,0.000162,-75.808791,2.000000,0.000000
2140500,0.000100,-79.990115,2.000000,0.000000
2141000,0.000057,-84.916089,2.000000,0.000000
2141500,0.000028,-90.958164,2.000000,0.000000
2142000,0.000015,-96.531035,0.000000,0.000000
2142500,0.000049,-86.128305,2.000000,0.000000
2143000,0.000231,-72.740507,6.000000,0.090380
2143500,0.000081,-81.859063,2.000000,0.000000
2144000,0.000220,-73.133857,4.000000,0.074646
2144500,0.000248,-72.102490,6.000000,0.115900
2145000,0.000252,-71.959873,6.000000,0.121605
2145500,0.000209,-73.602418,6.000000,0.055903
2146000,0.000226,-72.919366,4.000000,0.083225
2146500,0.000215,-73.362844,6.000000,0.065486
2147000,0.000154,-76.225576,4.000000,0.000000
2147500,0.000139,-77.157010,6.000000,0.000000
2148000,0.000197,-74.101424,6.000000,0.035943
2148500,0.000180,-74.903026,4.000000,0.003879
2149000,0.000167,-75.553601,6.000000,0.000000
2149500,0.000166,-75.574227,4.000000,0.000000
2150000,0.000255,-71.855028,6.000000,0.125799
2150500,0.000223,-73.052409,4.000000,0.077904
2151000,0.000262,-71.644593,6.000000,0.134216
2151500,0.000109,-79.266881,4.000000,0.000000
2152000,0.000346,-69.227639,8.000000,0.230894
2152500,0.000270,-71.388555,6.000000,0.144458
2153000,0.000289,-70.777736,6.000000,0.168891
2153500,0.000245,-72.234035,10.000000,0.110639
2154000,0.000268,-71.448884,8.000000,0.142045
2154500,0.000208,-73.637518,10.000000,0.054499
2155000,0.000303,-70.366021,8.000000,0.185359
2155500,0.000153,-76.324705,8.000000,0.000000
2156000,0.000284,-70.948832,8.000000,0.162047
2156500,0.000290,-70.739388,8.000000,0.170424
2157000,0.000221,-73.125433,8.000000,0.074983
2157500,0.000270,-71.387373,10.000000,0.144505
2158000,0.000264,-71.574410,8.000000,0.137024
2158500,0.000200,-73.996674,6.000000,0.040133
2159000,0.000264,-71.563554,8.000000,0.137458
2159500,0.000228,-72.826751,8.000000,0.086930
2160000,0.000215,-73.350759,8.000000,0.065970
2160500,0.000277,-71.150085,8.000000,0.153997
2161000,0.000185,-74.654258,6.000000,0.013830
2161500,0.000208,-73.626412,8.000000,0.054944
2162000,0.000209,-73.612332,4.000000,0.055507
2162500,0.000206,-73.741344,6.000000,0.050346
2163000,0.000293,-70.658866,6.000000,0.173645
2163500,0.000230,-72.755495,6.000000,0.089780
2164000,0.000318,-69.952907,6.000000,0.201884
2164500,0.000222,-73.075081,6.000000,0.076997
2165000,0.000285,-70.910549,6.000000,0.163578
2165500,0.000269,-71.402901,6.000000,0.143884
2166000,0.000292,-70.686989,6.000000,0.172520
2166500,0.000185,-74.665610,6.000000,0.013376
2167000,0.000217,-73.262948,4.000000,0.069482
2167500,0.000317,-69.983168,8.000000,0.200673
2168000,0.000228,-72.823191,4.000000,0.087072
2168500,0.000138,-77.222879,4.000000,0.000000
2169000,0.000113,-78.976378,2.000000,0.000000
2169500,0.000232,-72.689150,4.000000,0.092434
2170000,0.000209,-73.617724,6.000000,0.055291
2170500,0.000211,-73.528874,4.000000,0.058845
2171000,0.000206,-73.702903,6.000000,0.051884
2171500,0.000271,-71.333055,8.000000,0.146678
2172000,0.000203,-73.864346,4.000000,0.045426
2172500,0.000275,-71.216584,6.000000,0.151337
2173000,0.000254,-71.900986,6.000000,0.123961
2173500,0.000158,-76.032545,4.000000,0.000000
2174000,0.000296,-70.573091,6.000000,0.177076
2174500,0.000205,-73.747933,6.000000,0.050083
2175000,0.000234,-72.628568,6.000000,0.094857
2175500,0.000252,-71.985793,6.000000,0.120568
2176000,0.000235,-72.564759,6.000000,0.097410
2176500,0.000281,-71.034819,6.000000,0.158607
2177000,0.000181,-74.857479,4.000000,0.005701
2177500,0.000254,-71.914740,8.000000,0.123410
2178000,0.000380,-68.396443,6.000000,0.264142
2178500,0.000309,-70.214231,8.000000,0.191431
2179000,0.000283,-70.960857,8.000000,0.161566
2179500,0.000290,-70.759390,6.000000,0.169624
2180000,0.000342,-69.311987,8.000000,0.227521
2180500,0.000343,-69.285368,8.000000,0.228585
2181000,0.000243,-72.281790,8.000000,0.108728
2181500,0.000348,-69.162102,6.000000,0.233516
2182000,0.000280,-71.054842,10.000000,0.157806
2182500,0.000291,-70.732005,8.000000,0.170720
2183000,0.000208,-73.644377,6.000000,0.054225
2183500,0.000299,-70.490356,10.000000,0.180386
2184000,0.000236,-72.547595,10.000000,0.098096
2184500,0.000304,-70.343091,8.000000,0.186276
2185000,0.000342,-69.317398,10.000000,0.227304
2185500,0.000355,-68.989580,10.000000,0.240417
2186000,0.000284,-70.932886,8.000000,0.162685
2186500,0.000339,-69.395164,10.000000,0.224193
2187000,0.000288,-70.817721,8.000000,0.167291
2187500,0.000276,-71.180978,8.000000,0.152761
2188000,0.000265,-71.549716,10.000000,0.138011
2188500,0.000238,-72.475402,8.000000,0.100984
2189000,0.000215,-73.339357,6.000000,0.066426
2189500,0.000234,-72.609665,10.000000,0.095613
2190000,0.000245,-72.231918,8.000000,0.110723
2190500,0.000230,-72.772028,8.000000,0.089119
2191000,0.000254,-71.919635,6.000000,0.123215
2191500,0.000160,-75.927283,6.000000,0.000000
2192000,0.000202,-73.900197,8.000000,0.043992
2192500,0.000266,-71.496475,10.000000,0.140141
2193000,0.000215,-73.347812,8.000000,0.066088
2193500,0.000239,-72.429267,6.000000,0.102829
2194000,0.000254,-71.912976,6.000000,0.123481
2194500,0.000289,-70.772657,8.000000,0.169094
2195000,0.000294,-70.632729,8.000000,0.174691
2195500,0.000275,-71.208487,8.000000,0.151661
2196000,0.000232,-72.676185,8.000000,0.092953
2196500,0.000221,-73.129859,8.000000,0.074806
2197000,0.000226,-72.923240,8.000000,0.083070
2197500,0.000212,-73.470866,8.000000,0.061165
2198000,0.000251,-72.023509,8.000000,0.119060
2198500,0.000231,-72.727596,8.000000,0.090896
2199000,0.000216,-73.309355,8.000000,0.067626
2199500,0.000241,-72.355052,4.000000,0.105798
2200000,0.000242,-72.336355,6.000000,0.106546
2200500,0.000264,-71.561982,8.000000,0.137521
2201000,0.000147,-76.634340,8.000000,0.000000
2201500,0.000190,-74.443266,8.000000,0.022269
2202000,0.000118,-78.539557,6.000000,0.000000
2202500,0.000079,-82.046111,4.000000,0.000000
2203000,0.000217,-73.266983,10.000000,0.069321
2203500,0.000264,-71.560104,6.000000,0.137596
2204000,0.000211,-73.505960,8.000000,0.059762
2204500,0.000288,-70.814309,8.000000,0.167428
2205000,0.000267,-71.468952,8.000000,0.141242
2205500,0.000189,-74.471892,6.000000,0.021124
2206000,0.000200,-73.985607,8.000000,0.040576
2206500,0.000244,-72.242902,6.000000,0.110284
2207000,0.000163,-75.744587,6.000000,0.000000
2207500,0.000215,-73.335443,8.000000,0.066582
2208000,0.000225,-72.944050,8.000000,0.082238
2208500,0.000171,-75.352275,8.000000,0.000000
2209000,0.000283,-70.963338,8.000000,0.161466
2209500,0.000204,-73.800788,8.000000,0.047968
2210000,0.000202,-73.909343,6.000000,0.043626
2210500,0.000204,-73.792094,8.000000,0.048316
2211000,0.000143,-76.867380,6.000000,0.000000
2211500,0.000196,-74.152314,6.000000,0.033907
2212000,0.000199,-74.019840,6.000000,0.039206
2212500,0.000230,-72.768192,6.000000,0.089272
2213000,0.000132,-77.575298,8.000000,0.000000
2213500,0.000133,-77.527599,8.000000,0.000000
2214000,0.000128,-77.851219,8.000000,0.000000
2214500,0.000186,-74.608742,8.000000,0.015650
2215000,0.000193,-74.270427,6.000000,0.029183
2215500,0.000175,-75.148606,4.000000,0.000000
2216000,0.000351,-69.104427,8.000000,0.235823
2216500,0.000219,-73.196407,4.000000,0.072144
2217000,0.000276,-71.176676,6.000000,0.152933
2217500,0.000226,-72.918428,6.000000,0.083263
2218000,0.000163,-75.743178,8.000000,0.000000
2218500,0.000134,-77.434690,8.000000,0.000000
2219000,0.000179,-74.936298,8.000000,0.002548
2219500,0.000149,-76.519111,6.000000,0.000000
2220000,0.000182,-74.814749,8.000000,0.007410
2220500,0.000132,-77.586299,6.000000,0.000000
2221000,0.000203,-73.869700,10.000000,0.045212
2221500,0.000128,-77.831378,6.000000,0.000000
2222000,0.000172,-75.296546,8.000000,0.000000
2222500,0.000137,-77.282501,6.000000,0.000000
2223000,0.000212,-73.481851,8.000000,0.060726
2223500,0.000236,-72.538822,8.000000,0.098447
2224000,0.000204,-73.796916,8.000000,0.048123
2224500,0.000193,-74.299039,6.000000,0.028038
2225000,0.000092,-80.738563,2.000000,0.000000
2225500,0.000152,-76.383323,6.000000,0.000000
2226000,0.000245,-72.206284,4.000000,0.111749
2226500,0.000302,-70.395438,4.000000,0.184182
2227000,0.000482,-66.334266,6.000000,0.346629
2227500,0.000364,-68.782005,6.000000,0.248720
2228000,0.000333,-69.562189,4.000000,0.217512
2228500,0.000379,-68.431368,6.000000,0.262745
2229000,0.000352,-69.076728,4.000000,0.236931
2229500,0.000297,-70.547819,4.000000,0.178087
2230000,0.000421,-67.521291,6.000000,0.299148
2230500,0.000279,-71.080072,4.000000,0.156797
2231000,0.000244,-72.257600,4.000000,0.109696
2231500,0.000266,-71.491745,4.000000,0.140330
2232000,0.000225,-72.949421,6.000000,0.082023
2232500,0.000238,-72.479315,4.000000,0.100827
2233000,0.000271,-71.337080,4.000000,0.146517
2233500,0.000243,-72.303288,4.000000,0.107868
2234000,0.000313,-70.096346,6.000000,0.196146
2234500,0.000210,-73.570286,4.000000,0.057189
2235000,0.000211,-73.515507,4.000000,0.059380
2235500,0.000223,-73.033343,4.000000,0.078666
2236000,0.000295,-70.617836,4.000000,0.175287
2236500,0.000239,-72.439290,4.000000,0.102428
2237000,0.000249,-72.092994,4.000000,0.116280
2237500,0.000337,-69.447954,8.000000,0.222082
2238000,0.000339,-69.397564,6.000000,0.224097
2238500,0.000285,-70.894463,2.000000,0.164221
2239000,0.000167,-75.538294,4.000000,0.000000
2239500,0.000240,-72.413387,4.000000,0.103465
2240000,0.000116,-78.727889,2.000000,0.000000
2240500,0.000227,-72.895476,4.000000,0.084181
2241000,0.000171,-75.328669,2.000000,0.000000
2241500,0.000316,-70.006452,4.000000,0.199742
2242000,0.000104,-79.667260,2.000000,0.000000
2242500,0.000294,-70.633125,4.000000,0.174675
2243000,0.000186,-74.611338,2.000000,0.015546
2243500,0.000321,-69.862470,4.000000,0.205501
2244000,0.000174,-75.166403,2.000000,0.000000
2244500,0.000299,-70.483395,4.000000,0.180664
2245000,0.000247,-72.161523,2.000000,0.113539
2245500,0.000193,-74.293917,4.000000,0.028243
2246000,0.000126,-77.989231,2.000000,0.000000
2246500,0.000304,-70.341819,4.000000,0.186327
2247000,0.000291,-70.712052,8.000000,0.171518
2247500,0.000303,-70.357827,4.000000,0.185687
2248000,0.000195,-74.185464,4.000000,0.032581
2248500,0.000294,-70.629842,6.000000,0.174806
2249000,0.000170,-75.368113,4.000000,0.000000
2249500,0.000330,-69.631219,6.000000,0.214751
2250000,0.000171,-75.334451,4.000000,0.000000
2250500,0.000207,-73.696670,4.000000,0.052133
2251000,0.000349,-69.140028,8.000000,0.234399
2251500,0.000168,-75.473917,2.000000,0.000000
2252000,0.000257,-71.791630,6.000000,0.128335
2252500,0.000234,-72.600514,4.000000,0.095979
2253000,0.000234,-72.603393,2.000000,0.095864
2253500,0.000155,-76.176133,6.000000,0.000000
2254000,0.000234,-72.618772,4.000000,0.095249
2254500,0.000218,-73.243891,6.000000,0.070244
2255000,0.000266,-71.504634,8.000000,0.139815
2255500,0.000146,-76.700503,4.000000,0.000000
2256000,0.000235,-72.566557,6.000000,0.097338
2256500,0.000188,-74.539620,6.000000,0.018415
2257000,0.000263,-71.596461,6.000000,0.136142
2257500,0.000229,-72.785477,6.000000,0.088581
2258000,0.000157,-76.056195,4.000000,0.000000
2258500,0.000161,-75.872844,2.000000,0.000000
2259000,0.000206,-73.719047,6.000000,0.051238
2259500,0.000088,-81.096471,2.000000,0.000000
2260000,0.000163,-75.738668,6.000000,0.000000
2260500,0.000054,-85.395629,0.000000,0.000000
2261000,0.000023,-92.618792,0.000000,0.000000
2261500,0.000032,-89.959862,0.000000,0.000000
2262000,0.000013,-97.877721,0.000000,0.000000
2262500,0.000011,-99.246214,0.000000,0.000000
2263000,0.000010,-99.669703,0.000000,0.000000
2263500,0.000012,-98.673942,0.000000,0.000000
2264000,0.000014,-96.999667,0.000000,0.000000
2264500,0.000019,-94.439538,0.000000,0.000000
2265000,0.000048,-86.343613,2.000000,0.000000
2265500,0.000048,-86.429077,6.000000,0.000000
2266000,0.000079,-82.059555,2.000000,0.000000
2266500,0.000056,-85.056410,2.000000,0.000000
2267000,0.000056,-84.979079,2.000000,0.000000
2267500,0.000035,-89.121357,2.000000,0.000000
2268000,0.000033,-89.670838,2.000000,0.000000
2268500,0.000036,-88.754318,6.000000,0.000000
2269000,0.000030,-90.426972,2.000000,0.000000
2269500,0.000034,-89.449244,4.000000,0.000000
2270000,0.000035,-89.223284,4.000000,0.000000
2270500,0.000041,-87.720255,0.000000,0.000000
2271000,0.000050,-86.084296,4.000000,0.000000
2271500,0.000084,-81.529080,2.000000,0.000000
2272000,0.000068,-83.380228,4.000000,0.000000
2272500,0.000057,-84.904044,4.000000,0.000000
2273000,0.000043,-87.287233,6.000000,0.000000
2273500,0.000050,-86.107553,4.000000,0.000000
2274000,0.000055,-85.164800,2.000000,0.000000
2274500,0.000051,-85.842093,2.000000,0.000000
2275000,0.000041,-87.809512,4.000000,0.000000
2275500,0.000038,-88.398002,6.000000,0.000000
2276000,0.000033,-89.512110,6.000000,0.000000
2276500,0.000029,-90.686505,2.000000,0.000000
2277000,0.000030,-90.569870,8.000000,0.000000
2277500,0.000041,-87.721059,4.000000,0.000000
2278000,0.000073,-82.747343,0.000000,0.000000
2278500,0.000056,-85.072764,4.000000,0.000000
2279000,0.000049,-86.121172,0.000000,0.000000
2279500,0.000044,-87.168281,8.000000,0.000000
2280000,0.000044,-87.219432,4.000000,0.000000
2280500,0.000056,-85.067292,0.000000,0.000000
2281000,0.000063,-84.023419,2.000000,0.000000
2281500,0.000045,-86.879209,4.000000,0.000000
2282000,0.000035,-89.049302,2.000000,0.000000
2282500,0.000043,-87.262899,6.000000,0.000000
2283000,0.000038,-88.369209,2.000000,0.000000
2283500,0.000035,-89.070294,4.000000,0.000000
2284000,0.000034,-89.304498,6.000000,0.000000
2284500,0.000060,-84.387552,2.000000,0.000000
2285000,0.000057,-84.807062,4.000000,0.000000
2285500,0.000067,-83.512081,4.000000,0.000000
2286000,0.000048,-86.378456,0.000000,0.000000
2286500,0.000058,-84.701095,2.000000,0.000000
2287000,0.000061,-84.356839,2.000000,0.000000
2287500,0.000043,-87.298338,2.000000,0.000000
2288000,0.000069,-83.179817,6.000000,0.000000
2288500,0.000091,-80.785409,2.000000,0.000000
2289000,0.000071,-82.986213,2.000000,0.000000
2289500,0.000055,-85.196088,6.000000,0.000000
2290000,0.000050,-86.021180,2.000000,0.000000
2290500,0.000042,-87.621682,8.000000,0.000000
2291000,0.000046,-86.761357,4.000000,0.000000
2291500,0.000042,-87.458251,2.000000,0.000000
2292000,0.000050,-85.970699,4.000000,0.000000
2292500,0.000043,-87.303281,0.000000,0.000000
2293000,0.000040,-87.862385,0.000000,0.000000
2293500,0.000043,-87.310918,4.000000,0.000000
2294000,0.000044,-87.141307,4.000000,0.000000
2294500,0.000040,-87.978923,6.000000,0.000000
2295000,0.000036,-88.855687,0.000000,0.000000
2295500,0.000034,-89.411505,6.000000,0.000000
2296000,0.000032,-89.776204,2.000000,0.000000
2296500,0.000039,-88.096622,0.000000,0.000000
2297000,0.000043,-87.414263,8.000000,0.000000
2297500,0.000041,-87.762751,0.000000,0.000000
2298000,0.000034,-89.255457,4.000000,0.000000
2298500,0.000039,-88.155366,0.000000,0.000000
2299000,0.000057,-84.879825,10.000000,0.000000
2299500,0.000070,-83.118795,2.000000,0.000000
2300000,0.000051,-85.783786,2.000000,0.000000
2300500,0.000047,-86.514144,0.000000,0.000000
2301000,0.000047,-86.539292,0.000000,0.000000
2301500,0.000037,-88.658234,4.000000,0.000000
2302000,0.000034,-89.313361,6.000000,0.000000
2302500,0.000067,-83.506164,2.000000,0.000000
2303000,0.000073,-82.720126,4.000000,0.000000
2303500,0.000067,-83.422401,0.000000,0.000000
2304000,0.000047,-86.541459,4.000000,0.000000
2304500,0.000036,-88.987733,0.000000,0.000000
2305000,0.000038,-88.401644,4.000000,0.000000
2305500,0.000045,-86.946143,2.000000,0.000000
2306000,0.000043,-87.337806,2.000000,0.000000
2306500,0.000038,-88.414360,6.000000,0.000000
2307000,0.000046,-86.817404,0.000000,0.000000
2307500,0.000039,-88.193864,4.000000,0.000000
2308000,0.000033,-89.537820,2.000000,0.000000
2308500,0.000039,-88.254614,6.000000,0.000000
2309000,0.000043,-87.417261,4.000000,0.000000
2309500,0.000057,-84.880653,0.000000,0.000000
2310000,0.000038,-88.387935,8.000000,0.000000
2310500,0.000056,-85.079968,4.000000,0.000000
2311000,0.000062,-84.105049,4.000000,0.000000
2311500,0.000039,-88.139979,0.000000,0.000000
2312000,0.000080,-81.890474,2.000000,0.000000
2312500,0.000067,-83.485058,6.000000,0.000000
2313000,0.000046,-86.688178,0.000000,0.000000
2313500,0.000066,-83.555738,6.000000,0.000000
2314000,0.000054,-85.323688,4.000000,0.000000
2314500,0.000078,-82.132665,2.000000,0.000000
2315000,0.000075,-82.452343,4.000000,0.000000
2315500,0.000126,-77.991130,4.000000,0.000000
2316000,0.000083,-81.655808,4.000000,0.000000
2316500,0.000071,-83.016029,6.000000,0.000000
2317000,0.000091,-80.830023,0.000000,0.000000
2317500,0.000072,-82.842537,2.000000,0.000000
2318000,0.000074,-82.616956,2.000000,0.000000
2318500,0.000048,-86.366064,6.000000,0.000000
2319000,0.000060,-84.409600,6.000000,0.000000
2319500,0.000047,-86.510627,4.000000,0.000000
2320000,0.000071,-82.966198,0.000000,0.000000
2320500,0.000044,-87.155038,2.000000,0.000000
2321000,0.000075,-82.477729,4.000000,0.000000
2321500,0.000050,-86.013128,2.000000,0.000000
2322000,0.000063,-84.041479,6.000000,0.000000
2322500,0.000041,-87.788591,4.000000,0.000000
2323000,0.000061,-84.273333,2.000000,0.000000
2323500,0.000038,-88.419780,4.000000,0.000000
2324000,0.000041,-87.686641,2.000000,0.000000
2324500,0.000035,-89.206502,0.000000,0.000000
2325000,0.000038,-88.418731,6.000000,0.000000
2325500,0.000083,-81.584738,0.000000,0.000000
2326000,0.000106,-79.524335,4.000000,0.000000
2326500,0.000095,-80.436671,4.000000,0.000000
2327000,0.000116,-78.676452,0.000000,0.000000
2327500,0.000092,-80.746124,2.000000,0.000000
2328000,0.000114,-78.853358,0.000000,0.000000
2328500,0.000120,-78.447092,4.000000,0.000000
2329000,0.000090,-80.909525,0.000000,0.000000
2329500,0.000090,-80.882998,0.000000,0.000000
2330000,0.000079,-82.049706,0.000000,0.000000
2330500,0.000083,-81.612241,2.000000,0.000000
2331000,0.000055,-85.218727,4.000000,0.000000
2331500,0.000084,-81.516577,2.000000,0.000000
2332000,0.000073,-82.678982,2.000000,0.000000
2332500,0.000074,-82.669618,2.000000,0.000000
2333000,0.000077,-82.301762,0.000000,0.000000
2333500,0.000058,-84.776170,2.000000,0.000000
2334000,0.000071,-82.996743,4.000000,0.000000
2334500,0.000088,-81.067999,2.000000,0.000000
2335000,0.000052,-85.635745,8.000000,0.000000
2335500,0.000092,-80.742527,2.000000,0.000000
2336000,0.000078,-82.131228,2.000000,0.000000
2336500,0.000075,-82.463131,2.000000,0.000000
2337000,0.000053,-85.449713,0.000000,0.000000
2337500,0.000078,-82.134554,0.000000,0.000000
2338000,0.000042,-87.601661,0.000000,0.000000
2338500,0.000074,-82.632563,2.000000,0.000000
2339000,0.000069,-83.262752,2.000000,0.000000
2339500,0.000097,-80.233337,6.000000,0.000000
2340000,0.000078,-82.117493,2.000000,0.000000
2340500,0.000081,-81.782317,2.000000,0.000000
2341000,0.000088,-81.117297,2.000000,0.000000
2341500,0.000055,-85.239051,4.000000,0.000000
2342000,0.000066,-83.649682,0.000000,0.000000
2342500,0.000077,-82.305403,2.000000,0.000000
2343000,0.000062,-84.158044,2.000000,0.000000
2343500,0.000075,-82.446290,4.000000,0.000000
2344000,0.000087,-81.228612,2.000000,0.000000
2344500,0.000072,-82.829538,2.000000,0.000000
2345000,0.000093,-80.606768,2.000000,0.000000
2345500,0.000077,-82.253748,2.000000,0.000000
2346000,0.000110,-79.204767,6.000000,0.000000
2346500,0.000042,-87.588895,8.000000,0.000000
2347000,0.000102,-79.839357,0.000000,0.000000
2347500,0.000078,-82.106021,4.000000,0.000000
2348000,0.000067,-83.495078,4.000000,0.000000
2348500,0.000098,-80.144498,4.000000,0.000000
2349000,0.000354,-69.021722,6.000000,0.239131
2349500,0.000335,-69.496738,4.000000,0.220130
2350000,0.000376,-68.498460,6.000000,0.260062
2350500,0.000270,-71.387422,4.000000,0.144503
2351000,0.000280,-71.067805,4.000000,0.157288
2351500,0.000347,-69.198899,6.000000,0.232044
2352000,0.000363,-68.791782,4.000000,0.248329
2352500,0.000389,-68.210720,4.000000,0.271571
2353000,0.000341,-69.334010,4.000000,0.226640
2353500,0.000335,-69.511073,4.000000,0.219557
2354000,0.000308,-70.226323,4.000000,0.190947
2354500,0.000283,-70.968708,4.000000,0.161252
2355000,0.000087,-81.175236,2.000000,0.000000
2355500,0.000237,-72.495877,6.000000,0.100165
2356000,0.000182,-74.809889,6.000000,0.007604
2356500,0.000185,-74.645391,4.000000,0.014184
2357000,0.000301,-70.418589,4.000000,0.183256
2357500,0.000271,-71.329724,4.000000,0.146811
2358000,0.000247,-72.135290,4.000000,0.114588
2358500,0.000157,-76.073146,4.000000,0.000000
2359000,0.000180,-74.914971,4.000000,0.003401
2359500,0.000240,-72.411554,4.000000,0.103538
2360000,0.000157,-76.057461,2.000000,0.000000
2360500,0.000156,-76.131530,4.000000,0.000000
2361000,0.000028,-91.138958,0.000000,0.000000
2361500,0.000042,-87.566365,0.000000,0.000000
2362000,0.000084,-81.565773,2.000000,0.000000
2362500,0.000016,-95.821119,0.000000,0.000000
2363000,0.000023,-92.925331,0.000000,0.000000
2363500,0.000030,-90.389097,0.000000,0.000000
2364000,0.000067,-83.522519,0.000000,0.000000
2364500,0.000026,-91.572937,0.000000,0.000000
2365000,0.000018,-94.815577,0.000000,0.000000
2365500,0.000013,-97.661608,0.000000,0.000000
2366000,0.000014,-97.069337,0.000000,0.000000
2366500,0.000015,-96.539963,0.000000,0.000000
2367000,0.000016,-95.982789,0.000000,0.000000
2367500,0.000014,-97.314981,0.000000,0.000000
2368000,0.000017,-95.474649,0.000000,0.000000
2368500,0.000015,-96.621317,0.000000,0.000000
2369000,0.000015,-96.355702,0.000000,0.000000
2369500,0.000015,-96.705702,0.000000,0.000000
2370000,0.000014,-97.318094,0.000000,0.000000
2370500,0.000011,-98.862113,0.000000,0.000000
2371000,0.000012,-98.189246,0.000000,0.000000
2371500,0.000015,-96.704741,0.000000,0.000000
2372000,0.000014,-97.058774,0.000000,0.000000
2372500,0.000013,-97.504679,0.000000,0.000000
2373000,0.000016,-96.147568,0.000000,0.000000
2373500,0.000014,-96.879354,0.000000,0.000000
2374000,0.000013,-97.721222,0.000000,0.000000
2374500,0.000015,-96.608911,0.000000,0.000000
2375000,0.000014,-97.249140,0.000000,0.000000
2375500,0.000013,-97.684283,0.000000,0.000000
2376000,0.000015,-96.253005,0.000000,0.000000
2376500,0.000016,-95.923668,0.000000,0.000000
2377000,0.000013,-97.856563,0.000000,0.000000
2377500,0.000016,-96.042641,0.000000,0.000000
2378000,0.000013,-98.052724,0.000000,0.000000
2378500,0.000012,-98.366537,0.000000,0.000000
2379000,0.000011,-99.161787,0.000000,0.000000
2379500,0.000011,-99.355174,0.000000,0.000000
2380000,0.000012,-98.734343,0.000000,0.000000
2380500,0.000014,-96.912230,0.000000,0.000000
2381000,0.000016,-95.767920,0.000000,0.000000
2381500,0.000015,-96.685436,0.000000,0.000000
2382000,0.000016,-95.759636,0.000000,0.000000
2382500,0.000015,-96.625188,0.000000,0.000000
2383000,0.000013,-97.822971,0.000000,0.000000
2383500,0.000014,-97.169085,0.000000,0.000000
2384000,0.000014,-96.836308,0.000000,0.000000
2384500,0.000014,-97.392134,0.000000,0.000000
2385000,0.000015,-96.263269,0.000000,0.000000
2385500,0.000019,-94.450801,0.000000,0.000000
2386000,0.000014,-96.936109,0.000000,0.000000
2386500,0.000014,-97.040713,0.000000,0.000000
2387000,0.000015,-96.593859,0.000000,0.000000
2387500,0.000017,-95.476372,0.000000,0.000000
2388000,0.000017,-95.593703,0.000000,0.000000
2388500,0.000029,-90.645938,0.000000,0.000000
2389000,0.000022,-93.049997,0.000000,0.000000
2389500,0.000036,-88.868413,0.000000,0.000000
2390000,0.000030,-90.322393,0.000000,0.000000
2390500,0.000049,-86.258194,0.000000,0.000000
2391000,0.000038,-88.480310,0.000000,0.000000
2391500,0.000033,-89.681777,0.000000,0.000000
2392000,0.000027,-91.411654,0.000000,0.000000
2392500,0.000038,-88.415420,0.000000,0.000000
2393000,0.000060,-84.500730,0.000000,0.000000
2393500,0.000038,-88.429766,0.000000,0.000000
2394000,0.000020,-94.037291,0.000000,0.000000
2394500,0.000018,-94.986613,0.000000,0.000000
2395000,0.000020,-93.818087,0.000000,0.000000
2395500,0.000018,-94.881105,0.000000,0.000000
2396000,0.000017,-95.593517,0.000000,0.000000
2396500,0.000016,-95.771982,0.000000,0.000000
2397000,0.000017,-95.157310,0.000000,0.000000
2397500,0.000018,-95.120868,0.000000,0.000000
2398000,0.000033,-89.645344,0.000000,0.000000
2398500,0.000024,-92.413396,0.000000,0.000000
2399000,0.000020,-94.142692,0.000000,0.000000
2399500,0.000016,-95.742215,0.000000,0.000000
2400000,0.000015,-96.665042,0.000000,0.000000
2400500,0.000017,-95.171445,0.000000,0.000000
2401000,0.000020,-94.175606,0.000000,0.000000
2401500,0.000017,-95.246678,0.000000,0.000000
2402000,0.000028,-91.088133,0.000000,0.000000
2402500,0.000038,-88.317987,0.000000,0.000000
2403000,0.000037,-88.652706,0.000000,0.000000
2403500,0.000068,-83.311037,2.000000,0.000000
2404000,0.000082,-81.751413,2.000000,0.000000
2404500,0.000054,-85.322417,0.000000,0.000000
2405000,0.000023,-92.608062,0.000000,0.000000
2405500,0.000033,-89.513120,0.000000,0.000000
2406000,0.000066,-83.643379,0.000000,0.000000
2406500,0.000056,-85.108971,0.000000,0.000000
2407000,0.000056,-85.056285,0.000000,0.000000
2407500,0.000041,-87.848089,0.000000,0.000000
2408000,0.000037,-88.621779,0.000000,0.000000
2408500,0.000254,-71.916673,4.000000,0.123333
2409000,0.000134,-77.440844,4.000000,0.000000
2409500,0.000072,-82.864797,2.000000,0.000000
2410000,0.000025,-92.216261,0.000000,0.000000
2410500,0.000020,-94.156649,0.000000,0.000000
2411000,0.000055,-85.202699,0.000000,0.000000
2411500,0.000038,-88.440802,0.000000,0.000000
2412000,0.000033,-89.720404,0.000000,0.000000
2412500,0.000030,-90.451389,0.000000,0.000000
2413000,0.000031,-90.057930,0.000000,0.000000
2413500,0.000027,-91.448393,0.000000,0.000000
2414000,0.000022,-93.062121,0.000000,0.000000
2414500,0.000022,-93.027272,0.000000,0.000000
2415000,0.000049,-86.244054,0.000000,0.000000
2415500,0.000031,-90.167408,0.000000,0.000000
2416000,0.000026,-91.634982,0.000000,0.000000
2416500,0.000196,-74.145686,4.000000,0.034173
2417000,0.000074,-82.572256,0.000000,0.000000
2417500,0.000035,-89.089391,0.000000,0.000000
2418000,0.000083,-81.612381,2.000000,0.000000
2418500,0.000050,-86.080598,0.000000,0.000000
2419000,0.000045,-86.984074,0.000000,0.000000
2419500,0.000095,-80.420088,2.000000,0.000000
2420000,0.000073,-82.687186,0.000000,0.000000
2420500,0.000039,-88.159688,0.000000,0.000000
2421000,0.000044,-87.127068,0.000000,0.000000
2421500,0.000046,-86.728926,0.000000,0.000000
2422000,0.000031,-90.234756,0.000000,0.000000
2422500,0.000027,-91.452931,0.000000,0.000000
2423000,0.000068,-83.287324,2.000000,0.000000
2423500,0.000060,-84.468735,0.000000,0.000000
2424000,0.000035,-89.134928,0.000000,0.000000
2424500,0.000029,-90.777416,0.000000,0.000000
2425000,0.000042,-87.517982,0.000000,0.000000
2425500,0.000061,-84.278127,0.000000,0.000000
2426000,0.000042,-87.463659,0.000000,0.000000
2426500,0.000043,-87.407928,0.000000,0.000000
2427000,0.000040,-87.854367,0.000000,0.000000
2427500,0.000039,-88.252952,0.000000,0.000000
2428000,0.000048,-86.452453,0.000000,0.000000
2428500,0.000051,-85.859208,0.000000,0.000000
2429000,0.000049,-86.222249,0.000000,0.000000
2429500,0.000052,-85.748015,0.000000,0.000000
2430000,0.000064,-83.940038,0.000000,0.000000
2430500,0.000080,-81.962789,2.000000,0.000000
2431000,0.000043,-87.242294,0.000000,0.000000
2431500,0.000037,-88.657820,0.000000,0.000000
2432000,0.000084,-81.484265,2.000000,0.000000
2432500,0.000047,-86.513417,0.000000,0.000000
2433000,0.000098,-80.159484,2.000000,0.000000
2433500,0.000610,-64.297730,8.000000,0.428091
2434000,0.000269,-71.402110,6.000000,0.143916
2434500,0.000459,-66.764818,6.000000,0.329407
2435000,0.000277,-71.160292,4.000000,0.153588
2435500,0.000145,-76.747154,0.000000,0.000000
2436000,0.000071,-82.930492,0.000000,0.000000
2436500,0.000037,-88.690457,0.000000,0.000000
2437000,0.000032,-89.810974,0.000000,0.000000
2437500,0.000015,-96.382852,0.000000,0.000000
2438000,0.000016,-95.840397,0.000000,0.000000
2438500,0.000014,-96.806943,0.000000,0.000000
2439000,0.000015,-96.332616,0.000000,0.000000
2439500,0.000015,-96.305602,0.000000,0.000000
2440000,0.000015,-96.406099,0.000000,0.000000
2440500,0.000015,-96.341544,0.000000,0.000000
2441000,0.000015,-96.453109,0.000000,0.000000
2441500,0.000015,-96.384996,0.000000,0.000000
2442000,0.000015,-96.470759,0.000000,0.000000
2442500,0.000016,-96.110631,0.000000,0.000000
2443000,0.000015,-96.403243,0.000000,0.000000
2443500,0.000015,-96.568481,0.000000,0.000000
2444000,0.000015,-96.700552,0.000000,0.000000
2444500,0.000015,-96.518026,0.000000,0.000000
2445000,0.000015,-96.441666,0.000000,0.000000
2445500,0.000014,-96.916720,0.000000,0.000000
2446000,0.000015,-96.399056,0.000000,0.000000
2446500,0.000015,-96.543603,0.000000,0.000000
2447000,0.000015,-96.559884,0.000000,0.000000
2447500,0.000015,-96.420374,0.000000,0.000000
2448000,0.000015,-96.623313,0.000000,0.000000
2448500,0.000015,-96.519539,0.000000,0.000000
2449000,0.000014,-96.775157,0.000000,0.000000
2449500,0.000015,-96.698693,0.000000,0.000000
2450000,0.000015,-96.579008,0.000000,0.000000
2450500,0.000015,-96.242700,0.000000,0.000000
2451000,0.000015,-96.657632,0.000000,0.000000
2451500,0.000015,-96.576065,0.000000,0.000000
2452000,0.000015,-96.572209,0.000000,0.000000
2452500,0.000015,-96.637117,0.000000,0.000000
2453000,0.000015,-96.570072,0.000000,0.000000
2453500,0.000015,-96.614968,0.000000,0.000000
2454000,0.000015,-96.602548,0.000000,0.000000
2454500,0.000014,-97.062043,0.000000,0.000000
2455000,0.000015,-96.614867,0.000000,0.000000
2455500,0.000015,-96.595348,0.000000,0.000000
2456000,0.000014,-97.050551,0.000000,0.000000
2456500,0.000015,-96.551708,0.000000,0.000000
2457000,0.000014,-97.018623,0.000000,0.000000
2457500,0.000015,-96.364020,0.000000,0.000000
2458000,0.000015,-96.718499,0.000000,0.000000
2458500,0.000015,-96.633829,0.000000,0.000000
2459000,0.000015,-96.628410,0.000000,0.000000
2459500,0.000014,-96.851206,0.000000,0.000000
2460000,0.000015,-96.700786,0.000000,0.000000
2460500,0.000015,-96.643951,0.000000,0.000000
2461000,0.000015,-96.630925,0.000000,0.000000
2461500,0.000015,-96.687416,0.000000,0.000000
2462000,0.000015,-96.672683,0.000000,0.000000
2462500,0.000015,-96.684810,0.000000,0.000000
2463000,0.000015,-96.646944,0.000000,0.000000
2463500,0.000015,-96.638941,0.000000,0.000000
2464000,0.000014,-97.050171,0.000000,0.000000
2464500,0.000015,-96.338632,0.000000,0.000000
2465000,0.000014,-96.995754,0.000000,0.000000
2465500,0.000015,-96.647076,0.000000,0.000000
2466000,0.000015,-96.659641,0.000000,0.000000
2466500,0.000014,-96.776245,0.000000,0.000000
2467000,0.000015,-96.739088,0.000000,0.000000
2467500,0.000015,-96.704756,0.000000,0.000000
2468000,0.000015,-96.630914,0.000000,0.000000
2468500,0.000014,-96.774900,0.000000,0.000000
2469000,0.000015,-96.571117,0.000000,0.000000
2469500,0.000015,-96.692383,0.000000,0.000000
2470000,0.000015,-96.737810,0.000000,0.000000
2470500,0.000014,-97.037907,0.000000,0.000000
2471000,0.000015,-96.594003,0.000000,0.000000
2471500,0.000015,-96.613539,0.000000,0.000000
2472000,0.000015,-96.699166,0.000000,0.000000
2472500,0.000014,-96.806322,0.000000,0.000000
2473000,0.000015,-96.676830,0.000000,0.000000
2473500,0.000015,-96.563251,0.000000,0.000000
2474000,0.000015,-96.652055,0.000000,0.000000
2474500,0.000014,-96.981373,0.000000,0.000000
2475000,0.000015,-96.480551,0.000000,0.000000
2475500,0.000015,-96.766685,0.000000,0.000000
2476000,0.000014,-96.809477,0.000000,0.000000
2476500,0.000015,-96.626934,0.000000,0.000000
2477000,0.000015,-96.542001,0.000000,0.000000
2477500,0.000015,-96.595260,0.000000,0.000000
2478000,0.000015,-96.627850,0.000000,0.000000
2478500,0.000015,-96.417073,0.000000,0.000000
2479000,0.000015,-96.250538,0.000000,0.000000
2479500,0.000015,-96.487662,0.000000,0.000000
2480000,0.000015,-96.583023,0.000000,0.000000
2480500,0.000015,-96.466713,0.000000,0.000000
2481000,0.000014,-96.879224,0.000000,0.000000
2481500,0.000015,-96.597424,0.000000,0.000000
2482000,0.000015,-96.496114,0.000000,0.000000
2482500,0.000015,-96.610660,0.000000,0.000000
2483000,0.000015,-96.511916,0.000000,0.000000
2483500,0.000015,-96.554267,0.000000,0.000000
2484000,0.000015,-96.582660,0.000000,0.000000
2484500,0.000015,-96.658149,0.000000,0.000000
2485000,0.000016,-95.979061,0.000000,0.000000
2485500,0.000015,-96.623932,0.000000,0.000000
2486000,0.000015,-96.477084,0.000000,0.000000
2486500,0.000015,-96.737062,0.000000,0.000000
2487000,0.000015,-96.547471,0.000000,0.000000
2487500,0.000015,-96.570289,0.000000,0.000000
2488000,0.000015,-96.532699,0.000000,0.000000
2488500,0.000015,-96.587093,0.000000,0.000000
2489000,0.000015,-96.581325,0.000000,0.000000
2489500,0.000015,-96.543814,0.000000,0.000000
2490000,0.000015,-96.529076,0.000000,0.000000
2490500,0.000014,-96.891547,0.000000,0.000000
2491000,0.000015,-96.496839,0.000000,0.000000
2491500,0.000015,-96.665871,0.000000,0.000000
2492000,0.000015,-96.758581,0.000000,0.000000
2492500,0.000015,-96.610498,0.000000,0.000000
2493000,0.000015,-96.534062,0.000000,0.000000
2493500,0.000014,-96.881037,0.000000,0.000000
2494000,0.000015,-96.486591,0.000000,0.000000
2494500,0.000015,-96.532380,0.000000,0.000000
2495000,0.000015,-96.460108,0.000000,0.000000
2495500,0.000015,-96.518202,0.000000,0.000000
2496000,0.000015,-96.554186,0.000000,0.000000
2496500,0.000015,-96.448383,0.000000,0.000000
2497000,0.000014,-96.807297,0.000000,0.000000
2497500,0.000015,-96.537485,0.000000,0.000000
2498000,0.000015,-96.642840,0.000000,0.000000
2498500,0.000015,-96.465771,0.000000,0.000000
2499000,0.000015,-96.532050,0.000000,0.000000
2499500,0.000015,-96.506075,0.000000,0.000000
2500000,0.000015,-96.496388,0.000000,0.000000
2500500,0.000091,-80.788794,0.000000,0.000000
2501000,0.000059,-84.517582,0.000000,0.000000
2501500,0.000059,-84.514095,0.000000,0.000000
2502000,0.000052,-85.626524,0.000000,0.000000
2502500,0.000031,-90.124851,0.000000,0.000000
2503000,0.000035,-89.232936,0.000000,0.000000
2503500,0.000046,-86.825496,0.000000,0.000000
2504000,0.000042,-87.458466,0.000000,0.000000
2504500,0.000063,-84.081532,2.000000,0.000000
2505000,0.000475,-66.457855,6.000000,0.341686
2505500,0.000886,-61.051415,10.000000,0.557943
2506000,0.001018,-59.849143,8.000000,0.606034
2506500,0.000858,-61.334712,6.000000,0.546612
2507000,0.000857,-61.339484,10.000000,0.546421
2507500,0.000607,-64.341186,8.000000,0.426353
2508000,0.000481,-66.348728,8.000000,0.346051
2508500,0.000435,-67.238449,6.000000,0.310462
2509000,0.000547,-65.236434,6.000000,0.390543
2509500,0.000367,-68.709119,2.000000,0.251635
2510000,0.000194,-74.258417,0.000000,0.029663
2510500,0.000067,-83.487516,0.000000,0.000000
2511000,0.000123,-78.193282,0.000000,0.000000
2511500,0.000073,-82.694311,0.000000,0.000000
2512000,0.000043,-87.354718,0.000000,0.000000
2512500,0.000035,-89.116823,0.000000,0.000000
2513000,0.000059,-84.573575,2.000000,0.000000
2513500,0.000047,-86.575741,0.000000,0.000000
2514000,0.000092,-80.703271,2.000000,0.000000
2514500,0.000099,-80.102235,0.000000,0.000000
2515000,0.000043,-87.429252,0.000000,0.000000
2515500,0.000036,-88.931888,0.000000,0.000000
2516000,0.000028,-91.075492,0.000000,0.000000
2516500,0.000047,-86.591560,0.000000,0.000000
2517000,0.000041,-87.765934,0.000000,0.000000
2517500,0.000038,-88.519129,0.000000,0.000000
2518000,0.000033,-89.732763,0.000000,0.000000
2518500,0.000079,-82.029581,0.000000,0.000000
2519000,0.000164,-75.709611,0.000000,0.000000
2519500,0.000039,-88.148954,0.000000,0.000000
2520000,0.000049,-86.268082,0.000000,0.000000
2520500,0.000079,-82.025935,0.000000,0.000000
2521000,0.000187,-74.568504,0.000000,0.017260
2521500,0.000402,-67.908014,4.000000,0.283679
2522000,0.000211,-73.519596,4.000000,0.059216
2522500,0.000140,-77.083548,0.000000,0.000000
2523000,0.000149,-76.527664,2.000000,0.000000
2523500,0.000105,-79.548560,2.000000,0.000000
2524000,0.000081,-81.853973,0.000000,0.000000
2524500,0.000069,-83.226955,0.000000,0.000000
2525000,0.000059,-84.546918,0.000000,0.000000
2525500,0.000052,-85.642373,0.000000,0.000000
2526000,0.000046,-86.714317,0.000000,0.000000
2526500,0.000042,-87.593126,0.000000,0.000000
2527000,0.000038,-88.323578,0.000000,0.000000
2527500,0.000036,-88.860208,0.000000,0.000000
2528000,0.000036,-88.855862,0.000000,0.000000
2528500,0.000209,-73.608526,4.000000,0.055659
2529000,0.000132,-77.603516,2.000000,0.000000
2529500,0.000198,-74.083284,0.000000,0.036669
2530000,0.000135,-77.409099,4.000000,0.000000
2530500,0.002097,-53.569769,8.000000,0.857209
2531000,0.005378,-45.387468,10.000000,1.000000
2531500,0.005893,-44.593435,8.000000,1.000000
2532000,0.004379,-47.172298,8.000000,1.000000
2532500,0.004981,-46.053670,8.000000,1.000000
2533000,0.010013,-39.988960,10.000000,1.000000
2533500,0.007811,-42.146186,6.000000,1.000000
2534000,0.009521,-40.426464,8.000000,1.000000
2534500,0.010586,-39.505685,6.000000,1.000000
2535000,0.005892,-44.595332,8.000000,1.000000
2535500,0.011335,-38.911673,8.000000,1.000000
2536000,0.006443,-43.817710,10.000000,1.000000
2536500,0.011537,-38.758165,8.000000,1.000000
2537000,0.013179,-37.602069,8.000000,1.000000
2537500,0.010285,-39.755756,8.000000,1.000000
2538000,0.005830,-44.686469,8.000000,1.000000
2538500,0.003655,-48.741956,8.000000,1.000000
2539000,0.002698,-51.379617,8.000000,0.944815
2539500,0.001792,-54.935526,8.000000,0.802579
2540000,0.001326,-57.547835,8.000000,0.698087
2540500,0.000958,-60.372209,10.000000,0.585112
2541000,0.001082,-59.319253,8.000000,0.627230
2541500,0.002646,-51.547138,10.000000,0.938114
2542000,0.005356,-45.422901,6.000000,1.000000
2542500,0.005191,-45.694372,8.000000,1.000000
2543000,0.004272,-47.386471,8.000000,1.000000
2543500,0.008217,-41.705430,8.000000,1.000000
2544000,0.007223,-42.825890,8.000000,1.000000
2544500,0.004369,-47.191608,6.000000,1.000000
2545000,0.002553,-51.858043,8.000000,0.925678
2545500,0.001675,-55.518750,10.000000,0.779250
2546000,0.001221,-58.263450,8.000000,0.669462
2546500,0.000822,-61.700910,8.000000,0.531964
2547000,0.000339,-69.398124,6.000000,0.224075
2547500,0.000098,-80.145835,2.000000,0.000000
2548000,0.000052,-85.709316,0.000000,0.000000
2548500,0.000038,-88.381494,0.000000,0.000000
2549000,0.000069,-83.256303,0.000000,0.000000
2549500,0.000041,-87.809780,0.000000,0.000000
2550000,0.000043,-87.414244,0.000000,0.000000
2550500,0.000069,-83.194373,0.000000,0.000000
2551000,0.000037,-88.711163,0.000000,0.000000
2551500,0.000079,-82.027089,4.000000,0.000000
2552000,0.000399,-67.987999,6.000000,0.280480
2552500,0.005149,-45.765738,6.000000,1.000000
2553000,0.003640,-48.778516,8.000000,1.000000
2553500,0.003494,-49.134190,10.000000,1.000000
2554000,0.005721,-44.850860,8.000000,1.000000
2554500,0.004452,-47.029564,6.000000,1.000000
2555000,0.005814,-44.710660,10.000000,1.000000
2555500,0.005272,-45.559878,8.000000,1.000000
2556000,0.003828,-48.340229,10.000000,1.000000
2556500,0.007856,-42.096288,6.000000,1.000000
2557000,0.005988,-44.455022,8.000000,1.000000
2557500,0.005371,-45.399059,8.000000,1.000000
2558000,0.004050,-47.851087,6.000000,1.000000
2558500,0.004433,-47.065631,8.000000,1.000000
2559000,0.003486,-49.153963,8.000000,1.000000
2559500,0.006136,-44.242039,6.000000,1.000000
2560000,0.003951,-48.064968,8.000000,1.000000
2560500,0.003637,-48.785863,8.000000,1.000000
2561000,0.001951,-54.196215,8.000000,0.832151
2561500,0.001325,-57.552659,8.000000,0.697894
2562000,0.002350,-52.580455,10.000000,0.896782
2562500,0.005999,-44.437965,8.000000,1.000000
2563000,0.003671,-48.703420,6.000000,1.000000
2563500,0.003426,-49.304628,8.000000,1.000000
2564000,0.006282,-44.038328,8.000000,1.000000
2564500,0.005740,-44.822442,8.000000,1.000000
2565000,0.006961,-43.146706,8.000000,1.000000
2565500,0.010222,-39.808955,10.000000,1.000000
2566000,0.006772,-43.385266,8.000000,1.000000
2566500,0.004575,-46.792123,6.000000,1.000000
2567000,0.006764,-43.396511,8.000000,1.000000
2567500,0.008231,-41.690565,8.000000,1.000000
2568000,0.006233,-44.105391,10.000000,1.000000
2568500,0.007858,-42.094084,6.000000,1.000000
2569000,0.005512,-45.173266,6.000000,1.000000
2569500,0.005106,-45.838468,8.000000,1.000000
2570000,0.007212,-42.839250,8.000000,1.000000
2570500,0.006717,-43.456749,6.000000,1.000000
2571000,0.004226,-47.482200,8.000000,1.000000
2571500,0.006704,-43.473409,8.000000,1.000000
2572000,0.006828,-43.314501,10.000000,1.000000
2572500,0.004566,-46.808635,6.000000,1.000000
2573000,0.004463,-47.008300,10.000000,1.000000
2573500,0.003314,-49.593886,8.000000,1.000000
2574000,0.000879,-61.119278,6.000000,0.555229
2574500,0.001870,-54.563761,8.000000,0.817450
2575000,0.001811,-54.843213,8.000000,0.806271
2575500,0.003621,-48.824420,10.000000,1.000000
2576000,0.004091,-47.764018,8.000000,1.000000
2576500,0.004323,-47.284278,8.000000,1.000000
2577000,0.002969,-50.548799,8.000000,0.978048
2577500,0.006211,-44.136241,10.000000,1.000000
2578000,0.004394,-47.142596,8.000000,1.000000
2578500,0.004531,-46.876501,8.000000,1.000000
2579000,0.005398,-45.355098,8.000000,1.000000
2579500,0.006303,-44.008469,8.000000,1.000000
2580000,0.004848,-46.289522,8.000000,1.000000
2580500,0.006503,-43.737620,8.000000,1.000000
2581000,0.003352,-49.494500,10.000000,1.000000
2581500,0.003236,-49.799666,6.000000,1.000000
2582000,0.006030,-44.393114,8.000000,1.000000
2582500,0.005644,-44.967531,10.000000,1.000000
2583000,0.004209,-47.515557,6.000000,1.000000
2583500,0.004923,-46.155195,8.000000,1.000000
2584000,0.004542,-46.854415,10.000000,1.000000
2584500,0.003481,-49.165210,8.000000,1.000000
2585000,0.006796,-43.355038,8.000000,1.000000
2585500,0.005049,-45.936050,8.000000,1.000000
2586000,0.006697,-43.482896,8.000000,1.000000
2586500,0.003452,-49.238888,8.000000,1.000000
2587000,0.001296,-57.745470,8.000000,0.690181
2587500,0.003590,-48.897762,8.000000,1.000000
2588000,0.004116,-47.710775,8.000000,1.000000
2588500,0.004342,-47.246599,8.000000,1.000000
2589000,0.002553,-51.858478,6.000000,0.925661
2589500,0.008811,-41.099812,8.000000,1.000000
2590000,0.010378,-39.677530,6.000000,1.000000
2590500,0.011177,-39.033748,8.000000,1.000000
2591000,0.008008,-41.929506,6.000000,1.000000
2591500,0.007302,-42.731188,10.000000,1.000000
2592000,0.006304,-44.007910,8.000000,1.000000
2592500,0.006430,-43.836082,8.000000,1.000000
2593000,0.004990,-46.037929,8.000000,1.000000
2593500,0.004693,-46.571128,8.000000,1.000000
2594000,0.006590,-43.622288,8.000000,1.000000
2594500,0.006746,-43.418436,6.000000,1.000000
2595000,0.003749,-48.522428,10.000000,1.000000
2595500,0.006724,-43.447274,6.000000,1.000000
2596000,0.008994,-40.920632,10.000000,1.000000
2596500,0.007241,-42.804112,8.000000,1.000000
2597000,0.005852,-44.653951,10.000000,1.000000
2597500,0.005111,-45.830266,8.000000,1.000000
2598000,0.004261,-47.410741,6.000000,1.000000
2598500,0.003271,-49.705261,8.000000,1.000000
2599000,0.002201,-53.146648,8.000000,0.874134
2599500,0.005461,-45.254154,6.000000,1.000000
2600000,0.005876,-44.617692,10.000000,1.000000
2600500,0.005074,-45.892333,8.000000,1.000000
2601000,0.004212,-47.510655,10.000000,1.000000
2601500,0.004119,-47.704423,8.000000,1.000000
2602000,0.003916,-48.142976,6.000000,1.000000
2602500,0.004905,-46.187907,10.000000,1.000000
2603000,0.004712,-46.535591,8.000000,1.000000
2603500,0.005783,-44.756508,8.000000,1.000000
2604000,0.004422,-47.088365,8.000000,1.000000
2604500,0.005983,-44.461684,8.000000,1.000000
2605000,0.004881,-46.230472,6.000000,1.000000
2605500,0.005922,-44.550411,8.000000,1.000000
2606000,0.004953,-46.102115,8.000000,1.000000
2606500,0.004583,-46.777660,10.000000,1.000000
2607000,0.003029,-50.374804,8.000000,0.985008
2607500,0.006652,-43.541135,8.000000,1.000000
2608000,0.005675,-44.920123,8.000000,1.000000
2608500,0.005567,-45.087037,8.000000,1.000000
2609000,0.006584,-43.630543,8.000000,1.000000
2609500,0.007052,-43.033616,6.000000,1.000000
2610000,0.004922,-46.157188,8.000000,1.000000
2610500,0.001613,-55.847582,6.000000,0.766097
2611000,0.001211,-58.340698,8.000000,0.666372
2611500,0.002984,-50.503308,6.000000,0.979868
2612000,0.003458,-49.222722,8.000000,1.000000
2612500,0.005878,-44.614887,8.000000,1.000000
2613000,0.004776,-46.419473,8.000000,1.000000
2613500,0.004977,-46.059775,8.000000,1.000000
2614000,0.008675,-41.234574,8.000000,1.000000
2614500,0.006951,-43.159130,6.000000,1.000000
2615000,0.006817,-43.327606,8.000000,1.000000
2615500,0.011409,-38.855067,6.000000,1.000000
2616000,0.007400,-42.615241,8.000000,1.000000
2616500,0.006421,-43.848529,8.000000,1.000000
2617000,0.008661,-41.248494,8.000000,1.000000
2617500,0.005094,-45.858957,8.000000,1.000000
2618000,0.004888,-46.217929,8.000000,1.000000
2618500,0.006920,-43.197703,8.000000,1.000000
2619000,0.005798,-44.734850,8.000000,1.000000
2619500,0.008001,-41.936601,8.000000,1.000000
2620000,0.010033,-39.971606,8.000000,1.000000
2620500,0.005467,-45.245360,6.000000,1.000000
2621000,0.004285,-47.360311,8.000000,1.000000
2621500,0.007369,-42.652351,8.000000,1.000000
2622000,0.006515,-43.722322,6.000000,1.000000
2622500,0.001956,-54.170967,8.000000,0.833161
2623000,0.000922,-60.704434,6.000000,0.571823
2623500,0.009640,-40.318841,10.000000,1.000000
2624000,0.010827,-39.309623,8.000000,1.000000
2624500,0.002193,-53.180092,8.000000,0.872796
2625000,0.005267,-45.569446,8.000000,1.000000
2625500,0.005902,-44.579671,8.000000,1.000000
2626000,0.001324,-57.562803,8.000000,0.697488
2626500,0.006374,-43.911331,8.000000,1.000000
2627000,0.006825,-43.317596,8.000000,1.000000
2627500,0.001807,-54.859887,8.000000,0.805605
2628000,0.007380,-42.638672,8.000000,1.000000
2628500,0.004502,-46.930937,8.000000,1.000000
2629000,0.004223,-47.487257,6.000000,1.000000
2629500,0.006018,-44.411206,10.000000,1.000000
2630000,0.006128,-44.253128,10.000000,1.000000
2630500,0.008535,-41.375505,8.000000,1.000000
2631000,0.006175,-44.187046,10.000000,1.000000
2631500,0.006562,-43.659555,8.000000,1.000000
2632000,0.010114,-39.901852,8.000000,1.000000
2632500,0.005054,-45.926666,8.000000,1.000000
2633000,0.004767,-46.435718,8.000000,1.000000
2633500,0.013697,-37.267608,8.000000,1.000000
2634000,0.008159,-41.767509,10.000000,1.000000
2634500,0.006834,-43.306492,8.000000,1.000000
2635000,0.011810,-38.555152,6.000000,1.000000
2635500,0.009734,-40.234185,10.000000,1.000000
2636000,0.007034,-43.055707,8.000000,1.000000
2636500,0.001207,-58.363852,4.000000,0.665446
2637000,0.008378,-41.537470,8.000000,1.000000
2637500,0.008443,-41.469556,6.000000,1.000000
2638000,0.002164,-53.294419,8.000000,0.868223
2638500,0.006304,-44.007137,8.000000,1.000000
2639000,0.004897,-46.201257,8.000000,1.000000
2639500,0.001293,-57.767645,8.000000,0.689294
2640000,0.006963,-43.144683,6.000000,1.000000
2640500,0.003630,-48.801024,6.000000,1.000000
2641000,0.003204,-49.886935,6.000000,1.000000
2641500,0.003952,-48.063230,8.000000,1.000000
2642000,0.004605,-46.735422,8.000000,1.000000
2642500,0.003023,-50.390019,8.000000,0.984399
2643000,0.002061,-53.717269,10.000000,0.851309
2643500,0.001436,-56.859352,8.000000,0.725626
2644000,0.002055,-53.743172,6.000000,0.850273
2644500,0.003777,-48.456584,8.000000,1.000000
2645000,0.002708,-51.345584,8.000000,0.946177
2645500,0.001761,-55.084036,10.000000,0.796639
2646000,0.001214,-58.314238,8.000000,0.667430
2646500,0.000598,-64.471709,6.000000,0.421132
2647000,0.001845,-54.678478,6.000000,0.812861
2647500,0.003140,-50.061802,6.000000,0.997528
2648000,0.004839,-46.305233,8.000000,1.000000
2648500,0.011453,-38.821332,8.000000,1.000000
2649000,0.009959,-40.035437,4.000000,1.000000
2649500,0.005355,-45.424866,8.000000,1.000000
2650000,0.010689,-39.421384,8.000000,1.000000
2650500,0.007328,-42.699731,6.000000,1.000000
2651000,0.007180,-42.877149,6.000000,1.000000
2651500,0.010173,-39.850765,10.000000,1.000000
2652000,0.008598,-41.311725,8.000000,1.000000
2652500,0.009176,-40.746835,8.000000,1.000000
2653000,0.010553,-39.532270,8.000000,1.000000
2653500,0.006657,-43.534310,8.000000,1.000000
2654000,0.005729,-44.837784,8.000000,1.000000
2654500,0.010307,-39.737610,8.000000,1.000000
2655000,0.008829,-41.082059,8.000000,1.000000
2655500,0.005913,-44.563752,10.000000,1.000000
2656000,0.011245,-38.981155,8.000000,1.000000
2656500,0.007679,-42.294306,6.000000,1.000000
2657000,0.007207,-42.844863,10.000000,1.000000
2657500,0.010701,-39.411218,8.000000,1.000000
2658000,0.004184,-47.567133,6.000000,1.000000
2658500,0.001700,-55.388536,6.000000,0.784459
2659000,0.003620,-48.826483,8.000000,1.000000
2659500,0.003063,-50.277584,8.000000,0.988897
2660000,0.004916,-46.167122,10.000000,1.000000
2660500,0.005579,-45.068322,8.000000,1.000000
2661000,0.005058,-45.920391,8.000000,1.000000
2661500,0.004225,-47.483002,10.000000,1.000000
2662000,0.004737,-46.490668,10.000000,1.000000
2662500,0.002363,-52.529279,8.000000,0.898829
2663000,0.001489,-56.542090,8.000000,0.738316
2663500,0.007863,-42.088511,8.000000,1.000000
2664000,0.004874,-46.242672,8.000000,1.000000
2664500,0.002422,-52.316579,8.000000,0.907337
2665000,0.007313,-42.717601,8.000000,1.000000
2665500,0.003253,-49.754773,8.000000,1.000000
2666000,0.003252,-49.756562,6.000000,1.000000
2666500,0.011702,-38.635009,8.000000,1.000000
2667000,0.004928,-46.146922,8.000000,1.000000
2667500,0.005429,-45.306330,8.000000,1.000000
2668000,0.010372,-39.682691,6.000000,1.000000
2668500,0.009066,-40.851352,6.000000,1.000000
2669000,0.005203,-45.674352,10.000000,1.000000
2669500,0.011051,-39.132083,8.000000,1.000000
2670000,0.008409,-41.504871,8.000000,1.000000
2670500,0.004548,-46.844470,8.000000,1.000000
2671000,0.002639,-51.572128,6.000000,0.937115
2671500,0.001763,-55.073242,8.000000,0.797070
2672000,0.002212,-53.104903,8.000000,0.875804
2672500,0.006044,-44.373256,8.000000,1.000000
2673000,0.003437,-49.276387,10.000000,1.000000
2673500,0.002176,-53.245988,8.000000,0.870160
2674000,0.007571,-42.416995,8.000000,1.000000
2674500,0.005332,-45.461855,8.000000,1.000000
2675000,0.002275,-52.860591,8.000000,0.885576
2675500,0.008188,-41.736703,8.000000,1.000000
2676000,0.005880,-44.612740,6.000000,1.000000
2676500,0.002420,-52.325038,8.000000,0.906998
2677000,0.005918,-44.556690,6.000000,1.000000
2677500,0.002644,-51.554412,10.000000,0.937824
2678000,0.003672,-48.703111,6.000000,1.000000
2678500,0.010177,-39.847927,6.000000,1.000000
2679000,0.007911,-42.035899,8.000000,1.000000
2679500,0.003777,-48.457633,8.000000,1.000000
2680000,0.008142,-41.785011,8.000000,1.000000
2680500,0.008467,-41.444978,6.000000,1.000000
2681000,0.003454,-49.233892,8.000000,1.000000
2681500,0.011311,-38.929708,8.000000,1.000000
2682000,0.005369,-45.402564,8.000000,1.000000
2682500,0.002938,-50.638488,8.000000,0.974460
2683000,0.005945,-44.516366,4.000000,1.000000
2683500,0.002416,-52.339476,8.000000,0.906421
2684000,0.003344,-49.514423,6.000000,1.000000
2684500,0.005101,-45.846643,8.000000,1.000000
2685000,0.003068,-50.261611,6.000000,0.989536
2685500,0.003772,-48.467876,8.000000,1.000000
2686000,0.008359,-41.556954,10.000000,1.000000
2686500,0.004829,-46.322406,8.000000,1.000000
2687000,0.002597,-51.711187,10.000000,0.931553
2687500,0.007173,-42.886332,10.000000,1.000000
2688000,0.005891,-44.595704,8.000000,1.000000
2688500,0.003469,-49.196972,10.000000,1.000000
2689000,0.007334,-42.693387,6.000000,1.000000
2689500,0.002670,-51.468856,10.000000,0.941246
2690000,0.003523,-49.061225,6.000000,1.000000
2690500,0.001666,-55.567145,6.000000,0.777314
2691000,0.001004,-59.968553,10.000000,0.601258
2691500,0.000991,-60.078026,8.000000,0.596879
2692000,0.006341,-43.957398,8.000000,1.000000
2692500,0.005689,-44.898678,10.000000,1.000000
2693000,0.006442,-43.820164,8.000000,1.000000
2693500,0.002616,-51.647146,8.000000,0.934114
2694000,0.001213,-58.325984,8.000000,0.666961
2694500,0.000493,-66.135257,8.000000,0.354590
2695000,0.001656,-55.618013,6.000000,0.775279
2695500,0.005041,-45.949325,8.000000,1.000000
2696000,0.012903,-37.786439,8.000000,1.000000
2696500,0.006805,-43.343152,8.000000,1.000000
2697000,0.005426,-45.310974,8.000000,1.000000
2697500,0.009128,-40.792450,8.000000,1.000000
2698000,0.004125,-47.690513,6.000000,1.000000
2698500,0.003780,-48.449897,8.000000,1.000000
2699000,0.005857,-44.646874,8.000000,1.000000
2699500,0.003793,-48.421368,8.000000,1.000000
2700000,0.003476,-49.177380,6.000000,1.000000
2700500,0.007217,-42.833125,8.000000,1.000000
2701000,0.008239,-41.683017,8.000000,1.000000
2701500,0.003537,-49.027066,10.000000,1.000000
2702000,0.006048,-44.367074,6.000000,1.000000
2702500,0.006231,-44.109192,10.000000,1.000000
2703000,0.006898,-43.225825,8.000000,1.000000
2703500,0.004961,-46.089487,8.000000,1.000000
2704000,0.009396,-40.541031,8.000000,1.000000
2704500,0.008461,-41.451323,8.000000,1.000000
2705000,0.005498,-45.196523,8.000000,1.000000
2705500,0.007764,-42.198046,8.000000,1.000000
2706000,0.007819,-42.137367,6.000000,1.000000
2706500,0.005533,-45.140211,8.000000,1.000000
2707000,0.008264,-41.656699,10.000000,1.000000
2707500,0.008622,-41.287508,6.000000,1.000000
2708000,0.007597,-42.386792,8.000000,1.000000
2708500,0.004468,-46.998378,6.000000,1.000000
2709000,0.001302,-57.706381,10.000000,0.691745
2709500,0.007567,-42.422040,4.000000,1.000000
2710000,0.002334,-52.637603,8.000000,0.894496
2710500,0.000611,-64.273162,6.000000,0.429074
2711000,0.008493,-41.418947,8.000000,1.000000
2711500,0.005159,-45.748720,8.000000,1.000000
2712000,0.002223,-53.059527,8.000000,0.877619
2712500,0.008391,-41.523523,8.000000,1.000000
2713000,0.004138,-47.663312,8.000000,1.000000
2713500,0.002874,-50.830206,8.000000,0.966792
2714000,0.009057,-40.860507,10.000000,1.000000
2714500,0.005492,-45.205278,8.000000,1.000000
2715000,0.003327,-49.559046,10.000000,1.000000
2715500,0.002182,-53.221732,8.000000,0.871131
2716000,0.003621,-48.822283,8.000000,1.000000
2716500,0.001921,-54.331555,8.000000,0.826738
2717000,0.005706,-44.872673,8.000000,1.000000
2717500,0.006558,-43.665147,10.000000,1.000000
2718000,0.006498,-43.744434,8.000000,1.000000
2718500,0.004561,-46.817916,8.000000,1.000000
2719000,0.006337,-43.961767,10.000000,1.000000
2719500,0.001897,-54.438704,8.000000,0.822452
2720000,0.009033,-40.883334,6.000000,1.000000
2720500,0.010944,-39.216537,8.000000,1.000000
2721000,0.012653,-37.956193,8.000000,1.000000
2721500,0.008647,-41.262899,8.000000,1.000000
2722000,0.005909,-44.569381,4.000000,1.000000
2722500,0.007634,-42.344706,8.000000,1.000000
2723000,0.007911,-42.035141,10.000000,1.000000
2723500,0.007199,-42.854480,8.000000,1.000000
2724000,0.015035,-36.457938,6.000000,1.000000
2724500,0.006264,-44.063361,6.000000,1.000000
2725000,0.009336,-40.597104,10.000000,1.000000
2725500,0.005247,-45.602302,6.000000,1.000000
2726000,0.003715,-48.599767,10.000000,1.000000
2726500,0.005130,-45.797494,8.000000,1.000000
2727000,0.007439,-42.569579,8.000000,1.000000
2727500,0.005281,-45.545259,8.000000,1.000000
2728000,0.006731,-43.438654,8.000000,1.000000
2728500,0.003634,-48.793201,6.000000,1.000000
2729000,0.004343,-47.245125,10.000000,1.000000
2729500,0.004244,-47.443551,8.000000,1.000000
2730000,0.009410,-40.527771,6.000000,1.000000
2730500,0.007016,-43.077957,8.000000,1.000000
2731000,0.006559,-43.662993,6.000000,1.000000
2731500,0.002963,-50.564316,6.000000,0.977427
2732000,0.008964,-40.950211,8.000000,1.000000
2732500,0.006347,-43.948461,6.000000,1.000000
2733000,0.014261,-36.917284,8.000000,1.000000
2733500,0.007329,-42.699014,8.000000,1.000000
2734000,0.006347,-43.949113,6.000000,1.000000
2734500,0.006159,-44.209678,4.000000,1.000000
2735000,0.008106,-41.823591,6.000000,1.000000
2735500,0.007229,-42.818080,8.000000,1.000000
2736000,0.017163,-35.307961,8.000000,1.000000
2736500,0.007883,-42.066402,8.000000,1.000000
2737000,0.009076,-40.842265,8.000000,1.000000
2737500,0.007364,-42.657386,6.000000,1.000000
2738000,0.004276,-47.378989,4.000000,1.000000
2738500,0.004363,-47.203754,10.000000,1.000000
2739000,0.005747,-44.810488,8.000000,1.000000
2739500,0.004662,-46.628207,10.000000,1.000000
2740000,0.005336,-45.456267,8.000000,1.000000
2740500,0.003271,-49.706256,6.000000,1.000000
2741000,0.003752,-48.514721,10.000000,1.000000
2741500,0.003757,-48.503188,8.000000,1.000000
2742000,0.002360,-52.542386,10.000000,0.898305
2742500,0.001669,-55.550639,8.000000,0.777974
2743000,0.001138,-58.874515,10.000000,0.645019
2743500,0.000768,-62.292547,8.000000,0.508298
2744000,0.007145,-42.919368,8.000000,1.000000
2744500,0.005631,-44.987623,8.000000,1.000000
2745000,0.001455,-56.744613,4.000000,0.730215
2745500,0.000427,-67.394176,6.000000,0.304233
2746000,0.000523,-65.625973,2.000000,0.374961
2746500,0.001072,-59.394261,8.000000,0.624230
2747000,0.006162,-44.205917,10.000000,1.000000
2747500,0.007753,-42.210852,6.000000,1.000000
2748000,0.001525,-56.334830,8.000000,0.746607
2748500,0.005714,-44.861613,8.000000,1.000000
2749000,0.005154,-45.757719,8.000000,1.000000
2749500,0.001374,-57.240806,6.000000,0.710368
2750000,0.005622,-45.002310,8.000000,1.000000
2750500,0.004810,-46.356542,6.000000,1.000000
2751000,0.001275,-57.892269,8.000000,0.684309
2751500,0.007286,-42.750597,8.000000,1.000000
2752000,0.003944,-48.081549,8.000000,1.000000
2752500,0.005365,-45.409233,8.000000,1.000000
2753000,0.006093,-44.303345,8.000000,1.000000
2753500,0.006068,-44.338704,10.000000,1.000000
2754000,0.006925,-43.191640,8.000000,1.000000
2754500,0.007095,-42.980763,8.000000,1.000000
2755000,0.005717,-44.857004,8.000000,1.000000
2755500,0.007249,-42.794474,8.000000,1.000000
2756000,0.002986,-50.499594,10.000000,0.980016
2756500,0.002778,-51.125222,6.000000,0.954991
2757000,0.005437,-45.293165,8.000000,1.000000
2757500,0.003907,-48.163201,8.000000,1.000000
2758000,0.004656,-46.639277,8.000000,1.000000
2758500,0.004308,-47.314130,8.000000,1.000000
2759000,0.007929,-42.015438,10.000000,1.000000
2759500,0.013147,-37.623380,10.000000,1.000000
2760000,0.002983,-50.505965,8.000000,0.979761
2760500,0.005723,-44.847607,8.000000,1.000000
2761000,0.006182,-44.177943,10.000000,1.000000
2761500,0.001819,-54.803035,6.000000,0.807879
2762000,0.007029,-43.062600,8.000000,1.000000
2762500,0.006971,-43.134063,8.000000,1.000000
2763000,0.003367,-49.455235,6.000000,1.000000
2763500,0.008423,-41.490266,8.000000,1.000000
2764000,0.003510,-49.093583,10.000000,1.000000
2764500,0.004345,-47.241137,4.000000,1.000000
2765000,0.003510,-49.094373,10.000000,1.000000
2765500,0.004363,-47.204575,8.000000,1.000000
2766000,0.002616,-51.648495,8.000000,0.934060
2766500,0.001767,-55.057472,10.000000,0.797701
2767000,0.001254,-58.033251,6.000000,0.678670
2767500,0.000263,-71.610605,4.000000,0.135576
2768000,0.002826,-50.976060,8.000000,0.960958
2768500,0.001777,-55.004484,10.000000,0.799821
2769000,0.000957,-60.380175,8.000000,0.584793
2769500,0.000871,-61.197404,8.000000,0.552104
2770000,0.000601,-64.419968,8.000000,0.423201
2770500,0.000213,-73.424322,2.000000,0.063027
2771000,0.001114,-59.064633,4.000000,0.637415
2771500,0.002180,-53.232442,8.000000,0.870702
2772000,0.007105,-42.969027,10.000000,1.000000
2772500,0.008262,-41.658266,8.000000,1.000000
2773000,0.004372,-47.186829,6.000000,1.000000
2773500,0.009124,-40.796078,8.000000,1.000000
2774000,0.003957,-48.052942,8.000000,1.000000
2774500,0.001780,-54.993240,8.000000,0.800270
2775000,0.012621,-37.978296,4.000000,1.000000
2775500,0.009149,-40.772084,10.000000,1.000000
2776000,0.006638,-43.559392,6.000000,1.000000
2776500,0.011286,-38.949080,8.000000,1.000000
2777000,0.008249,-41.671822,6.000000,1.000000
2777500,0.006433,-43.832229,10.000000,1.000000
2778000,0.010818,-39.316857,8.000000,1.000000
2778500,0.007223,-42.826143,6.000000,1.000000
2779000,0.004746,-46.473183,8.000000,1.000000
2779500,0.009165,-40.757284,8.000000,1.000000
2780000,0.007521,-42.475036,8.000000,1.000000
2780500,0.006335,-43.964399,6.000000,1.000000
2781000,0.011937,-38.461869,6.000000,1.000000
2781500,0.007678,-42.294788,8.000000,1.000000
2782000,0.005804,-44.724927,6.000000,1.000000
2782500,0.007493,-42.506666,8.000000,1.000000
2783000,0.003236,-49.801076,8.000000,1.000000
2783500,0.003174,-49.969060,10.000000,1.000000
2784000,0.009057,-40.860181,8.000000,1.000000
2784500,0.006234,-44.104330,6.000000,1.000000
2785000,0.003209,-49.871498,4.000000,1.000000
2785500,0.007099,-42.976481,8.000000,1.000000
2786000,0.005611,-45.018945,8.000000,1.000000
2786500,0.004445,-47.042303,8.000000,1.000000
2787000,0.008607,-41.302957,10.000000,1.000000
2787500,0.008405,-41.509140,4.000000,1.000000
2788000,0.004800,-46.374883,10.000000,1.000000
2788500,0.006050,-44.365433,8.000000,1.000000
2789000,0.005092,-45.862979,8.000000,1.000000
2789500,0.004206,-47.522032,8.000000,1.000000
2790000,0.007466,-42.538441,8.000000,1.000000
2790500,0.007082,-42.996928,8.000000,1.000000
2791000,0.004016,-47.923390,8.000000,1.000000
2791500,0.007990,-41.949112,8.000000,1.000000
2792000,0.008887,-41.024896,8.000000,1.000000
2792500,0.005055,-45.925062,8.000000,1.000000
2793000,0.008306,-41.612026,8.000000,1.000000
2793500,0.007238,-42.807453,6.000000,1.000000
2794000,0.007053,-43.033014,8.000000,1.000000
2794500,0.009358,-40.576438,8.000000,1.000000
2795000,0.011106,-39.088930,8.000000,1.000000
2795500,0.002118,-53.479894,4.000000,0.860804
2796000,0.000579,-64.747453,8.000000,0.410102
2796500,0.000109,-79.217975,0.000000,0.000000
2797000,0.000044,-87.143679,0.000000,0.000000
2797500,0.000036,-88.842623,0.000000,0.000000
2798000,0.000056,-84.986252,0.000000,0.000000
2798500,0.000030,-90.428513,0.000000,0.000000
2799000,0.000032,-89.826090,0.000000,0.000000
2799500,0.000037,-88.593659,0.000000,0.000000
2800000,0.000055,-85.247981,0.000000,0.000000
2800500,0.000063,-83.972801,0.000000,0.000000
2801000,0.000065,-83.676827,0.000000,0.000000
2801500,0.000163,-75.764731,4.000000,0.000000
2802000,0.000056,-85.020852,0.000000,0.000000
2802500,0.000045,-86.961868,0.000000,0.000000
2803000,0.000069,-83.197575,0.000000,0.000000
2803500,0.000072,-82.913876,2.000000,0.000000
2804000,0.000082,-81.704279,0.000000,0.000000
2804500,0.000107,-79.409094,0.000000,0.000000
2805000,0.000117,-78.658296,2.000000,0.000000
2805500,0.000110,-79.145931,0.000000,0.000000
2806000,0.000088,-81.131915,0.000000,0.000000
2806500,0.000096,-80.359932,2.000000,0.000000
2807000,0.000083,-81.606174,0.000000,0.000000
2807500,0.000088,-81.117231,2.000000,0.000000
2808000,0.000087,-81.223699,0.000000,0.000000
2808500,0.000101,-79.936354,0.000000,0.000000
2809000,0.000118,-78.583269,0.000000,0.000000
2809500,0.000170,-75.403475,0.000000,0.000000
2810000,0.000088,-81.077035,0.000000,0.000000
2810500,0.000051,-85.825403,0.000000,0.000000
2811000,0.000119,-78.510139,4.000000,0.000000
2811500,0.000137,-77.279372,2.000000,0.000000
2812000,0.000543,-65.301625,8.000000,0.387935
2812500,0.000283,-70.949041,6.000000,0.162038
2813000,0.000185,-74.635883,0.000000,0.014565
2813500,0.000125,-78.070446,0.000000,0.000000
2814000,0.000112,-78.985902,0.000000,0.000000
2814500,0.000150,-76.504452,6.000000,0.000000
2815000,0.000127,-77.913680,0.000000,0.000000
2815500,0.000083,-81.596203,0.000000,0.000000
2816000,0.000086,-81.301340,0.000000,0.000000
2816500,0.000084,-81.502656,0.000000,0.000000
2817000,0.001054,-59.542357,6.000000,0.618306
2817500,0.001653,-55.634417,10.000000,0.774623
2818000,0.002205,-53.130420,10.000000,0.874783
2818500,0.004735,-46.492755,8.000000,1.000000
2819000,0.002492,-52.068491,8.000000,0.917260
2819500,0.002096,-53.572106,10.000000,0.857116
2820000,0.001108,-59.107478,8.000000,0.635701
2820500,0.000658,-63.634201,10.000000,0.454632
2821000,0.000292,-70.706081,4.000000,0.171757
2821500,0.000128,-77.880279,0.000000,0.000000
2822000,0.000147,-76.680032,2.000000,0.000000
2822500,0.000070,-83.131336,0.000000,0.000000
2823000,0.000050,-86.052249,0.000000,0.000000
2823500,0.000063,-84.057366,0.000000,0.000000
2824000,0.000110,-79.202267,4.000000,0.000000
2824500,0.000150,-76.471776,2.000000,0.000000
2825000,0.001568,-56.090616,8.000000,0.756375
2825500,0.008044,-41.890556,8.000000,1.000000
2826000,0.005107,-45.837522,4.000000,1.000000
2826500,0.002238,-53.002270,10.000000,0.879909
2827000,0.000857,-61.343692,8.000000,0.546252
2827500,0.000515,-65.764565,10.000000,0.369417
2828000,0.000203,-73.840978,2.000000,0.046361
2828500,0.000049,-86.262292,0.000000,0.000000
2829000,0.000169,-75.429571,2.000000,0.000000
2829500,0.001736,-55.206986,10.000000,0.791721
2830000,0.001146,-58.815728,8.000000,0.647371
2830500,0.000776,-62.205079,8.000000,0.511797
2831000,0.000500,-66.020824,10.000000,0.359167
2831500,0.000267,-71.474547,6.000000,0.141018
2832000,0.000218,-73.227048,8.000000,0.070918
2832500,0.000830,-61.615486,10.000000,0.535381
2833000,0.001694,-55.423376,8.000000,0.783065
2833500,0.003145,-50.047150,10.000000,0.998114
2834000,0.002029,-53.855666,8.000000,0.845773
2834500,0.001235,-58.163780,8.000000,0.673449
2835000,0.000772,-62.244205,10.000000,0.510232
2835500,0.000633,-63.973672,8.000000,0.441053
2836000,0.000528,-65.540584,8.000000,0.378377
2836500,0.000455,-66.848424,8.000000,0.326063
2837000,0.000402,-67.915128,8.000000,0.283395
2837500,0.000345,-69.242231,8.000000,0.230311
2838000,0.000307,-70.256178,6.000000,0.189753
2838500,0.000260,-71.693179,0.000000,0.132273
2839000,0.000236,-72.559753,4.000000,0.097610
2839500,0.000220,-73.135688,0.000000,0.074572
2840000,0.000199,-74.009058,0.000000,0.039638
2840500,0.000174,-75.189118,0.000000,0.000000
2841000,0.000151,-76.406139,0.000000,0.000000
2841500,0.000283,-70.961409,8.000000,0.161544
2842000,0.000205,-73.778823,2.000000,0.048847
2842500,0.000193,-74.306401,2.000000,0.027744
2843000,0.000148,-76.608253,0.000000,0.000000
2843500,0.000131,-77.664091,0.000000,0.000000
2844000,0.000115,-78.803724,2.000000,0.000000
2844500,0.000106,-79.533136,0.000000,0.000000
2845000,0.000173,-75.232229,2.000000,0.000000
2845500,0.000213,-73.433425,4.000000,0.062663
2846000,0.000122,-78.302954,0.000000,0.000000
2846500,0.000165,-75.649768,2.000000,0.000000
2847000,0.000299,-70.483245,2.000000,0.180670
2847500,0.000098,-80.208264,4.000000,0.000000
2848000,0.000061,-84.270628,0.000000,0.000000
2848500,0.006717,-43.456063,8.000000,1.000000
2849000,0.005938,-44.527820,6.000000,1.000000
2849500,0.001909,-54.385806,10.000000,0.824568
2850000,0.001642,-55.693976,8.000000,0.772241
2850500,0.010187,-39.838712,6.000000,1.000000
2851000,0.012619,-37.979403,10.000000,1.000000
2851500,0.015652,-36.108873,10.000000,1.000000
2852000,0.010819,-39.315947,10.000000,1.000000
2852500,0.006912,-43.207656,8.000000,1.000000
2853000,0.009240,-40.686115,10.000000,1.000000
2853500,0.011775,-38.580633,8.000000,1.000000
2854000,0.007739,-42.226749,8.000000,1.000000
2854500,0.005853,-44.651949,8.000000,1.000000
2855000,0.003353,-49.490896,8.000000,1.000000
2855500,0.002669,-51.471533,8.000000,0.941139
2856000,0.004862,-46.264011,10.000000,1.000000
2856500,0.002636,-51.582358,8.000000,0.936706
2857000,0.002119,-53.475837,8.000000,0.860967
2857500,0.002680,-51.438861,6.000000,0.942446
2858000,0.001626,-55.779898,6.000000,0.768804
2858500,0.001853,-54.640381,8.000000,0.814385
2859000,0.000814,-61.788045,8.000000,0.528478
2859500,0.000545,-65.269820,10.000000,0.389207
2860000,0.000349,-69.138103,8.000000,0.234476
2860500,0.000641,-63.858994,6.000000,0.445640
2861000,0.001082,-59.316081,8.000000,0.627357
2861500,0.006620,-43.583228,8.000000,1.000000
2862000,0.005648,-44.962466,10.000000,1.000000
2862500,0.002759,-51.185708,8.000000,0.952572
2863000,0.001469,-56.660768,10.000000,0.733569
2863500,0.001612,-55.854826,6.000000,0.765807
2864000,0.008244,-41.677206,6.000000,1.000000
2864500,0.004840,-46.303960,6.000000,1.000000
2865000,0.004248,-47.435987,8.000000,1.000000
2865500,0.003335,-49.537360,10.000000,1.000000
2866000,0.003381,-49.418905,8.000000,1.000000
2866500,0.002944,-50.620645,8.000000,0.975174
2867000,0.002268,-52.885843,8.000000,0.884566
2867500,0.001622,-55.800348,8.000000,0.767986
2868000,0.007976,-41.963798,6.000000,1.000000
2868500,0.002963,-50.564616,8.000000,0.977415
2869000,0.011037,-39.143037,10.000000,1.000000
2869500,0.005690,-44.898454,8.000000,1.000000
2870000,0.004439,-47.053581,10.000000,1.000000
2870500,0.001864,-54.592204,8.000000,0.816312
2871000,0.000897,-60.948042,8.000000,0.562078
2871500,0.003662,-48.724653,10.000000,1.000000
2872000,0.002706,-51.354964,8.000000,0.945801
2872500,0.004598,-46.748921,8.000000,1.000000
2873000,0.002670,-51.469495,10.000000,0.941220
2873500,0.001127,-58.964442,6.000000,0.641422
2874000,0.001961,-54.148705,8.000000,0.834052
2874500,0.005683,-44.908847,8.000000,1.000000
2875000,0.006428,-43.838099,8.000000,1.000000
2875500,0.004407,-47.116741,8.000000,1.000000
2876000,0.002623,-51.624242,8.000000,0.935030
2876500,0.002229,-53.038134,10.000000,0.878475
2877000,0.006166,-44.199662,8.000000,1.000000
2877500,0.004238,-47.456288,8.000000,1.000000
2878000,0.002487,-52.087997,8.000000,0.916480
2878500,0.004406,-47.119905,10.000000,1.000000
2879000,0.005386,-45.375389,8.000000,1.000000
2879500,0.009563,-40.388040,8.000000,1.000000
2880000,0.009163,-40.759156,8.000000,1.000000
2880500,0.012886,-37.797651,8.000000,1.000000
2881000,0.006232,-44.106862,8.000000,1.000000
2881500,0.005684,-44.907473,8.000000,1.000000
2882000,0.003554,-48.986013,10.000000,1.000000
2882500,0.006931,-43.184374,8.000000,1.000000
2883000,0.003900,-48.177773,8.000000,1.000000
2883500,0.003584,-48.913618,8.000000,1.000000
2884000,0.006565,-43.655672,8.000000,1.000000
2884500,0.005139,-45.782533,10.000000,1.000000
2885000,0.007846,-42.107545,8.000000,1.000000
2885500,0.010950,-39.211957,8.000000,1.000000
2886000,0.008317,-41.600441,8.000000,1.000000
2886500,0.006564,-43.656509,8.000000,1.000000
2887000,0.006409,-43.863572,8.000000,1.000000
2887500,0.005722,-44.849571,8.000000,1.000000
2888000,0.008361,-41.555137,10.000000,1.000000
2888500,0.005005,-46.011165,8.000000,1.000000
2889000,0.002547,-51.879964,8.000000,0.924801
2889500,0.008991,-40.924020,6.000000,1.000000
2890000,0.004715,-46.529447,10.000000,1.000000
2890500,0.006454,-43.803363,10.000000,1.000000
2891000,0.005671,-44.927054,4.000000,1.000000
2891500,0.002921,-50.688687,8.000000,0.972453
2892000,0.005940,-44.523960,8.000000,1.000000
2892500,0.007809,-42.147785,8.000000,1.000000
2893000,0.009499,-40.446480,10.000000,1.000000
2893500,0.011090,-39.101566,6.000000,1.000000
2894000,0.005856,-44.647423,8.000000,1.000000
2894500,0.007454,-42.552156,10.000000,1.000000
2895000,0.009758,-40.213131,8.000000,1.000000
2895500,0.007240,-42.805636,10.000000,1.000000
2896000,0.007359,-42.664150,8.000000,1.000000
2896500,0.011305,-38.934809,8.000000,1.000000
2897000,0.010794,-39.336305,8.000000,1.000000
2897500,0.006956,-43.152865,8.000000,1.000000
2898000,0.007815,-42.141168,10.000000,1.000000
2898500,0.009713,-40.252703,8.000000,1.000000
2899000,0.008985,-40.929589,8.000000,1.000000
2899500,0.007039,-43.050235,8.000000,1.000000
2900000,0.009839,-40.141068,6.000000,1.000000
2900500,0.012495,-38.065243,10.000000,1.000000
2901000,0.012965,-37.744336,8.000000,1.000000
2901500,0.006686,-43.496890,8.000000,1.000000
2902000,0.003076,-50.240947,6.000000,0.990362
2902500,0.008076,-41.855743,8.000000,1.000000
2903000,0.010721,-39.395236,8.000000,1.000000
2903500,0.008864,-41.047678,8.000000,1.000000
2904000,0.005259,-45.581643,10.000000,1.000000
2904500,0.008134,-41.793505,6.000000,1.000000
2905000,0.005757,-44.795412,8.000000,1.000000
2905500,0.010243,-39.791645,10.000000,1.000000
2906000,0.007593,-42.391845,8.000000,1.000000
2906500,0.012483,-38.073633,8.000000,1.000000
2907000,0.006655,-43.536843,8.000000,1.000000
2907500,0.009195,-40.729098,8.000000,1.000000
2908000,0.010959,-39.204498,10.000000,1.000000
2908500,0.008791,-41.119554,6.000000,1.000000
2909000,0.007846,-42.106924,10.000000,1.000000
2909500,0.006834,-43.306154,8.000000,1.000000
2910000,0.010515,-39.563751,10.000000,1.000000
2910500,0.009149,-40.772959,8.000000,1.000000
2911000,0.010521,-39.559184,8.000000,1.000000
2911500,0.005590,-45.051059,6.000000,1.000000
2912000,0.006629,-43.571149,8.000000,1.000000
2912500,0.008066,-41.867262,8.000000,1.000000
2913000,0.003225,-49.829928,6.000000,1.000000
2913500,0.008426,-41.487239,10.000000,1.000000
2914000,0.008513,-41.398685,6.000000,1.000000
2914500,0.008981,-40.933185,8.000000,1.000000
2915000,0.005405,-45.344029,8.000000,1.000000
2915500,0.011557,-38.743282,8.000000,1.000000
2916000,0.011164,-39.043937,8.000000,1.000000
2916500,0.012909,-37.782268,8.000000,1.000000
2917000,0.007013,-43.081536,8.000000,1.000000
2917500,0.009758,-40.212598,8.000000,1.000000
2918000,0.009113,-40.806567,8.000000,1.000000
2918500,0.009184,-40.739759,8.000000,1.000000
2919000,0.008467,-41.445270,8.000000,1.000000
2919500,0.011273,-38.959050,6.000000,1.000000
2920000,0.009430,-40.509593,10.000000,1.000000
2920500,0.006420,-43.848741,6.000000,1.000000
2921000,0.009965,-40.030086,8.000000,1.000000
2921500,0.007351,-42.672951,8.000000,1.000000
2922000,0.006728,-43.442363,8.000000,1.000000
2922500,0.004376,-47.179277,8.000000,1.000000
2923000,0.003992,-47.976862,10.000000,1.000000
2923500,0.009812,-40.164561,6.000000,1.000000
2924000,0.005019,-45.986951,8.000000,1.000000
2924500,0.005373,-45.396347,8.000000,1.000000
2925000,0.001856,-54.627550,8.000000,0.814898
2925500,0.001073,-59.389024,10.000000,0.624439
2926000,0.000974,-60.231093,10.000000,0.590756
2926500,0.002763,-51.171182,8.000000,0.953153
2927000,0.005480,-45.224400,8.000000,1.000000
2927500,0.007831,-42.123588,10.000000,1.000000
2928000,0.009622,-40.334745,8.000000,1.000000
2928500,0.009119,-40.800813,6.000000,1.000000
2929000,0.010567,-39.520663,8.000000,1.000000
2929500,0.007425,-42.586549,8.000000,1.000000
2930000,0.004212,-47.510858,6.000000,1.000000
2930500,0.003645,-48.765403,6.000000,1.000000
2931000,0.004551,-46.838616,10.000000,1.000000
2931500,0.005196,-45.686163,8.000000,1.000000
2932000,0.005603,-45.030908,6.000000,1.000000
2932500,0.004488,-46.958565,8.000000,1.000000
2933000,0.007416,-42.596252,8.000000,1.000000
2933500,0.008058,-41.874946,8.000000,1.000000
2934000,0.007618,-42.363026,8.000000,1.000000
2934500,0.012238,-38.245707,6.000000,1.000000
2935000,0.008203,-41.720642,8.000000,1.000000
2935500,0.010024,-39.979319,6.000000,1.000000
2936000,0.006477,-43.772891,10.000000,1.000000
2936500,0.005524,-45.155700,8.000000,1.000000
2937000,0.007078,-43.002267,8.000000,1.000000
2937500,0.007401,-42.613813,8.000000,1.000000
2938000,0.011236,-38.987907,8.000000,1.000000
2938500,0.005967,-44.484178,8.000000,1.000000
2939000,0.013495,-37.396543,8.000000,1.000000
2939500,0.008043,-41.891766,8.000000,1.000000
2940000,0.009579,-40.373703,8.000000,1.000000
2940500,0.009650,-40.309286,8.000000,1.000000
2941000,0.008022,-41.914358,8.000000,1.000000
2941500,0.007674,-42.299841,8.000000,1.000000
2942000,0.008388,-41.526354,8.000000,1.000000
2942500,0.009276,-40.652557,8.000000,1.000000
2943000,0.009048,-40.868952,10.000000,1.000000
2943500,0.011044,-39.137119,8.000000,1.000000
2944000,0.005835,-44.679101,6.000000,1.000000
2944500,0.007837,-42.116915,8.000000,1.000000
2945000,0.011047,-39.135250,10.000000,1.000000
2945500,0.013522,-37.379054,6.000000,1.000000
2946000,0.012518,-38.049271,8.000000,1.000000
2946500,0.010054,-39.953454,6.000000,1.000000
2947000,0.009205,-40.719178,8.000000,1.000000
2947500,0.007474,-42.529464,8.000000,1.000000
2948000,0.010377,-39.678404,8.000000,1.000000
2948500,0.007150,-42.913611,8.000000,1.000000
2949000,0.010417,-39.644749,8.000000,1.000000
2949500,0.008412,-41.501722,6.000000,1.000000
2950000,0.010613,-39.483514,8.000000,1.000000
2950500,0.009835,-40.144880,10.000000,1.000000
2951000,0.012795,-37.859118,6.000000,1.000000
2951500,0.011607,-38.705385,6.000000,1.000000
2952000,0.009553,-40.397311,8.000000,1.000000
2952500,0.009700,-40.264823,8.000000,1.000000
2953000,0.007095,-42.981206,8.000000,1.000000
2953500,0.010254,-39.781958,8.000000,1.000000
2954000,0.010217,-39.813663,10.000000,1.000000
2954500,0.007338,-42.689006,6.000000,1.000000
2955000,0.007901,-42.046648,8.000000,1.000000
2955500,0.013098,-37.655795,8.000000,1.000000
2956000,0.009641,-40.317306,6.000000,1.000000
2956500,0.003946,-48.076437,8.000000,1.000000
2957000,0.013842,-37.176329,10.000000,1.000000
2957500,0.008494,-41.417608,6.000000,1.000000
2958000,0.002327,-52.664241,6.000000,0.893430
2958500,0.002423,-52.314602,6.000000,0.907416
2959000,0.003845,-48.302843,6.000000,1.000000
2959500,0.010037,-39.968060,10.000000,1.000000
2960000,0.011562,-38.738968,8.000000,1.000000
2960500,0.003342,-49.519273,6.000000,1.000000
2961000,0.002388,-52.438352,6.000000,0.902466
2961500,0.002105,-53.533403,6.000000,0.858664
2962000,0.006345,-43.950785,10.000000,1.000000
2962500,0.013991,-37.082944,8.000000,1.000000
2963000,0.006201,-44.150958,8.000000,1.000000
2963500,0.003009,-50.430852,6.000000,0.982766
2964000,0.002848,-50.910120,6.000000,0.963595
2964500,0.006057,-44.355458,8.000000,1.000000
2965000,0.006699,-43.480187,6.000000,1.000000
2965500,0.013133,-37.632843,8.000000,1.000000
2966000,0.015993,-35.921408,8.000000,1.000000
2966500,0.007977,-41.963429,6.000000,1.000000
2967000,0.003942,-48.085888,6.000000,1.000000
2967500,0.010206,-39.823221,8.000000,1.000000
2968000,0.011005,-39.168449,8.000000,1.000000
2968500,0.007430,-42.580126,8.000000,1.000000
2969000,0.008460,-41.452738,8.000000,1.000000
2969500,0.012273,-38.220807,8.000000,1.000000
2970000,0.007827,-42.128050,6.000000,1.000000
2970500,0.011426,-38.842371,8.000000,1.000000
2971000,0.007945,-41.997884,8.000000,1.000000
2971500,0.012415,-38.121346,8.000000,1.000000
2972000,0.007816,-42.140473,8.000000,1.000000
2972500,0.010874,-39.272237,8.000000,1.000000
2973000,0.010719,-39.397064,10.000000,1.000000
2973500,0.009607,-40.348256,6.000000,1.000000
2974000,0.010236,-39.797403,8.000000,1.000000
2974500,0.008258,-41.662804,8.000000,1.000000
2975000,0.011404,-38.859171,8.000000,1.000000
2975500,0.012148,-38.310022,6.000000,1.000000
2976000,0.008086,-41.844801,8.000000,1.000000
2976500,0.007364,-42.657498,8.000000,1.000000
2977000,0.009688,-40.274985,8.000000,1.000000
2977500,0.012185,-38.283759,6.000000,1.000000
2978000,0.011554,-38.745441,6.000000,1.000000
2978500,0.012723,-37.908413,8.000000,1.000000
2979000,0.006812,-43.334655,6.000000,1.000000
2979500,0.011238,-38.986523,8.000000,1.000000
2980000,0.009647,-40.312330,8.000000,1.000000
2980500,0.010576,-39.513455,8.000000,1.000000
2981000,0.012165,-38.297863,6.000000,1.000000
2981500,0.010104,-39.909848,8.000000,1.000000
2982000,0.010490,-39.584663,8.000000,1.000000
2982500,0.007554,-42.436643,10.000000,1.000000
2983000,0.011845,-38.529361,10.000000,1.000000
2983500,0.013208,-37.582985,8.000000,1.000000
2984000,0.009270,-40.658827,6.000000,1.000000
2984500,0.009038,-40.878529,8.000000,1.000000
2985000,0.008808,-41.102109,8.000000,1.000000
2985500,0.011278,-38.955189,8.000000,1.000000
2986000,0.009913,-40.075552,8.000000,1.000000
2986500,0.009623,-40.333833,8.000000,1.000000
2987000,0.007567,-42.421855,8.000000,1.000000
2987500,0.009734,-40.234072,6.000000,1.000000
2988000,0.014570,-36.731003,8.000000,1.000000
2988500,0.009341,-40.591954,8.000000,1.000000
2989000,0.013971,-37.095513,8.000000,1.000000
2989500,0.009940,-40.051861,6.000000,1.000000
2990000,0.014677,-36.666996,8.000000,1.000000
2990500,0.013441,-37.431671,10.000000,1.000000
2991000,0.010723,-39.393472,4.000000,1.000000
2991500,0.013911,-37.132833,8.000000,1.000000
2992000,0.010523,-39.557333,8.000000,1.000000
2992500,0.012524,-38.044793,8.000000,1.000000
2993000,0.011234,-38.989390,8.000000,1.000000
2993500,0.011868,-38.512458,10.000000,1.000000
2994000,0.012461,-38.089058,8.000000,1.000000
2994500,0.011820,-38.547667,6.000000,1.000000
2995000,0.011012,-39.162472,8.000000,1.000000
2995500,0.012329,-38.181286,8.000000,1.000000
2996000,0.012474,-38.079890,8.000000,1.000000
2996500,0.011962,-38.444000,8.000000,1.000000
2997000,0.012706,-37.919795,8.000000,1.000000
2997500,0.007361,-42.661051,6.000000,1.000000
2998000,0.012030,-38.394335,8.000000,1.000000
2998500,0.012697,-37.926048,8.000000,1.000000
2999000,0.007487,-42.514163,8.000000,1.000000
2999500,0.011885,-38.499943,8.000000,1.000000
3000000,0.009225,-40.700732,6.000000,1.000000
3000500,0.010724,-39.392674,8.000000,1.000000
3001000,0.009190,-40.734072,6.000000,1.000000
3001500,0.011886,-38.499029,6.000000,1.000000
3002000,0.011509,-38.779587,8.000000,1.000000
3002500,0.011159,-39.047519,8.000000,1.000000
3003000,0.014927,-36.520339,8.000000,1.000000
3003500,0.011690,-38.643966,8.000000,1.000000
3004000,0.013521,-37.379580,6.000000,1.000000
3004500,0.012343,-38.171888,8.000000,1.000000
3005000,0.011462,-38.815081,8.000000,1.000000
3005500,0.010068,-39.941387,4.000000,1.000000
3006000,0.014024,-37.062269,8.000000,1.000000
3006500,0.014490,-36.778724,8.000000,1.000000
3007000,0.008639,-41.270932,8.000000,1.000000
3007500,0.015026,-36.462910,8.000000,1.000000
3008000,0.010405,-39.654835,8.000000,1.000000
3008500,0.005184,-45.706594,8.000000,1.000000
3009000,0.007501,-42.497264,8.000000,1.000000
3009500,0.003371,-49.445226,6.000000,1.000000
3010000,0.000929,-60.637186,8.000000,0.574513
3010500,0.005853,-44.652314,8.000000,1.000000
3011000,0.002536,-51.918198,10.000000,0.923272
3011500,0.001725,-55.265093,6.000000,0.789396
3012000,0.000953,-60.413822,10.000000,0.583447
3012500,0.000778,-62.183643,10.000000,0.512654
3013000,0.000683,-63.312538,6.000000,0.467498
3013500,0.008431,-41.482154,8.000000,1.000000
3014000,0.004445,-47.042208,10.000000,1.000000
3014500,0.002594,-51.720151,10.000000,0.931194
3015000,0.001550,-56.194414,8.000000,0.752223
3015500,0.000806,-61.873163,8.000000,0.525073
3016000,0.002975,-50.530366,10.000000,0.978785
3016500,0.004987,-46.043884,8.000000,1.000000
3017000,0.002236,-53.010741,10.000000,0.879570
3017500,0.001454,-56.746178,6.000000,0.730153
3018000,0.000881,-61.097443,10.000000,0.556102
3018500,0.000633,-63.970361,8.000000,0.441186
3019000,0.001913,-54.365197,8.000000,0.825392
3019500,0.003255,-49.748043,8.000000,1.000000
3020000,0.002347,-52.591193,8.000000,0.896352
3020500,0.005409,-45.337882,8.000000,1.000000
3021000,0.003462,-49.214136,10.000000,1.000000
3021500,0.004482,-46.971370,8.000000,1.000000
3022000,0.004401,-47.129574,8.000000,1.000000
3022500,0.004182,-47.572488,10.000000,1.000000
3023000,0.001821,-54.792630,8.000000,0.808295
3023500,0.001291,-57.784571,10.000000,0.688617
3024000,0.000853,-61.385396,8.000000,0.544584
3024500,0.000167,-75.564322,4.000000,0.000000
3025000,0.002937,-50.642779,8.000000,0.974289
3025500,0.002308,-52.734301,10.000000,0.890628
3026000,0.001346,-57.417490,8.000000,0.703300
3026500,0.000779,-62.168998,10.000000,0.513240
3027000,0.000487,-66.246649,8.000000,0.350134
3027500,0.000773,-62.232879,8.000000,0.510685
3028000,0.003493,-49.135899,6.000000,1.000000
3028500,0.001854,-54.637223,6.000000,0.814511
3029000,0.001159,-58.719415,8.000000,0.651223
3029500,0.000899,-60.923463,10.000000,0.563061
3030000,0.000586,-64.643659,8.000000,0.414254
3030500,0.000417,-67.597679,10.000000,0.296093
3031000,0.000319,-69.922730,8.000000,0.203091
3031500,0.000174,-75.175940,4.000000,0.000000
3032000,0.000072,-82.800091,0.000000,0.000000
3032500,0.000200,-73.984455,2.000000,0.040622
3033000,0.001670,-55.547069,6.000000,0.778117
3033500,0.007142,-42.923605,10.000000,1.000000
3034000,0.010939,-39.220078,8.000000,1.000000
3034500,0.010736,-39.382929,8.000000,1.000000
3035000,0.012384,-38.142759,8.000000,1.000000
3035500,0.004839,-46.304163,6.000000,1.000000
3036000,0.001770,-55.040788,8.000000,0.798368
3036500,0.000152,-76.387658,0.000000,0.000000
3037000,0.000135,-77.374522,4.000000,0.000000
3037500,0.001135,-58.896782,6.000000,0.644129
3038000,0.014309,-36.888102,8.000000,1.000000
3038500,0.011472,-38.807059,8.000000,1.000000
3039000,0.008753,-41.157290,8.000000,1.000000
3039500,0.008683,-41.226891,6.000000,1.000000
3040000,0.010603,-39.491695,10.000000,1.000000
3040500,0.008168,-41.757278,6.000000,1.000000
3041000,0.006388,-43.893170,8.000000,1.000000
3041500,0.008144,-41.782746,4.000000,1.000000
3042000,0.000995,-60.045949,8.000000,0.598162
3042500,0.000323,-69.806426,4.000000,0.207743
3043000,0.000092,-80.698868,2.000000,0.000000
3043500,0.000095,-80.471197,0.000000,0.000000
3044000,0.004196,-47.543296,6.000000,1.000000
3044500,0.008390,-41.525040,8.000000,1.000000
3045000,0.011650,-38.673576,6.000000,1.000000
3045500,0.010751,-39.370855,10.000000,1.000000
3046000,0.010989,-39.181134,10.000000,1.000000
3046500,0.013646,-37.299876,6.000000,1.000000
3047000,0.006767,-43.391514,8.000000,1.000000
3047500,0.007452,-42.554398,8.000000,1.000000
3048000,0.010815,-39.319565,8.000000,1.000000
3048500,0.009918,-40.071214,6.000000,1.000000
3049000,0.008769,-41.141047,8.000000,1.000000
3049500,0.010433,-39.631536,6.000000,1.000000
3050000,0.009684,-40.278948,8.000000,1.000000
3050500,0.010887,-39.261451,8.000000,1.000000
3051000,0.011821,-38.546711,6.000000,1.000000
3051500,0.010214,-39.816050,6.000000,1.000000
3052000,0.011412,-38.853033,10.000000,1.000000
3052500,0.008495,-41.416986,6.000000,1.000000
3053000,0.006193,-44.161555,8.000000,1.000000
3053500,0.008711,-41.198343,6.000000,1.000000
3054000,0.008589,-41.321009,6.000000,1.000000
3054500,0.010151,-39.869940,10.000000,1.000000
3055000,0.002863,-50.862509,6.000000,0.965500
3055500,0.005205,-45.670763,6.000000,1.000000
3056000,0.001249,-58.065275,6.000000,0.677389
3056500,0.006161,-44.206951,8.000000,1.000000
3057000,0.004192,-47.552408,6.000000,1.000000
3057500,0.002142,-53.383751,8.000000,0.864650
3058000,0.008254,-41.666888,6.000000,1.000000
3058500,0.003568,-48.952017,8.000000,1.000000
3059000,0.002601,-51.695537,8.000000,0.932179
3059500,0.003345,-49.512939,6.000000,1.000000
3060000,0.003394,-49.385455,6.000000,1.000000
3060500,0.006459,-43.796924,6.000000,1.000000
3061000,0.002438,-52.261083,4.000000,0.909557
3061500,0.001676,-55.516139,10.000000,0.779354
3062000,0.005090,-45.866487,8.000000,1.000000
3062500,0.003109,-50.146204,8.000000,0.994152
3063000,0.001653,-55.635034,8.000000,0.774599
3063500,0.006327,-43.975398,8.000000,1.000000
3064000,0.002226,-53.048410,8.000000,0.878064
3064500,0.001125,-58.973770,10.000000,0.641049
3065000,0.004467,-46.999290,8.000000,1.000000
3065500,0.004924,-46.154177,8.000000,1.000000
3066000,0.004209,-47.516309,10.000000,1.000000
3066500,0.007200,-42.852790,8.000000,1.000000
3067000,0.005196,-45.686742,8.000000,1.000000
3067500,0.005356,-45.423366,10.000000,1.000000
3068000,0.009221,-40.704688,10.000000,1.000000
3068500,0.004976,-46.061722,8.000000,1.000000
3069000,0.008552,-41.358706,8.000000,1.000000
3069500,0.006065,-44.343763,10.000000,1.000000
3070000,0.003715,-48.599932,8.000000,1.000000
3070500,0.007693,-42.278187,8.000000,1.000000
3071000,0.008447,-41.466197,8.000000,1.000000
3071500,0.004646,-46.658896,8.000000,1.000000
3072000,0.010153,-39.867692,6.000000,1.000000
3072500,0.006421,-43.848090,10.000000,1.000000
3073000,0.006025,-44.401529,10.000000,1.000000
3073500,0.010194,-39.832859,8.000000,1.000000
3074000,0.006565,-43.655577,8.000000,1.000000
3074500,0.010142,-39.877427,10.000000,1.000000
3075000,0.006963,-43.144563,8.000000,1.000000
3075500,0.005686,-44.904216,4.000000,1.000000
3076000,0.008684,-41.225692,4.000000,1.000000
3076500,0.006279,-44.042474,8.000000,1.000000
3077000,0.007227,-42.821118,4.000000,1.000000
3077500,0.001711,-55.333614,6.000000,0.786655
3078000,0.005498,-45.196565,10.000000,1.000000
3078500,0.006723,-43.448620,8.000000,1.000000
3079000,0.011562,-38.739208,8.000000,1.000000
3079500,0.011851,-38.525041,8.000000,1.000000
3080000,0.008807,-41.103343,10.000000,1.000000
3080500,0.012456,-38.092197,4.000000,1.000000
3081000,0.007232,-42.814510,8.000000,1.000000
3081500,0.010194,-39.833221,8.000000,1.000000
3082000,0.008836,-41.074906,8.000000,1.000000
3082500,0.008674,-41.236010,10.000000,1.000000
3083000,0.012311,-38.193903,8.000000,1.000000
3083500,0.009851,-40.130372,10.000000,1.000000
3084000,0.005209,-45.664908,8.000000,1.000000
3084500,0.012129,-38.323391,8.000000,1.000000
3085000,0.010022,-39.981102,8.000000,1.000000
3085500,0.006445,-43.815842,8.000000,1.000000
3086000,0.011494,-38.790508,8.000000,1.000000
3086500,0.008336,-41.580356,8.000000,1.000000
3087000,0.009581,-40.371376,8.000000,1.000000
3087500,0.010032,-39.972577,6.000000,1.000000
3088000,0.009391,-40.545800,10.000000,1.000000
3088500,0.012041,-38.386964,6.000000,1.000000
3089000,0.008719,-41.191049,10.000000,1.000000
3089500,0.006619,-43.584611,8.000000,1.000000
3090000,0.010652,-39.451679,4.000000,1.000000
3090500,0.010247,-39.787772,10.000000,1.000000
3091000,0.007986,-41.953608,8.000000,1.000000
3091500,0.010936,-39.223130,6.000000,1.000000
3092000,0.005286,-45.538223,8.000000,1.000000
3092500,0.007613,-42.368326,8.000000,1.000000
3093000,0.010285,-39.755783,8.000000,1.000000
3093500,0.008886,-41.025654,8.000000,1.000000
3094000,0.013308,-37.517899,8.000000,1.000000
3094500,0.010453,-39.615279,8.000000,1.000000
3095000,0.007950,-41.992791,8.000000,1.000000
3095500,0.012481,-38.075331,8.000000,1.000000
3096000,0.008294,-41.624432,8.000000,1.000000
3096500,0.010639,-39.462371,10.000000,1.000000
3097000,0.014550,-36.742570,8.000000,1.000000
3097500,0.007085,-42.993271,6.000000,1.000000
3098000,0.015243,-36.338786,6.000000,1.000000
3098500,0.009590,-40.363391,6.000000,1.000000
3099000,0.004635,-46.678452,8.000000,1.000000
3099500,0.012650,-37.958453,8.000000,1.000000
3100000,0.011209,-39.008408,6.000000,1.000000
3100500,0.010082,-39.929325,10.000000,1.000000
3101000,0.012743,-37.894630,6.000000,1.000000
3101500,0.012532,-38.039552,6.000000,1.000000
3102000,0.013537,-37.369868,8.000000,1.000000
3102500,0.011363,-38.889890,6.000000,1.000000
3103000,0.008631,-41.278580,8.000000,1.000000
3103500,0.010515,-39.563494,6.000000,1.000000
3104000,0.011193,-39.020906,6.000000,1.000000
3104500,0.010569,-39.518944,6.000000,1.000000
3105000,0.012672,-37.943171,10.000000,1.000000
3105500,0.012455,-38.092866,8.000000,1.000000
3106000,0.011576,-38.729105,6.000000,1.000000
3106500,0.012805,-37.852428,8.000000,1.000000
3107000,0.012328,-38.182044,8.000000,1.000000
3107500,0.013213,-37.579780,8.000000,1.000000
3108000,0.012666,-37.947421,8.000000,1.000000
3108500,0.009446,-40.495233,8.000000,1.000000
3109000,0.012544,-38.031230,6.000000,1.000000
3109500,0.011868,-38.512217,8.000000,1.000000
3110000,0.013117,-37.643513,6.000000,1.000000
3110500,0.013046,-37.690345,10.000000,1.000000
3111000,0.006550,-43.675371,6.000000,1.000000
3111500,0.003698,-48.641745,8.000000,1.000000
3112000,0.013334,-37.500866,6.000000,1.000000
3112500,0.005119,-45.816435,4.000000,1.000000
3113000,0.007439,-42.570228,10.000000,1.000000
3113500,0.007552,-42.439058,6.000000,1.000000
3114000,0.004801,-46.372806,6.000000,1.000000
3114500,0.007924,-42.020979,8.000000,1.000000
3115000,0.007448,-42.559332,6.000000,1.000000
3115500,0.004398,-47.134626,6.000000,1.000000
3116000,0.010405,-39.655089,6.000000,1.000000
3116500,0.007649,-42.328405,8.000000,1.000000
3117000,0.004150,-47.638978,8.000000,1.000000
3117500,0.010135,-39.883514,6.000000,1.000000
3118000,0.004662,-46.629111,6.000000,1.000000
3118500,0.009477,-40.466620,8.000000,1.000000
3119000,0.007194,-42.860234,6.000000,1.000000
3119500,0.009212,-40.713128,6.000000,1.000000
3120000,0.008904,-41.008115,8.000000,1.000000
3120500,0.003734,-48.557113,6.000000,1.000000
3121000,0.002456,-52.196957,8.000000,0.912122
3121500,0.006589,-43.624209,8.000000,1.000000
3122000,0.007907,-42.040210,6.000000,1.000000
3122500,0.009098,-40.820622,8.000000,1.000000
3123000,0.013349,-37.490722,8.000000,1.000000
3123500,0.009023,-40.892590,8.000000,1.000000
3124000,0.010937,-39.222416,8.000000,1.000000
3124500,0.006570,-43.648630,6.000000,1.000000
3125000,0.008331,-41.586323,8.000000,1.000000
3125500,0.009879,-40.105998,8.000000,1.000000
3126000,0.008176,-41.749141,6.000000,1.000000
3126500,0.006069,-44.337518,8.000000,1.000000
3127000,0.010611,-39.484937,8.000000,1.000000
3127500,0.009160,-40.762335,8.000000,1.000000
3128000,0.007291,-42.743731,8.000000,1.000000
3128500,0.014419,-36.821398,8.000000,1.000000
3129000,0.009540,-40.408799,8.000000,1.000000
3129500,0.012726,-37.905823,8.000000,1.000000
3130000,0.008089,-41.842599,4.000000,1.000000
3130500,0.010170,-39.853800,8.000000,1.000000
3131000,0.010161,-39.861036,6.000000,1.000000
3131500,0.009620,-40.336838,8.000000,1.000000
3132000,0.006972,-43.133271,6.000000,1.000000
3132500,0.003651,-48.751678,10.000000,1.000000
3133000,0.011192,-39.021817,8.000000,1.000000
3133500,0.011270,-38.961426,8.000000,1.000000
3134000,0.011195,-39.019645,8.000000,1.000000
3134500,0.010337,-39.712488,8.000000,1.000000
3135000,0.008581,-41.329476,6.000000,1.000000
3135500,0.009555,-40.395327,8.000000,1.000000
3136000,0.007872,-42.077898,6.000000,1.000000
3136500,0.013132,-37.633250,6.000000,1.000000
3137000,0.010860,-39.283602,8.000000,1.000000
3137500,0.010957,-39.206039,8.000000,1.000000
3138000,0.014166,-36.975226,8.000000,1.000000
3138500,0.010376,-39.679770,6.000000,1.000000
3139000,0.009415,-40.523752,8.000000,1.000000
3139500,0.010842,-39.297469,8.000000,1.000000
3140000,0.008812,-41.098855,6.000000,1.000000
3140500,0.011841,-38.532375,6.000000,1.000000
3141000,0.008541,-41.369766,6.000000,1.000000
3141500,0.005408,-45.338538,8.000000,1.000000
3142000,0.012218,-38.260175,8.000000,1.000000
3142500,0.012465,-38.086358,10.000000,1.000000
3143000,0.012107,-38.339061,8.000000,1.000000
3143500,0.011354,-38.897229,6.000000,1.000000
3144000,0.010535,-39.547118,8.000000,1.000000
3144500,0.011146,-39.057680,8.000000,1.000000
3145000,0.010380,-39.676238,8.000000,1.000000
3145500,0.009593,-40.360477,8.000000,1.000000
3146000,0.011664,-38.662800,4.000000,1.000000
3146500,0.010630,-39.469590,8.000000,1.000000
3147000,0.009052,-40.864721,8.000000,1.000000
3147500,0.013317,-37.511952,8.000000,1.000000
3148000,0.011197,-39.017598,8.000000,1.000000
3148500,0.012777,-37.871410,10.000000,1.000000
3149000,0.011578,-38.727181,8.000000,1.000000
3149500,0.011705,-38.632600,6.000000,1.000000
3150000,0.010370,-39.684593,8.000000,1.000000
3150500,0.013072,-37.673164,10.000000,1.000000
3151000,0.010585,-39.505783,8.000000,1.000000
3151500,0.013719,-37.253818,8.000000,1.000000
3152000,0.010728,-39.389267,6.000000,1.000000
3152500,0.012418,-38.119139,6.000000,1.000000
3153000,0.011450,-38.823978,10.000000,1.000000
3153500,0.007260,-42.781345,6.000000,1.000000
3154000,0.015501,-36.192600,8.000000,1.000000
3154500,0.010338,-39.711272,4.000000,1.000000
3155000,0.006431,-43.834813,8.000000,1.000000
3155500,0.013845,-37.174389,6.000000,1.000000
3156000,0.014810,-36.588783,6.000000,1.000000
3156500,0.014840,-36.571287,6.000000,1.000000
3157000,0.014629,-36.695485,8.000000,1.000000
3157500,0.012092,-38.350312,6.000000,1.000000
3158000,0.012470,-38.082763,6.000000,1.000000
3158500,0.011710,-38.629030,6.000000,1.000000
3159000,0.009124,-40.796200,8.000000,1.000000
3159500,0.012387,-38.140803,8.000000,1.000000
3160000,0.009809,-40.167618,6.000000,1.000000
3160500,0.006215,-44.131760,6.000000,1.000000
3161000,0.009992,-40.007339,8.000000,1.000000
3161500,0.013407,-37.453568,6.000000,1.000000
3162000,0.011511,-38.777431,8.000000,1.000000
3162500,0.010599,-39.494974,8.000000,1.000000
3163000,0.011895,-38.492535,6.000000,1.000000
3163500,0.011083,-39.106551,6.000000,1.000000
3164000,0.009271,-40.657200,6.000000,1.000000
3164500,0.010312,-39.733081,6.000000,1.000000
3165000,0.013514,-37.384261,6.000000,1.000000
3165500,0.009402,-40.535733,6.000000,1.000000
3166000,0.005687,-44.901654,8.000000,1.000000
3166500,0.012807,-37.850916,8.000000,1.000000
3167000,0.013702,-37.264060,6.000000,1.000000
3167500,0.014346,-36.865522,8.000000,1.000000
3168000,0.011249,-38.977783,8.000000,1.000000
3168500,0.011864,-38.515079,6.000000,1.000000
3169000,0.010285,-39.755798,8.000000,1.000000
3169500,0.009623,-40.333885,8.000000,1.000000
3170000,0.011528,-38.764597,8.000000,1.000000
3170500,0.010867,-39.278166,8.000000,1.000000
3171000,0.012747,-37.892125,8.000000,1.000000
3171500,0.012508,-38.055933,8.000000,1.000000
3172000,0.013677,-37.280111,8.000000,1.000000
3172500,0.013573,-37.346336,6.000000,1.000000
3173000,0.013645,-37.300240,6.000000,1.000000
3173500,0.009817,-40.160863,6.000000,1.000000
3174000,0.013140,-37.628377,8.000000,1.000000
3174500,0.012865,-37.811970,8.000000,1.000000
3175000,0.012575,-38.009643,8.000000,1.000000
3175500,0.010246,-39.789006,8.000000,1.000000
3176000,0.010960,-39.203715,8.000000,1.000000
3176500,0.005627,-44.993850,8.000000,1.000000
3177000,0.011225,-38.995959,8.000000,1.000000
3177500,0.010340,-39.709472,8.000000,1.000000
3178000,0.012005,-38.412581,6.000000,1.000000
3178500,0.012598,-37.993769,8.000000,1.000000
3179000,0.010151,-39.870051,8.000000,1.000000
3179500,0.010294,-39.748016,6.000000,1.000000
3180000,0.013597,-37.331213,8.000000,1.000000
3180500,0.012286,-38.211715,8.000000,1.000000
3181000,0.010239,-39.794995,8.000000,1.000000
3181500,0.013348,-37.491600,8.000000,1.000000
3182000,0.006694,-43.486424,8.000000,1.000000
3182500,0.007236,-42.810297,8.000000,1.000000
3183000,0.012455,-38.092862,8.000000,1.000000
3183500,0.007485,-42.516146,4.000000,1.000000
3184000,0.007321,-42.708612,6.000000,1.000000
3184500,0.010835,-39.303731,10.000000,1.000000
3185000,0.009014,-40.901805,6.000000,1.000000
3185500,0.010708,-39.405635,8.000000,1.000000
3186000,0.008075,-41.857637,6.000000,1.000000
3186500,0.008933,-40.979843,10.000000,1.000000
3187000,0.012019,-38.402460,8.000000,1.000000
3187500,0.009033,-40.883712,8.000000,1.000000
3188000,0.007009,-43.087399,8.000000,1.000000
3188500,0.011135,-39.066438,6.000000,1.000000
3189000,0.008213,-41.709864,10.000000,1.000000
3189500,0.009844,-40.136593,8.000000,1.000000
3190000,0.008937,-40.976293,8.000000,1.000000
3190500,0.007820,-42.135482,8.000000,1.000000
3191000,0.011873,-38.508748,8.000000,1.000000
3191500,0.009781,-40.192144,8.000000,1.000000
3192000,0.009169,-40.753142,8.000000,1.000000
3192500,0.013279,-37.536686,8.000000,1.000000
3193000,0.009604,-40.351382,8.000000,1.000000
3193500,0.008144,-41.783030,8.000000,1.000000
3194000,0.010788,-39.340892,8.000000,1.000000
3194500,0.009257,-40.670698,10.000000,1.000000
3195000,0.011946,-38.455405,6.000000,1.000000
3195500,0.009673,-40.288873,6.000000,1.000000
3196000,0.007673,-42.300973,10.000000,1.000000
3196500,0.012638,-37.966459,8.000000,1.000000
3197000,0.005203,-45.675027,6.000000,1.000000
3197500,0.009494,-40.450932,10.000000,1.000000
3198000,0.011931,-38.466255,8.000000,1.000000
3198500,0.008569,-41.341885,10.000000,1.000000
3199000,0.006269,-44.055734,8.000000,1.000000
3199500,0.004427,-47.077996,8.000000,1.000000
3200000,0.008616,-41.293447,8.000000,1.000000
3200500,0.012309,-38.195783,8.000000,1.000000
3201000,0.008105,-41.824605,8.000000,1.000000
3201500,0.005549,-45.115064,8.000000,1.000000
3202000,0.003234,-49.804319,8.000000,1.000000
3202500,0.000757,-62.417100,6.000000,0.503316
3203000,0.000158,-76.031807,2.000000,0.000000
3203500,0.000101,-79.874989,0.000000,0.000000
3204000,0.000080,-81.972701,0.000000,0.000000
3204500,0.000076,-82.336293,0.000000,0.000000
3205000,0.000070,-83.147019,0.000000,0.000000
3205500,0.000068,-83.392038,0.000000,0.000000
3206000,0.000106,-79.528410,2.000000,0.000000
3206500,0.000109,-79.280757,0.000000,0.000000
3207000,0.000091,-80.843599,0.000000,0.000000
3207500,0.000079,-82.052518,0.000000,0.000000
3208000,0.000073,-82.787009,2.000000,0.000000
3208500,0.000094,-80.505992,0.000000,0.000000
3209000,0.000072,-82.883412,0.000000,0.000000
3209500,0.000067,-83.479542,2.000000,0.000000
3210000,0.000072,-82.809380,2.000000,0.000000
3210500,0.000179,-74.951840,2.000000,0.001926
3211000,0.000161,-75.844866,2.000000,0.000000
3211500,0.000086,-81.352269,2.000000,0.000000
3212000,0.000079,-82.054159,0.000000,0.000000
3212500,0.005157,-45.752050,10.000000,1.000000
3213000,0.007908,-42.038532,8.000000,1.000000
3213500,0.010947,-39.214472,10.000000,1.000000
3214000,0.008943,-40.970402,8.000000,1.000000
3214500,0.012213,-38.263866,10.000000,1.000000
3215000,0.007351,-42.673304,8.000000,1.000000
3215500,0.001140,-58.862006,4.000000,0.645520
3216000,0.000228,-72.843648,4.000000,0.086254
3216500,0.000103,-79.759876,0.000000,0.000000
3217000,0.000111,-79.079036,0.000000,0.000000
3217500,0.000055,-85.214170,0.000000,0.000000
3218000,0.000070,-83.074528,0.000000,0.000000
3218500,0.000063,-83.984268,0.000000,0.000000
3219000,0.000059,-84.622028,2.000000,0.000000
3219500,0.000076,-82.356417,4.000000,0.000000
3220000,0.000127,-77.935160,2.000000,0.000000
3220500,0.000047,-86.514516,0.000000,0.000000
3221000,0.000146,-76.730023,0.000000,0.000000
3221500,0.000079,-82.085254,0.000000,0.000000
3222000,0.000097,-80.269652,0.000000,0.000000
3222500,0.000099,-80.099635,2.000000,0.000000
3223000,0.000076,-82.330995,2.000000,0.000000
3223500,0.000122,-78.281103,2.000000,0.000000
3224000,0.000125,-78.029733,0.000000,0.000000
3224500,0.000082,-81.705468,0.000000,0.000000
3225000,0.000094,-80.518945,0.000000,0.000000
3225500,0.000091,-80.776823,0.000000,0.000000
3226000,0.000121,-78.370815,0.000000,0.000000
3226500,0.000154,-76.270551,0.000000,0.000000
3227000,0.000118,-78.587584,0.000000,0.000000
3227500,0.000065,-83.714695,0.000000,0.000000
3228000,0.000037,-88.692241,0.000000,0.000000
3228500,0.000035,-89.229162,0.000000,0.000000
3229000,0.000029,-90.790959,0.000000,0.000000
3229500,0.000029,-90.632072,0.000000,0.000000
3230000,0.000075,-82.447494,2.000000,0.000000
3230500,0.000072,-82.877692,0.000000,0.000000
3231000,0.000087,-81.164010,0.000000,0.000000
3231500,0.000036,-88.857424,0.000000,0.000000
3232000,0.000054,-85.413168,0.000000,0.000000
3232500,0.000034,-89.404760,0.000000,0.000000
3233000,0.000057,-84.873594,0.000000,0.000000
3233500,0.000039,-88.280728,0.000000,0.000000
3234000,0.000047,-86.480817,0.000000,0.000000
3234500,0.000078,-82.199409,4.000000,0.000000
3235000,0.000064,-83.819368,0.000000,0.000000
3235500,0.000059,-84.517699,0.000000,0.000000
3236000,0.000323,-69.810284,4.000000,0.207589
3236500,0.000142,-76.952053,6.000000,0.000000
3237000,0.001403,-57.061439,6.000000,0.717542
3237500,0.006138,-44.239131,8.000000,1.000000
3238000,0.003739,-48.545284,10.000000,1.000000
3238500,0.014675,-36.668171,8.000000,1.000000
3239000,0.010663,-39.442345,10.000000,1.000000
3239500,0.007913,-42.032913,8.000000,1.000000
3240000,0.012906,-37.784445,8.000000,1.000000
3240500,0.012716,-37.912989,10.000000,1.000000
3241000,0.013166,-37.610812,8.000000,1.000000
3241500,0.006167,-44.198892,10.000000,1.000000
3242000,0.003440,-49.269653,8.000000,1.000000
3242500,0.002108,-53.523895,8.000000,0.859044
3243000,0.001337,-57.477071,10.000000,0.700917
3243500,0.000896,-60.955269,6.000000,0.561789
3244000,0.000973,-60.237117,6.000000,0.590515
3244500,0.009546,-40.403993,8.000000,1.000000
3245000,0.009711,-40.254285,8.000000,1.000000
3245500,0.012627,-37.974096,8.000000,1.000000
3246000,0.013038,-37.696045,8.000000,1.000000
3246500,0.015351,-36.277120,8.000000,1.000000
3247000,0.009853,-40.128698,6.000000,1.000000
3247500,0.015499,-36.193921,8.000000,1.000000
3248000,0.007212,-42.838342,8.000000,1.000000
3248500,0.006855,-43.280091,8.000000,1.000000
3249000,0.012039,-38.388183,10.000000,1.000000
3249500,0.009421,-40.518290,8.000000,1.000000
3250000,0.006785,-43.369403,6.000000,1.000000
3250500,0.006742,-43.424532,8.000000,1.000000
3251000,0.008964,-40.949717,8.000000,1.000000
3251500,0.006970,-43.135218,8.000000,1.000000
3252000,0.010515,-39.564003,10.000000,1.000000
3252500,0.010597,-39.496226,8.000000,1.000000
3253000,0.013271,-37.541763,10.000000,1.000000
3253500,0.013339,-37.497468,8.000000,1.000000
3254000,0.007020,-43.072956,6.000000,1.000000
3254500,0.013663,-37.289214,8.000000,1.000000
3255000,0.008316,-41.601576,8.000000,1.000000
3255500,0.006580,-43.636033,8.000000,1.000000
3256000,0.007926,-42.019443,8.000000,1.000000
3256500,0.015335,-36.286435,10.000000,1.000000
3257000,0.009474,-40.469695,6.000000,1.000000
3257500,0.008278,-41.641582,8.000000,1.000000
3258000,0.011010,-39.163871,8.000000,1.000000
3258500,0.011308,-38.932226,8.000000,1.000000
3259000,0.008892,-41.020443,6.000000,1.000000
3259500,0.006761,-43.399964,10.000000,1.000000
3260000,0.015427,-36.234538,8.000000,1.000000
3260500,0.012622,-37.977464,8.000000,1.000000
3261000,0.009918,-40.071303,6.000000,1.000000
3261500,0.013394,-37.461766,8.000000,1.000000
3262000,0.008884,-41.028262,8.000000,1.000000
3262500,0.013361,-37.483502,10.000000,1.000000
3263000,0.007917,-42.028723,8.000000,1.000000
3263500,0.012278,-38.217345,10.000000,1.000000
3264000,0.008430,-41.483848,10.000000,1.000000
3264500,0.008306,-41.612584,10.000000,1.000000
3265000,0.003437,-49.277427,4.000000,1.000000
3265500,0.001348,-57.403756,8.000000,0.703850
3266000,0.004476,-46.981368,8.000000,1.000000
3266500,0.004658,-46.635873,10.000000,1.000000
3267000,0.006197,-44.156057,8.000000,1.000000
3267500,0.008502,-41.409903,10.000000,1.000000
3268000,0.008998,-40.916928,6.000000,1.000000
3268500,0.004757,-46.452559,8.000000,1.000000
3269000,0.004819,-46.341581,8.000000,1.000000
3269500,0.005593,-45.046704,10.000000,1.000000
3270000,0.004149,-47.640730,10.000000,1.000000
3270500,0.004667,-46.618441,8.000000,1.000000
3271000,0.005337,-45.454658,8.000000,1.000000
3271500,0.007255,-42.786830,10.000000,1.000000
3272000,0.005651,-44.957844,8.000000,1.000000
3272500,0.011367,-38.887056,8.000000,1.000000
3273000,0.005290,-45.531701,10.000000,1.000000
3273500,0.007669,-42.305216,8.000000,1.000000
3274000,0.010159,-39.862789,10.000000,1.000000
3274500,0.014397,-36.834501,8.000000,1.000000
3275000,0.011578,-38.727704,8.000000,1.000000
3275500,0.008506,-41.405622,10.000000,1.000000
3276000,0.013153,-37.619300,8.000000,1.000000
3276500,0.016693,-35.549554,10.000000,1.000000
3277000,0.014233,-36.934349,8.000000,1.000000
3277500,0.007475,-42.527310,8.000000,1.000000
3278000,0.015176,-36.376691,8.000000,1.000000
3278500,0.011219,-39.000677,10.000000,1.000000
3279000,0.013159,-37.615331,8.000000,1.000000
3279500,0.014806,-36.591063,6.000000,1.000000
3280000,0.009843,-40.137684,10.000000,1.000000
3280500,0.010107,-39.907751,8.000000,1.000000
3281000,0.006112,-44.275973,8.000000,1.000000
3281500,0.008819,-41.091183,10.000000,1.000000
3282000,0.008396,-41.518461,10.000000,1.000000
3282500,0.004769,-46.431401,8.000000,1.000000
3283000,0.005943,-44.519481,8.000000,1.000000
3283500,0.007162,-42.899650,10.000000,1.000000
3284000,0.005560,-45.098240,8.000000,1.000000
3284500,0.003909,-48.158199,10.000000,1.000000
3285000,0.011795,-38.565953,10.000000,1.000000
3285500,0.009334,-40.598701,8.000000,1.000000
3286000,0.007267,-42.773422,8.000000,1.000000
3286500,0.007551,-42.439854,10.000000,1.000000
3287000,0.011166,-39.042421,8.000000,1.000000
3287500,0.012430,-38.110543,8.000000,1.000000
3288000,0.011600,-38.710861,8.000000,1.000000
3288500,0.014830,-36.577326,8.000000,1.000000
3289000,0.012324,-38.184782,8.000000,1.000000
3289500,0.009261,-40.666869,8.000000,1.000000
3290000,0.004604,-46.737477,8.000000,1.000000
3290500,0.016609,-35.593166,8.000000,1.000000
3291000,0.008556,-41.354796,10.000000,1.000000
3291500,0.011332,-38.913521,8.000000,1.000000
3292000,0.010838,-39.300684,10.000000,1.000000
3292500,0.009231,-40.694836,6.000000,1.000000
3293000,0.008363,-41.552759,6.000000,1.000000
3293500,0.012718,-37.911300,8.000000,1.000000
3294000,0.015867,-35.989953,8.000000,1.000000
3294500,0.007790,-42.169130,10.000000,1.000000
3295000,0.010284,-39.756554,8.000000,1.000000
3295500,0.006187,-44.170909,8.000000,1.000000
3296000,0.011425,-38.842985,8.000000,1.000000
3296500,0.010025,-39.978474,10.000000,1.000000
3297000,0.008106,-41.823986,8.000000,1.000000
3297500,0.009574,-40.378397,8.000000,1.000000
3298000,0.006064,-44.344978,6.000000,1.000000
3298500,0.008763,-41.146812,10.000000,1.000000
3299000,0.005651,-44.957345,8.000000,1.000000
3299500,0.013485,-37.402735,8.000000,1.000000
3300000,0.012764,-37.880239,8.000000,1.000000
3300500,0.009644,-40.314425,10.000000,1.000000
3301000,0.009777,-40.195849,8.000000,1.000000
3301500,0.009175,-40.747892,8.000000,1.000000
3302000,0.007874,-42.076285,8.000000,1.000000
3302500,0.006825,-43.318111,10.000000,1.000000
3303000,0.015933,-35.953852,8.000000,1.000000
3303500,0.009770,-40.202377,6.000000,1.000000
3304000,0.010713,-39.401931,8.000000,1.000000
3304500,0.010785,-39.343692,8.000000,1.000000
3305000,0.009563,-40.387692,8.000000,1.000000
3305500,0.005365,-45.408111,8.000000,1.000000
3306000,0.004813,-46.352188,10.000000,1.000000
3306500,0.002159,-53.315109,10.000000,0.867396
3307000,0.000875,-61.160787,8.000000,0.553569
3307500,0.005316,-45.488390,8.000000,1.000000
3308000,0.001161,-58.705271,8.000000,0.651789
3308500,0.000773,-62.235312,6.000000,0.510588
3309000,0.003251,-49.758774,8.000000,1.000000
3309500,0.004889,-46.216395,2.000000,1.000000
3310000,0.007105,-42.968542,8.000000,1.000000
3310500,0.007464,-42.540670,10.000000,1.000000
3311000,0.005994,-44.446156,8.000000,1.000000
3311500,0.003336,-49.536138,8.000000,1.000000
3312000,0.008067,-41.865744,8.000000,1.000000
3312500,0.006192,-44.163316,10.000000,1.000000
3313000,0.008396,-41.518680,8.000000,1.000000
3313500,0.006633,-43.565551,8.000000,1.000000
3314000,0.008745,-41.164885,10.000000,1.000000
3314500,0.006003,-44.432027,8.000000,1.000000
3315000,0.005813,-44.712042,8.000000,1.000000
3315500,0.008936,-40.976670,10.000000,1.000000
3316000,0.005626,-44.995396,6.000000,1.000000
3316500,0.007360,-42.661920,6.000000,1.000000
3317000,0.004475,-46.985018,10.000000,1.000000
3317500,0.009319,-40.612311,8.000000,1.000000
3318000,0.008899,-41.013200,6.000000,1.000000
3318500,0.009480,-40.464047,10.000000,1.000000
3319000,0.009510,-40.436261,8.000000,1.000000
3319500,0.010295,-39.747415,8.000000,1.000000
3320000,0.011142,-39.060644,8.000000,1.000000
3320500,0.005181,-45.711059,6.000000,1.000000
3321000,0.010545,-39.538718,10.000000,1.000000
3321500,0.010748,-39.373053,8.000000,1.000000
3322000,0.012029,-38.395453,8.000000,1.000000
3322500,0.005899,-44.584452,10.000000,1.000000
3323000,0.007755,-42.208570,8.000000,1.000000
3323500,0.010162,-39.860699,8.000000,1.000000
3324000,0.007492,-42.508112,8.000000,1.000000
3324500,0.009810,-40.166487,10.000000,1.000000
3325000,0.007025,-43.066867,10.000000,1.000000
3325500,0.004308,-47.314631,8.000000,1.000000
3326000,0.005239,-45.614464,8.000000,1.000000
3326500,0.010303,-39.740902,6.000000,1.000000
3327000,0.009107,-40.812170,10.000000,1.000000
3327500,0.008028,-41.907860,8.000000,1.000000
3328000,0.009158,-40.763883,10.000000,1.000000
3328500,0.009516,-40.431226,8.000000,1.000000
3329000,0.008813,-41.097069,10.000000,1.000000
3329500,0.005366,-45.407163,8.000000,1.000000
3330000,0.010978,-39.189872,10.000000,1.000000
3330500,0.008182,-41.742711,6.000000,1.000000
3331000,0.008871,-41.040766,10.000000,1.000000
3331500,0.007927,-42.017422,8.000000,1.000000
3332000,0.011984,-38.427774,8.000000,1.000000
3332500,0.008968,-40.946020,10.000000,1.000000
3333000,0.008119,-41.809670,10.000000,1.000000
3333500,0.011122,-39.076660,8.000000,1.000000
3334000,0.008898,-41.014248,10.000000,1.000000
3334500,0.011935,-38.463633,8.000000,1.000000
3335000,0.008207,-41.716104,8.000000,1.000000
3335500,0.009841,-40.139637,10.000000,1.000000
3336000,0.007683,-42.289381,6.000000,1.000000
3336500,0.007242,-42.803216,10.000000,1.000000
3337000,0.004654,-46.644314,8.000000,1.000000
3337500,0.007408,-42.606246,8.000000,1.000000
3338000,0.010846,-39.294872,10.000000,1.000000
3338500,0.006731,-43.438210,8.000000,1.000000
3339000,0.012874,-37.805414,8.000000,1.000000
3339500,0.010786,-39.342690,10.000000,1.000000
3340000,0.008125,-41.803850,10.000000,1.000000
3340500,0.010768,-39.357420,8.000000,1.000000
3341000,0.007050,-43.036422,6.000000,1.000000
3341500,0.007651,-42.325882,8.000000,1.000000
3342000,0.006245,-44.090025,8.000000,1.000000
3342500,0.011439,-38.832348,10.000000,1.000000
3343000,0.008982,-40.932835,8.000000,1.000000
3343500,0.006618,-43.585577,4.000000,1.000000
3344000,0.002174,-53.255149,8.000000,0.869794
3344500,0.001604,-55.895918,8.000000,0.764163
3345000,0.006513,-43.724785,10.000000,1.000000
3345500,0.005620,-45.004802,6.000000,1.000000
3346000,0.010861,-39.282851,8.000000,1.000000
3346500,0.010829,-39.307974,10.000000,1.000000
3347000,0.012831,-37.835073,8.000000,1.000000
3347500,0.011659,-38.666700,8.000000,1.000000
3348000,0.015994,-35.920636,8.000000,1.000000
3348500,0.012101,-38.343618,10.000000,1.000000
3349000,0.010764,-39.360394,8.000000,1.000000
3349500,0.012339,-38.174608,8.000000,1.000000
3350000,0.010752,-39.369836,8.000000,1.000000
3350500,0.010521,-39.558796,10.000000,1.000000
3351000,0.010415,-39.646499,6.000000,1.000000
3351500,0.014795,-36.597818,8.000000,1.000000
3352000,0.010702,-39.410481,8.000000,1.000000
3352500,0.014974,-36.493383,8.000000,1.000000
3353000,0.012032,-38.393004,10.000000,1.000000
3353500,0.015647,-36.111581,8.000000,1.000000
3354000,0.015104,-36.418017,8.000000,1.000000
3354500,0.017297,-35.240584,8.000000,1.000000
3355000,0.015508,-36.188743,6.000000,1.000000
3355500,0.010769,-39.356894,8.000000,1.000000
3356000,0.012731,-37.902933,8.000000,1.000000
3356500,0.011196,-39.018470,8.000000,1.000000
3357000,0.011469,-38.809290,6.000000,1.000000
3357500,0.008886,-41.025792,8.000000,1.000000
3358000,0.003660,-48.729266,6.000000,1.000000
3358500,0.008384,-41.530700,10.000000,1.000000
3359000,0.005328,-45.468720,6.000000,1.000000
3359500,0.008486,-41.425870,8.000000,1.000000
3360000,0.007023,-43.069085,10.000000,1.000000
3360500,0.003776,-48.459801,10.000000,1.000000
3361000,0.002661,-51.499960,8.000000,0.940002
3361500,0.001956,-54.174685,8.000000,0.833013
3362000,0.001511,-56.415388,10.000000,0.743384
3362500,0.001147,-58.809734,10.000000,0.647611
3363000,0.000401,-67.934241,4.000000,0.282630
3363500,0.000101,-79.945399,0.000000,0.000000
3364000,0.000056,-85.058892,0.000000,0.000000
3364500,0.000298,-70.515218,4.000000,0.179391
3365000,0.000373,-68.555980,4.000000,0.257761
3365500,0.000261,-71.655933,2.000000,0.133763
3366000,0.000146,-76.687765,4.000000,0.000000
3366500,0.003765,-48.485711,6.000000,1.000000
3367000,0.008704,-41.205783,10.000000,1.000000
3367500,0.010865,-39.279736,8.000000,1.000000
3368000,0.011155,-39.050761,8.000000,1.000000
3368500,0.008060,-41.872772,8.000000,1.000000
3369000,0.007754,-42.209422,8.000000,1.000000
3369500,0.016036,-35.898287,8.000000,1.000000
3370000,0.010891,-39.258527,8.000000,1.000000
3370500,0.011809,-38.555777,8.000000,1.000000
3371000,0.012493,-38.066881,10.000000,1.000000
3371500,0.010130,-39.887706,8.000000,1.000000
3372000,0.008542,-41.368750,8.000000,1.000000
3372500,0.012780,-37.869334,10.000000,1.000000
3373000,0.015582,-36.147643,6.000000,1.000000
3373500,0.006849,-43.287999,8.000000,1.000000
3374000,0.010815,-39.319310,8.000000,1.000000
3374500,0.004699,-46.560396,8.000000,1.000000
3375000,0.010751,-39.370889,8.000000,1.000000
3375500,0.007359,-42.663852,8.000000,1.000000
3376000,0.005120,-45.813928,10.000000,1.000000
3376500,0.007439,-42.569677,8.000000,1.000000
3377000,0.008162,-41.763945,10.000000,1.000000
3377500,0.008709,-41.200417,8.000000,1.000000
3378000,0.007194,-42.860059,10.000000,1.000000
3378500,0.008908,-41.004247,8.000000,1.000000
3379000,0.010949,-39.212184,10.000000,1.000000
3379500,0.007137,-42.930008,8.000000,1.000000
3380000,0.005785,-44.753460,8.000000,1.000000
3380500,0.008400,-41.514928,8.000000,1.000000
3381000,0.007871,-42.079029,8.000000,1.000000
3381500,0.009910,-40.078919,8.000000,1.000000
3382000,0.014872,-36.552485,6.000000,1.000000
3382500,0.012125,-38.326128,10.000000,1.000000
3383000,0.011425,-38.842765,8.000000,1.000000
3383500,0.011267,-38.963642,10.000000,1.000000
3384000,0.012999,-37.722016,6.000000,1.000000
3384500,0.008518,-41.392920,10.000000,1.000000
3385000,0.008865,-41.046179,8.000000,1.000000
3385500,0.012778,-37.870590,8.000000,1.000000
3386000,0.010500,-39.575825,8.000000,1.000000
3386500,0.007849,-42.104157,8.000000,1.000000
3387000,0.009812,-40.164770,8.000000,1.000000
3387500,0.013049,-37.688513,8.000000,1.000000
3388000,0.002940,-50.632800,6.000000,0.974688
3388500,0.000933,-60.599379,8.000000,0.576025
3389000,0.008597,-41.313462,8.000000,1.000000
3389500,0.007052,-43.033907,10.000000,1.000000
3390000,0.007152,-42.911372,8.000000,1.000000
3390500,0.007388,-42.628971,10.000000,1.000000
3391000,0.009813,-40.164175,8.000000,1.000000
3391500,0.005733,-44.831784,6.000000,1.000000
3392000,0.008070,-41.862807,10.000000,1.000000
3392500,0.008324,-41.593855,10.000000,1.000000
3393000,0.012386,-38.141078,8.000000,1.000000
3393500,0.010774,-39.352538,8.000000,1.000000
3394000,0.010328,-39.719667,10.000000,1.000000
3394500,0.011458,-38.817528,6.000000,1.000000
3395000,0.002869,-50.846856,6.000000,0.966126
3395500,0.008909,-41.003862,10.000000,1.000000
3396000,0.005793,-44.741378,8.000000,1.000000
3396500,0.017665,-35.057497,8.000000,1.000000
3397000,0.010940,-39.219344,8.000000,1.000000
3397500,0.006669,-43.518930,8.000000,1.000000
3398000,0.009767,-40.204500,10.000000,1.000000
3398500,0.006957,-43.151200,6.000000,1.000000
3399000,0.013085,-37.664572,10.000000,1.000000
3399500,0.010880,-39.267528,6.000000,1.000000
3400000,0.015648,-36.111094,10.000000,1.000000
3400500,0.004797,-46.380936,8.000000,1.000000
3401000,0.012788,-37.863755,8.000000,1.000000
3401500,0.002794,-51.074972,8.000000,0.957001
3402000,0.004985,-46.046546,6.000000,1.000000
3402500,0.006813,-43.332793,10.000000,1.000000
3403000,0.008952,-40.961252,8.000000,1.000000
3403500,0.008568,-41.342483,8.000000,1.000000
3404000,0.007637,-42.341808,8.000000,1.000000
3404500,0.006899,-43.224361,8.000000,1.000000
3405000,0.006470,-43.781932,8.000000,1.000000
3405500,0.010423,-39.640279,8.000000,1.000000
3406000,0.010816,-39.318489,10.000000,1.000000
3406500,0.009824,-40.154602,8.000000,1.000000
3407000,0.009493,-40.452085,8.000000,1.000000
3407500,0.012269,-38.224082,10.000000,1.000000
3408000,0.011579,-38.726343,8.000000,1.000000
3408500,0.006157,-44.212524,10.000000,1.000000
3409000,0.008967,-40.947423,8.000000,1.000000
3409500,0.008022,-41.914066,8.000000,1.000000
3410000,0.012285,-38.212743,10.000000,1.000000
3410500,0.008104,-41.826045,8.000000,1.000000
3411000,0.010643,-39.458963,6.000000,1.000000
3411500,0.006539,-43.689121,10.000000,1.000000
3412000,0.007649,-42.328450,6.000000,1.000000
3412500,0.010076,-39.933991,10.000000,1.000000
3413000,0.008516,-41.395546,8.000000,1.000000
3413500,0.011225,-38.996246,8.000000,1.000000
3414000,0.007754,-42.209147,10.000000,1.000000
3414500,0.012082,-38.357443,6.000000,1.000000
3415000,0.009315,-40.616207,8.000000,1.000000
3415500,0.006252,-44.080284,8.000000,1.000000
3416000,0.005575,-45.074658,10.000000,1.000000
3416500,0.011383,-38.874924,8.000000,1.000000
3417000,0.011421,-38.845631,10.000000,1.000000
3417500,0.007253,-42.789668,8.000000,1.000000
3418000,0.011571,-38.732311,10.000000,1.000000
3418500,0.006791,-43.361252,8.000000,1.000000
3419000,0.005341,-45.446749,8.000000,1.000000
3419500,0.009898,-40.088701,10.000000,1.000000
3420000,0.011245,-38.980686,6.000000,1.000000
3420500,0.011757,-38.593710,8.000000,1.000000
3421000,0.009526,-40.421886,6.000000,1.000000
3421500,0.008455,-41.458239,10.000000,1.000000
3422000,0.006700,-43.478345,10.000000,1.000000
3422500,0.007613,-42.368529,10.000000,1.000000
3423000,0.007066,-43.016047,8.000000,1.000000
3423500,0.009441,-40.499590,10.000000,1.000000
3424000,0.009545,-40.404867,8.000000,1.000000
3424500,0.010178,-39.846668,8.000000,1.000000
3425000,0.012251,-38.236462,10.000000,1.000000
3425500,0.008925,-40.987775,8.000000,1.000000
3426000,0.011527,-38.765891,8.000000,1.000000
3426500,0.007674,-42.299936,10.000000,1.000000
3427000,0.012530,-38.041048,8.000000,1.000000
3427500,0.009652,-40.307940,8.000000,1.000000
3428000,0.008808,-41.102354,8.000000,1.000000
3428500,0.011086,-39.104892,8.000000,1.000000
3429000,0.010820,-39.315246,10.000000,1.000000
3429500,0.008451,-41.461416,8.000000,1.000000
3430000,0.006133,-44.246241,8.000000,1.000000
3430500,0.008140,-41.788040,6.000000,1.000000
3431000,0.008010,-41.926983,10.000000,1.000000
3431500,0.011744,-38.603462,8.000000,1.000000
3432000,0.009244,-40.683002,10.000000,1.000000
3432500,0.010735,-39.383771,6.000000,1.000000
3433000,0.008576,-41.334103,8.000000,1.000000
3433500,0.008298,-41.620878,8.000000,1.000000
3434000,0.010936,-39.222435,8.000000,1.000000
3434500,0.009995,-40.004453,8.000000,1.000000
3435000,0.009706,-40.258863,8.000000,1.000000
3435500,0.007603,-42.380316,8.000000,1.000000
3436000,0.012096,-38.346866,10.000000,1.000000
3436500,0.008796,-41.114475,6.000000,1.000000
3437000,0.005544,-45.123549,8.000000,1.000000
3437500,0.002442,-52.245702,6.000000,0.910172
3438000,0.002153,-53.338082,8.000000,0.866477
3438500,0.011247,-38.978962,8.000000,1.000000
3439000,0.012389,-38.139282,8.000000,1.000000
3439500,0.014711,-36.647371,8.000000,1.000000
3440000,0.012312,-38.193235,10.000000,1.000000
3440500,0.007995,-41.943945,8.000000,1.000000
3441000,0.008654,-41.256119,6.000000,1.000000
3441500,0.012499,-38.062683,8.000000,1.000000
3442000,0.015143,-36.395583,8.000000,1.000000
3442500,0.014966,-36.498025,10.000000,1.000000
3443000,0.014113,-37.007574,8.000000,1.000000
3443500,0.011996,-38.418963,8.000000,1.000000
3444000,0.013249,-37.556478,6.000000,1.000000
3444500,0.013615,-37.319578,6.000000,1.000000
3445000,0.008455,-41.458194,8.000000,1.000000
3445500,0.006659,-43.531419,6.000000,1.000000
3446000,0.012448,-38.097873,8.000000,1.000000
3446500,0.009373,-40.561989,6.000000,1.000000
3447000,0.008186,-41.738103,10.000000,1.000000
3447500,0.011211,-39.006848,8.000000,1.000000
3448000,0.008246,-41.675204,8.000000,1.000000
3448500,0.012487,-38.071179,10.000000,1.000000
3449000,0.008620,-41.289630,8.000000,1.000000
3449500,0.012781,-37.868670,8.000000,1.000000
3450000,0.007780,-42.179985,8.000000,1.000000
3450500,0.011858,-38.519483,8.000000,1.000000
3451000,0.009093,-40.825413,10.000000,1.000000
3451500,0.008066,-41.866660,8.000000,1.000000
3452000,0.010575,-39.514189,6.000000,1.000000
3452500,0.003244,-49.778900,8.000000,1.000000
3453000,0.013084,-37.665380,10.000000,1.000000
3453500,0.007811,-42.145672,8.000000,1.000000
3454000,0.013381,-37.470348,10.000000,1.000000
3454500,0.010799,-39.332594,8.000000,1.000000
3455000,0.005375,-45.391658,6.000000,1.000000
3455500,0.008815,-41.095301,10.000000,1.000000
3456000,0.010090,-39.922099,6.000000,1.000000
3456500,0.012107,-38.339001,10.000000,1.000000
3457000,0.007617,-42.364196,8.000000,1.000000
3457500,0.010894,-39.256008,8.000000,1.000000
3458000,0.008462,-41.450935,8.000000,1.000000
3458500,0.005501,-45.191034,8.000000,1.000000
3459000,0.006702,-43.475601,10.000000,1.000000
3459500,0.006742,-43.423808,6.000000,1.000000
3460000,0.006580,-43.635868,10.000000,1.000000
3460500,0.006551,-43.674208,8.000000,1.000000
3461000,0.009162,-40.760325,8.000000,1.000000
3461500,0.008441,-41.471634,8.000000,1.000000
3462000,0.008052,-41.881611,8.000000,1.000000
3462500,0.005779,-44.763361,6.000000,1.000000
3463000,0.013361,-37.483143,8.000000,1.000000
3463500,0.009400,-40.537242,8.000000,1.000000
3464000,0.011773,-38.582207,8.000000,1.000000
3464500,0.011881,-38.503091,10.000000,1.000000
3465000,0.009621,-40.335862,8.000000,1.000000
3465500,0.008478,-41.433668,10.000000,1.000000
3466000,0.008070,-41.862946,8.000000,1.000000
3466500,0.012637,-37.967378,10.000000,1.000000
3467000,0.005579,-45.069108,8.000000,1.000000
3467500,0.014275,-36.908476,8.000000,1.000000
3468000,0.010217,-39.813611,10.000000,1.000000
3468500,0.003522,-49.064468,6.000000,1.000000
3469000,0.004398,-47.135460,10.000000,1.000000
3469500,0.003761,-48.493098,6.000000,1.000000
3470000,0.001837,-54.719784,8.000000,0.811209
3470500,0.000358,-68.927032,6.000000,0.242919
3471000,0.003989,-47.982287,10.000000,1.000000
3471500,0.002650,-51.536554,8.000000,0.938538
3472000,0.001736,-55.207228,8.000000,0.791711
3472500,0.001139,-58.870456,10.000000,0.645182
3473000,0.002725,-51.293471,8.000000,0.948261
3473500,0.007421,-42.590769,8.000000,1.000000
3474000,0.007433,-42.577152,8.000000,1.000000
3474500,0.006946,-43.165502,8.000000,1.000000
3475000,0.004916,-46.168540,8.000000,1.000000
3475500,0.000883,-61.078115,8.000000,0.556875
3476000,0.000212,-73.493477,2.000000,0.060261
3476500,0.000055,-85.143336,0.000000,0.000000
3477000,0.000049,-86.192675,0.000000,0.000000
3477500,0.000102,-79.831454,0.000000,0.000000
3478000,0.002954,-50.590404,8.000000,0.976384
3478500,0.002609,-51.669237,10.000000,0.933231
3479000,0.001818,-54.807049,8.000000,0.807718
3479500,0.001298,-57.732806,6.000000,0.690688
3480000,0.000977,-60.202349,10.000000,0.591906
3480500,0.000766,-62.316399,8.000000,0.507344
3481000,0.000464,-66.676710,8.000000,0.332932
3481500,0.004512,-46.913123,8.000000,1.000000
3482000,0.007089,-42.988241,8.000000,1.000000
3482500,0.003553,-48.986955,6.000000,1.000000
3483000,0.002070,-53.682203,8.000000,0.852712
3483500,0.001575,-56.054538,8.000000,0.757818
3484000,0.001060,-59.496459,8.000000,0.620142
3484500,0.000634,-63.954280,6.000000,0.441829
3485000,0.004507,-46.922182,10.000000,1.000000
3485500,0.012227,-38.253407,6.000000,1.000000
3486000,0.006575,-43.642311,10.000000,1.000000
3486500,0.007994,-41.944695,8.000000,1.000000
3487000,0.012595,-37.996348,8.000000,1.000000
3487500,0.007442,-42.565823,8.000000,1.000000
3488000,0.004107,-47.729099,8.000000,1.000000
3488500,0.006774,-43.383459,6.000000,1.000000
3489000,0.010535,-39.547534,8.000000,1.000000
3489500,0.007800,-42.158595,10.000000,1.000000
3490000,0.007683,-42.289348,8.000000,1.000000
3490500,0.010299,-39.744273,6.000000,1.000000
3491000,0.001648,-55.659804,6.000000,0.773608
3491500,0.001641,-55.700377,8.000000,0.771985
3492000,0.002183,-53.217495,8.000000,0.871300
3492500,0.011521,-38.770017,8.000000,1.000000
3493000,0.005859,-44.643358,8.000000,1.000000
3493500,0.012090,-38.351354,8.000000,1.000000
3494000,0.007413,-42.600223,10.000000,1.000000
3494500,0.005495,-45.200395,6.000000,1.000000
3495000,0.009820,-40.157766,10.000000,1.000000
3495500,0.011776,-38.579682,6.000000,1.000000
3496000,0.012600,-37.992555,8.000000,1.000000
3496500,0.008059,-41.874880,8.000000,1.000000
3497000,0.010904,-39.248591,8.000000,1.000000
3497500,0.008293,-41.625730,8.000000,1.000000
3498000,0.011494,-38.790375,10.000000,1.000000
3498500,0.009156,-40.766208,10.000000,1.000000
3499000,0.010207,-39.821681,8.000000,1.000000
3499500,0.009233,-40.692908,10.000000,1.000000
3500000,0.010008,-39.993450,8.000000,1.000000
3500500,0.010330,-39.717835,10.000000,1.000000
3501000,0.010131,-39.887380,6.000000,1.000000
3501500,0.007274,-42.764534,8.000000,1.000000
3502000,0.006259,-44.069427,10.000000,1.000000
3502500,0.010282,-39.758316,6.000000,1.000000
3503000,0.009079,-40.839287,10.000000,1.000000
3503500,0.010521,-39.558685,8.000000,1.000000
3504000,0.008530,-41.380774,8.000000,1.000000
3504500,0.010457,-39.611901,8.000000,1.000000
3505000,0.009009,-40.906168,10.000000,1.000000
3505500,0.007161,-42.900019,8.000000,1.000000
3506000,0.005123,-45.809259,8.000000,1.000000
3506500,0.006059,-44.351777,8.000000,1.000000
3507000,0.012575,-38.009794,10.000000,1.000000
3507500,0.007585,-42.400994,10.000000,1.000000
3508000,0.012046,-38.383021,6.000000,1.000000
3508500,0.008612,-41.297931,8.000000,1.000000
3509000,0.009316,-40.615014,8.000000,1.000000
3509500,0.011372,-38.883387,8.000000,1.000000
3510000,0.008976,-40.938205,8.000000,1.000000
3510500,0.011596,-38.713626,8.000000,1.000000
3511000,0.006965,-43.141035,10.000000,1.000000
3511500,0.008148,-41.778520,8.000000,1.000000
3512000,0.010891,-39.258779,8.000000,1.000000
3512500,0.008214,-41.708506,6.000000,1.000000
3513000,0.005224,-45.639487,6.000000,1.000000
3513500,0.007575,-42.412261,10.000000,1.000000
3514000,0.012582,-38.005225,8.000000,1.000000
3514500,0.009117,-40.803119,8.000000,1.000000
3515000,0.012272,-38.221755,10.000000,1.000000
3515500,0.011012,-39.162842,8.000000,1.000000
3516000,0.012937,-37.763215,8.000000,1.000000
3516500,0.011396,-38.864874,10.000000,1.000000
3517000,0.011981,-38.430495,8.000000,1.000000
3517500,0.013883,-37.150217,10.000000,1.000000
3518000,0.009483,-40.461495,10.000000,1.000000
3518500,0.013691,-37.271546,8.000000,1.000000
3519000,0.011060,-39.125165,6.000000,1.000000
3519500,0.012639,-37.965537,8.000000,1.000000
3520000,0.013064,-37.678555,10.000000,1.000000
3520500,0.013454,-37.423252,8.000000,1.000000
3521000,0.010773,-39.352941,8.000000,1.000000
3521500,0.012494,-38.065919,8.000000,1.000000
3522000,0.011952,-38.451102,8.000000,1.000000
3522500,0.013465,-37.415972,8.000000,1.000000
3523000,0.014705,-36.650514,6.000000,1.000000
3523500,0.010595,-39.498225,8.000000,1.000000
3524000,0.017030,-35.375778,8.000000,1.000000
3524500,0.012500,-38.061504,8.000000,1.000000
3525000,0.013724,-37.250677,10.000000,1.000000
3525500,0.012452,-38.094988,8.000000,1.000000
3526000,0.014432,-36.813285,8.000000,1.000000
3526500,0.013925,-37.124214,8.000000,1.000000
3527000,0.011896,-38.492242,8.000000,1.000000
3527500,0.015496,-36.195695,8.000000,1.000000
3528000,0.007772,-42.189790,10.000000,1.000000
3528500,0.011902,-38.487796,8.000000,1.000000
3529000,0.007794,-42.164608,8.000000,1.000000
3529500,0.014608,-36.708034,8.000000,1.000000
3530000,0.008645,-41.265131,6.000000,1.000000
3530500,0.010087,-39.925155,10.000000,1.000000
3531000,0.013886,-37.148391,8.000000,1.000000
3531500,0.011968,-38.439428,6.000000,1.000000
3532000,0.012514,-38.051985,10.000000,1.000000
3532500,0.010311,-39.733907,8.000000,1.000000
3533000,0.010864,-39.279870,8.000000,1.000000
3533500,0.010433,-39.631753,10.000000,1.000000
3534000,0.008877,-41.034695,8.000000,1.000000
3534500,0.008171,-41.754586,6.000000,1.000000
3535000,0.009770,-40.202087,10.000000,1.000000
3535500,0.010113,-39.902662,8.000000,1.000000
3536000,0.008688,-41.221561,8.000000,1.000000
3536500,0.013376,-37.473690,8.000000,1.000000
3537000,0.013437,-37.434137,10.000000,1.000000
3537500,0.010960,-39.203933,6.000000,1.000000
3538000,0.013962,-37.101066,8.000000,1.000000
3538500,0.012301,-38.201398,8.000000,1.000000
3539000,0.016638,-35.578021,8.000000,1.000000
3539500,0.013538,-37.369017,6.000000,1.000000
3540000,0.013494,-37.397018,8.000000,1.000000
3540500,0.013012,-37.712961,8.000000,1.000000
3541000,0.011945,-38.456424,8.000000,1.000000
3541500,0.007205,-42.847713,10.000000,1.000000
3542000,0.009741,-40.228274,6.000000,1.000000
3542500,0.009721,-40.246021,8.000000,1.000000
3543000,0.014209,-36.948831,8.000000,1.000000
3543500,0.009521,-40.426448,10.000000,1.000000
3544000,0.006314,-43.993806,8.000000,1.000000
3544500,0.004686,-46.584521,10.000000,1.000000
3545000,0.003351,-49.496725,10.000000,1.000000
3545500,0.002558,-51.842895,8.000000,0.926284
3546000,0.002950,-50.604736,10.000000,0.975811
3546500,0.008902,-41.010335,8.000000,1.000000
3547000,0.004800,-46.374620,8.000000,1.000000
3547500,0.002733,-51.266256,8.000000,0.949350
3548000,0.001879,-54.521843,8.000000,0.819126
3548500,0.001452,-56.761413,10.000000,0.729543
3549000,0.001090,-59.252383,8.000000,0.629905
3549500,0.000547,-65.242399,8.000000,0.390304
3550000,0.009073,-40.845021,8.000000,1.000000
3550500,0.006523,-43.710790,10.000000,1.000000
3551000,0.003480,-49.169352,8.000000,1.000000
3551500,0.001833,-54.737565,8.000000,0.810497
3552000,0.001109,-59.098548,8.000000,0.636058
3552500,0.000790,-62.046171,10.000000,0.518153
3553000,0.000554,-65.130771,10.000000,0.394769
3553500,0.005805,-44.723424,8.000000,1.000000
3554000,0.006426,-43.840605,8.000000,1.000000
3554500,0.002087,-53.608216,6.000000,0.855671
3555000,0.000177,-75.056701,4.000000,0.000000
3555500,0.000081,-81.868306,0.000000,0.000000
3556000,0.000060,-84.450020,0.000000,0.000000
3556500,0.000054,-85.294788,0.000000,0.000000
3557000,0.000105,-79.611806,0.000000,0.000000
3557500,0.000129,-77.761281,0.000000,0.000000
3558000,0.000098,-80.198941,0.000000,0.000000
3558500,0.000112,-79.021610,2.000000,0.000000
3559000,0.000103,-79.704081,2.000000,0.000000
3559500,0.003268,-49.713896,8.000000,1.000000
3560000,0.007640,-42.338519,10.000000,1.000000
3560500,0.013850,-37.171285,8.000000,1.000000
3561000,0.014088,-37.022851,8.000000,1.000000
3561500,0.016816,-35.485605,8.000000,1.000000
3562000,0.015953,-35.943416,6.000000,1.000000
3562500,0.015668,-36.099945,10.000000,1.000000
3563000,0.005621,-45.004308,6.000000,1.000000
3563500,0.001027,-59.765228,10.000000,0.609391
3564000,0.000193,-74.280222,4.000000,0.028791
3564500,0.000073,-82.689665,0.000000,0.000000
3565000,0.000035,-89.008985,0.000000,0.000000
3565500,0.000031,-90.261292,0.000000,0.000000
3566000,0.000025,-92.132204,0.000000,0.000000
3566500,0.000019,-94.548680,0.000000,0.000000
3567000,0.000019,-94.603872,0.000000,0.000000
3567500,0.000017,-95.208956,0.000000,0.000000
3568000,0.000019,-94.543063,0.000000,0.000000
3568500,0.000018,-94.751438,0.000000,0.000000
3569000,0.000018,-94.831211,0.000000,0.000000
3569500,0.000018,-94.733036,0.000000,0.000000
3570000,0.000018,-94.777295,0.000000,0.000000
3570500,0.000019,-94.555385,0.000000,0.000000
3571000,0.000018,-95.029029,0.000000,0.000000
3571500,0.000018,-94.794925,0.000000,0.000000
3572000,0.000018,-94.828722,0.000000,0.000000
3572500,0.000018,-94.935012,0.000000,0.000000
3573000,0.000018,-94.734074,0.000000,0.000000
3573500,0.000018,-94.821878,0.000000,0.000000
3574000,0.000018,-94.739111,0.000000,0.000000
3574500,0.000018,-94.815969,0.000000,0.000000
3575000,0.000019,-94.625693,0.000000,0.000000
3575500,0.000018,-94.791701,0.000000,0.000000
3576000,0.000018,-94.665199,0.000000,0.000000
3576500,0.000018,-94.940302,0.000000,0.000000
3577000,0.000018,-94.854158,0.000000,0.000000
3577500,0.000018,-94.791409,0.000000,0.000000
3578000,0.000017,-95.220923,0.000000,0.000000
3578500,0.000018,-95.066185,0.000000,0.000000
3579000,0.000018,-94.857330,0.000000,0.000000
3579500,0.000018,-94.790018,0.000000,0.000000
3580000,0.000018,-94.889898,0.000000,0.000000
3580500,0.000018,-94.697213,0.000000,0.000000
3581000,0.000018,-94.713988,0.000000,0.000000
3581500,0.000018,-94.717001,0.000000,0.000000
3582000,0.000018,-94.875597,0.000000,0.000000
3582500,0.000018,-94.832895,0.000000,0.000000
3583000,0.000018,-94.782426,0.000000,0.000000
3583500,0.000018,-95.059419,0.000000,0.000000
3584000,0.000018,-95.038672,0.000000,0.000000
3584500,0.000018,-94.846417,0.000000,0.000000
3585000,0.000018,-94.766786,0.000000,0.000000
3585500,0.000017,-95.198129,0.000000,0.000000
3586000,0.000018,-94.805269,0.000000,0.000000
3586500,0.000018,-94.812850,0.000000,0.000000
3587000,0.000018,-94.721363,0.000000,0.000000
3587500,0.000019,-94.631432,0.000000,0.000000
3588000,0.000018,-94.802521,0.000000,0.000000
3588500,0.000018,-94.674956,0.000000,0.000000
3589000,0.000017,-95.171252,0.000000,0.000000
3589500,0.000018,-94.774806,0.000000,0.000000
3590000,0.000018,-94.961599,0.000000,0.000000
3590500,0.000018,-94.831920,0.000000,0.000000
3591000,0.000018,-94.891936,0.000000,0.000000
3591500,0.000018,-94.881747,0.000000,0.000000
3592000,0.000018,-94.768778,0.000000,0.000000
3592500,0.000018,-94.831641,0.000000,0.000000
3593000,0.000019,-94.314433,0.000000,0.000000
3593500,0.000018,-94.817836,0.000000,0.000000
3594000,0.000018,-94.840119,0.000000,0.000000
3594500,0.000017,-95.331869,0.000000,0.000000
3595000,0.000018,-94.876286,0.000000,0.000000
3595500,0.000018,-94.916216,0.000000,0.000000
3596000,0.000018,-94.785487,0.000000,0.000000
3596500,0.000018,-94.932243,0.000000,0.000000
3597000,0.000018,-94.843678,0.000000,0.000000
3597500,0.000018,-94.760107,0.000000,0.000000
3598000,0.000018,-94.977816,0.000000,0.000000
3598500,0.000018,-94.884604,0.000000,0.000000
3599000,0.000018,-94.938963,0.000000,0.000000
3599500,0.000018,-94.965620,0.000000,0.000000
3600000,0.000017,-95.321382,0.000000,0.000000
3600500,0.000018,-94.955028,0.000000,0.000000
3601000,0.000018,-94.953386,0.000000,0.000000
3601500,0.000019,-94.454578,0.000000,0.000000
3602000,0.000022,-92.970927,0.000000,0.000000
3602500,0.000019,-94.600022,0.000000,0.000000
3603000,0.000019,-94.505434,0.000000,0.000000
3603500,0.000018,-94.835343,0.000000,0.000000
3604000,0.000018,-94.838280,0.000000,0.000000
3604500,0.000018,-94.999576,0.000000,0.000000
3605000,0.000017,-95.338469,0.000000,0.000000
3605500,0.000017,-95.259852,0.000000,0.000000
3606000,0.000018,-94.824405,0.000000,0.000000
3606500,0.000018,-94.810519,0.000000,0.000000
3607000,0.000018,-94.887973,0.000000,0.000000
3607500,0.000018,-94.937704,0.000000,0.000000
3608000,0.000018,-95.006508,0.000000,0.000000
3608500,0.000018,-95.031080,0.000000,0.000000
3609000,0.000018,-94.966757,0.000000,0.000000
3609500,0.000018,-94.985076,0.000000,0.000000
3610000,0.000018,-94.950237,0.000000,0.000000
3610500,0.000018,-94.931805,0.000000,0.000000
3611000,0.000017,-95.141165,0.000000,0.000000
3611500,0.000018,-94.895013,0.000000,0.000000
3612000,0.000018,-94.688959,0.000000,0.000000
3612500,0.000018,-94.940444,0.000000,0.000000
3613000,0.000018,-95.014501,0.000000,0.000000
3613500,0.000018,-95.009695,0.000000,0.000000
3614000,0.000018,-94.827244,0.000000,0.000000
3614500,0.000018,-95.043520,0.000000,0.000000
3615000,0.000018,-94.951770,0.000000,0.000000
3615500,0.000018,-94.680671,0.000000,0.000000
3616000,0.000017,-95.380727,0.000000,0.000000
3616500,0.000018,-95.034757,0.000000,0.000000
3617000,0.000018,-94.924733,0.000000,0.000000
3617500,0.000018,-94.759042,0.000000,0.000000
3618000,0.000018,-94.982893,0.000000,0.000000
3618500,0.000019,-94.572578,0.000000,0.000000
3619000,0.000018,-94.986335,0.000000,0.000000
3619500,0.000018,-94.997569,0.000000,0.000000
3620000,0.000018,-94.991880,0.000000,0.000000
3620500,0.000018,-95.042359,0.000000,0.000000
3621000,0.000018,-95.010051,0.000000,0.000000
3621500,0.000017,-95.336576,0.000000,0.000000
3622000,0.000017,-95.307519,0.000000,0.000000
3622500,0.000018,-94.923786,0.000000,0.000000
3623000,0.000018,-94.813814,0.000000,0.000000
3623500,0.000018,-94.931573,0.000000,0.000000
3624000,0.000018,-94.977670,0.000000,0.000000
3624500,0.000018,-94.991932,0.000000,0.000000
3625000,0.000018,-95.021494,0.000000,0.000000
3625500,0.000018,-95.028528,0.000000,0.000000
3626000,0.000018,-95.078192,0.000000,0.000000
3626500,0.000018,-94.983869,0.000000,0.000000
3627000,0.000017,-95.367122,0.000000,0.000000
3627500,0.000018,-94.851088,0.000000,0.000000
3628000,0.000018,-95.012916,0.000000,0.000000
3628500,0.000018,-95.062668,0.000000,0.000000
3629000,0.000018,-95.028328,0.000000,0.000000
3629500,0.000018,-95.087676,0.000000,0.000000
3630000,0.000018,-94.977528,0.000000,0.000000
3630500,0.000018,-95.069232,0.000000,0.000000
3631000,0.000018,-94.996404,0.000000,0.000000
3631500,0.000018,-94.932601,0.000000,0.000000
3632000,0.000018,-94.799741,0.000000,0.000000
3632500,0.000017,-95.315099,0.000000,0.000000
3633000,0.000018,-94.811059,0.000000,0.000000
3633500,0.000018,-95.083059,0.000000,0.000000
3634000,0.000018,-95.004601,0.000000,0.000000
3634500,0.000018,-95.074429,0.000000,0.000000
3635000,0.000018,-95.080786,0.000000,0.000000
3635500,0.000018,-95.002374,0.000000,0.000000
3636000,0.000018,-95.056226,0.000000,0.000000
3636500,0.000018,-94.933395,0.000000,0.000000
3637000,0.000018,-94.931209,0.000000,0.000000
3637500,0.000018,-94.980402,0.000000,0.000000
3638000,0.000016,-95.877042,0.000000,0.000000
3638500,0.000018,-94.976189,0.000000,0.000000
3639000,0.000018,-95.091108,0.000000,0.000000
3639500,0.000018,-94.679418,0.000000,0.000000
3640000,0.000018,-95.080619,0.000000,0.000000
3640500,0.000018,-95.031582,0.000000,0.000000
3641000,0.000018,-94.834871,0.000000,0.000000
3641500,0.000018,-95.032230,0.000000,0.000000
3642000,0.000018,-95.022841,0.000000,0.000000
3642500,0.000018,-95.115196,0.000000,0.000000
3643000,0.000018,-94.999822,0.000000,0.000000
3643500,0.000017,-95.155784,0.000000,0.000000
3644000,0.000018,-95.026442,0.000000,0.000000
3644500,0.000018,-95.059326,0.000000,0.000000
3645000,0.000017,-95.217383,0.000000,0.000000
3645500,0.000018,-94.869970,0.000000,0.000000
3646000,0.000018,-94.759804,0.000000,0.000000
3646500,0.000018,-95.058117,0.000000,0.000000
3647000,0.000018,-95.048285,0.000000,0.000000
3647500,0.000018,-95.035907,0.000000,0.000000
3648000,0.000018,-95.098251,0.000000,0.000000
3648500,0.000018,-95.053761,0.000000,0.000000
3649000,0.000017,-95.355590,0.000000,0.000000
3649500,0.000018,-94.904540,0.000000,0.000000
3650000,0.000018,-94.838326,0.000000,0.000000
3650500,0.000018,-94.979453,0.000000,0.000000
3651000,0.000018,-94.996645,0.000000,0.000000
3651500,0.000017,-95.446080,0.000000,0.000000
3652000,0.000018,-94.733091,0.000000,0.000000
3652500,0.000018,-95.017953,0.000000,0.000000
3653000,0.000018,-95.063205,0.000000,0.000000
3653500,0.000018,-95.121233,0.000000,0.000000
3654000,0.000018,-95.070612,0.000000,0.000000
3654500,0.000017,-95.473492,0.000000,0.000000
3655000,0.000018,-95.028818,0.000000,0.000000
3655500,0.000018,-95.023394,0.000000,0.000000
3656000,0.000018,-95.080432,0.000000,0.000000
3656500,0.000018,-94.811045,0.000000,0.000000
3657000,0.000018,-94.954008,0.000000,0.000000
3657500,0.000018,-94.810186,0.000000,0.000000
3658000,0.000018,-94.973407,0.000000,0.000000
3658500,0.000018,-95.057654,0.000000,0.000000
3659000,0.000018,-95.090254,0.000000,0.000000
3659500,0.000018,-95.074909,0.000000,0.000000
3660000,0.000017,-95.500316,0.000000,0.000000
3660500,0.000018,-95.135461,0.000000,0.000000
3661000,0.000018,-95.025243,0.000000,0.000000
3661500,0.000018,-95.037557,0.000000,0.000000
3662000,0.000018,-94.826179,0.000000,0.000000
3662500,0.000018,-95.049784,0.000000,0.000000
3663000,0.000018,-95.027983,0.000000,0.000000
3663500,0.000018,-95.095506,0.000000,0.000000
3664000,0.000018,-95.064329,0.000000,0.000000
3664500,0.000017,-95.461522,0.000000,0.000000
3665000,0.000018,-94.886705,0.000000,0.000000
3665500,0.000017,-95.344325,0.000000,0.000000
3666000,0.000018,-94.964319,0.000000,0.000000
3666500,0.000018,-94.963150,0.000000,0.000000
3667000,0.000018,-95.107871,0.000000,0.000000
3667500,0.000018,-95.076745,0.000000,0.000000
3668000,0.000017,-95.158768,0.000000,0.000000
3668500,0.000018,-95.098189,0.000000,0.000000
3669000,0.000018,-95.074569,0.000000,0.000000
3669500,0.000018,-95.074302,0.000000,0.000000
3670000,0.000018,-94.914622,0.000000,0.000000
3670500,0.000017,-95.239805,0.000000,0.000000
3671000,0.000017,-95.149528,0.000000,0.000000
3671500,0.000018,-95.090296,0.000000,0.000000
3672000,0.000018,-94.966964,0.000000,0.000000
3672500,0.000018,-95.128174,0.000000,0.000000
3673000,0.000018,-95.049055,0.000000,0.000000
3673500,0.000018,-95.069981,0.000000,0.000000
3674000,0.000018,-94.997419,0.000000,0.000000
3674500,0.000018,-94.924789,0.000000,0.000000
3675000,0.000018,-95.045938,0.000000,0.000000
3675500,0.000018,-95.025917,0.000000,0.000000
3676000,0.000017,-95.441006,0.000000,0.000000
3676500,0.000018,-95.054796,0.000000,0.000000
3677000,0.000018,-95.115215,0.000000,0.000000
3677500,0.000018,-95.094551,0.000000,0.000000
3678000,0.000018,-95.001702,0.000000,0.000000
3678500,0.000018,-94.924851,0.000000,0.000000
3679000,0.000075,-82.491443,2.000000,0.000000
3679500,0.000324,-69.790050,8.000000,0.208398
3680000,0.000052,-85.707224,10.000000,0.000000
3680500,0.000046,-86.750056,10.000000,0.000000
3681000,0.000045,-87.004052,10.000000,0.000000
3681500,0.000042,-87.633192,8.000000,0.000000
3682000,0.000044,-87.215136,10.000000,0.000000
3682500,0.000052,-85.679701,10.000000,0.000000
3683000,0.001334,-57.495041,8.000000,0.700198
